dataset,horizon,model,seed,mse,mae,run_id,name,model_type
ETTh1,96,Adaptive PhaseGate,2024,0.37486,0.391866,parallel_run_20260509_134027,kbs_adaptive16_etth1_pl96_seed2024,frwkv_crossbranchperiodicpositiongate_adaptive
ETTh1,96,Adaptive PhaseGate,2025,0.374222,0.391275,parallel_run_20260509_134027,kbs_adaptive16_etth1_pl96_seed2025,frwkv_crossbranchperiodicpositiongate_adaptive
ETTh1,96,Adaptive PhaseGate,2026,0.375217,0.391527,parallel_run_20260509_134027,kbs_adaptive16_etth1_pl96_seed2026,frwkv_crossbranchperiodicpositiongate_adaptive
ETTh1,96,Adaptive PhaseGate,2027,0.374057,0.390299,parallel_run_20260509_134027,kbs_adaptive16_etth1_pl96_seed2027,frwkv_crossbranchperiodicpositiongate_adaptive
ETTh1,96,Adaptive PhaseGate,2028,0.373493,0.390549,parallel_run_20260509_134027,kbs_adaptive16_etth1_pl96_seed2028,frwkv_crossbranchperiodicpositiongate_adaptive
ETTh1,96,Adaptive PhaseGate,2029,0.371259,0.39036,parallel_run_20260509_134027,kbs_adaptive16_etth1_pl96_seed2029,frwkv_crossbranchperiodicpositiongate_adaptive
ETTh1,96,Adaptive PhaseGate,2030,0.373355,0.390522,parallel_run_20260509_134027,kbs_adaptive16_etth1_pl96_seed2030,frwkv_crossbranchperiodicpositiongate_adaptive
ETTh1,96,Adaptive PhaseGate,2031,0.375154,0.391886,parallel_run_20260509_134027,kbs_adaptive16_etth1_pl96_seed2031,frwkv_crossbranchperiodicpositiongate_adaptive
ETTh1,96,Adaptive PhaseGate,2032,0.377478,0.392197,parallel_run_20260509_134027,kbs_adaptive16_etth1_pl96_seed2032,frwkv_crossbranchperiodicpositiongate_adaptive
ETTh1,96,Adaptive PhaseGate,2033,0.375017,0.390531,parallel_run_20260509_134027,kbs_adaptive16_etth1_pl96_seed2033,frwkv_crossbranchperiodicpositiongate_adaptive
ETTh1,96,Adaptive PhaseGate,2034,0.371448,0.389935,parallel_run_20260509_134027,kbs_adaptive16_etth1_pl96_seed2034,frwkv_crossbranchperiodicpositiongate_adaptive
ETTh1,96,Adaptive PhaseGate,2035,0.372888,0.390364,parallel_run_20260509_134027,kbs_adaptive16_etth1_pl96_seed2035,frwkv_crossbranchperiodicpositiongate_adaptive
ETTh1,96,Adaptive PhaseGate,2036,0.372375,0.389455,parallel_run_20260509_134027,kbs_adaptive16_etth1_pl96_seed2036,frwkv_crossbranchperiodicpositiongate_adaptive
ETTh1,96,Adaptive PhaseGate,2037,0.374836,0.390838,parallel_run_20260509_134027,kbs_adaptive16_etth1_pl96_seed2037,frwkv_crossbranchperiodicpositiongate_adaptive
ETTh1,96,Adaptive PhaseGate,2038,0.376438,0.392694,parallel_run_20260509_134027,kbs_adaptive16_etth1_pl96_seed2038,frwkv_crossbranchperiodicpositiongate_adaptive
ETTh1,96,Adaptive PhaseGate,2039,0.374089,0.390555,parallel_run_20260509_134027,kbs_adaptive16_etth1_pl96_seed2039,frwkv_crossbranchperiodicpositiongate_adaptive
ETTh1,96,CrossBranchGate,2024,0.374106,0.390674,parallel_run_20260503_131828,kbs_fullabl16_crossbranchgate_etth1_pl96_seed2024,frwkv_crossbranchgate
ETTh1,96,CrossBranchGate,2025,0.374304,0.390493,parallel_run_20260503_131828,kbs_fullabl16_crossbranchgate_etth1_pl96_seed2025,frwkv_crossbranchgate
ETTh1,96,CrossBranchGate,2026,0.374194,0.390011,parallel_run_20260503_131828,kbs_fullabl16_crossbranchgate_etth1_pl96_seed2026,frwkv_crossbranchgate
ETTh1,96,CrossBranchGate,2027,0.371568,0.389845,parallel_run_20260503_131828,kbs_fullabl16_crossbranchgate_etth1_pl96_seed2027,frwkv_crossbranchgate
ETTh1,96,CrossBranchGate,2028,0.378813,0.3937,parallel_run_20260503_131828,kbs_fullabl16_crossbranchgate_etth1_pl96_seed2028,frwkv_crossbranchgate
ETTh1,96,CrossBranchGate,2029,0.375551,0.391898,parallel_run_20260503_131828,kbs_fullabl16_crossbranchgate_etth1_pl96_seed2029,frwkv_crossbranchgate
ETTh1,96,CrossBranchGate,2030,0.371084,0.388689,parallel_run_20260503_131828,kbs_fullabl16_crossbranchgate_etth1_pl96_seed2030,frwkv_crossbranchgate
ETTh1,96,CrossBranchGate,2031,0.375687,0.39129,parallel_run_20260503_131828,kbs_fullabl16_crossbranchgate_etth1_pl96_seed2031,frwkv_crossbranchgate
ETTh1,96,CrossBranchGate,2032,0.373521,0.391163,parallel_run_20260503_131828,kbs_fullabl16_crossbranchgate_etth1_pl96_seed2032,frwkv_crossbranchgate
ETTh1,96,CrossBranchGate,2033,0.373396,0.390231,parallel_run_20260503_131828,kbs_fullabl16_crossbranchgate_etth1_pl96_seed2033,frwkv_crossbranchgate
ETTh1,96,CrossBranchGate,2034,0.37562,0.392331,parallel_run_20260503_131828,kbs_fullabl16_crossbranchgate_etth1_pl96_seed2034,frwkv_crossbranchgate
ETTh1,96,CrossBranchGate,2035,0.374054,0.389963,parallel_run_20260503_131828,kbs_fullabl16_crossbranchgate_etth1_pl96_seed2035,frwkv_crossbranchgate
ETTh1,96,CrossBranchGate,2036,0.371211,0.388832,parallel_run_20260503_131828,kbs_fullabl16_crossbranchgate_etth1_pl96_seed2036,frwkv_crossbranchgate
ETTh1,96,CrossBranchGate,2037,0.371353,0.38945,parallel_run_20260503_131828,kbs_fullabl16_crossbranchgate_etth1_pl96_seed2037,frwkv_crossbranchgate
ETTh1,96,CrossBranchGate,2038,0.377123,0.392476,parallel_run_20260503_131828,kbs_fullabl16_crossbranchgate_etth1_pl96_seed2038,frwkv_crossbranchgate
ETTh1,96,CrossBranchGate,2039,0.371062,0.390264,parallel_run_20260503_131828,kbs_fullabl16_crossbranchgate_etth1_pl96_seed2039,frwkv_crossbranchgate
ETTh1,96,CrossBranchPhaseGate,2024,0.37497,0.391846,parallel_run_20260503_131828,kbs_fullabl16_crossbranchphasegate_etth1_pl96_seed2024,frwkv_crossbranchphasegate
ETTh1,96,CrossBranchPhaseGate,2025,0.373963,0.390268,parallel_run_20260503_131828,kbs_fullabl16_crossbranchphasegate_etth1_pl96_seed2025,frwkv_crossbranchphasegate
ETTh1,96,CrossBranchPhaseGate,2026,0.37279,0.390024,parallel_run_20260503_131828,kbs_fullabl16_crossbranchphasegate_etth1_pl96_seed2026,frwkv_crossbranchphasegate
ETTh1,96,CrossBranchPhaseGate,2027,0.375468,0.39186,parallel_run_20260503_131828,kbs_fullabl16_crossbranchphasegate_etth1_pl96_seed2027,frwkv_crossbranchphasegate
ETTh1,96,CrossBranchPhaseGate,2028,0.371717,0.389575,parallel_run_20260503_131828,kbs_fullabl16_crossbranchphasegate_etth1_pl96_seed2028,frwkv_crossbranchphasegate
ETTh1,96,CrossBranchPhaseGate,2029,0.370486,0.389673,parallel_run_20260503_131828,kbs_fullabl16_crossbranchphasegate_etth1_pl96_seed2029,frwkv_crossbranchphasegate
ETTh1,96,CrossBranchPhaseGate,2030,0.373845,0.390023,parallel_run_20260503_131828,kbs_fullabl16_crossbranchphasegate_etth1_pl96_seed2030,frwkv_crossbranchphasegate
ETTh1,96,CrossBranchPhaseGate,2031,0.3755,0.390867,parallel_run_20260503_131828,kbs_fullabl16_crossbranchphasegate_etth1_pl96_seed2031,frwkv_crossbranchphasegate
ETTh1,96,CrossBranchPhaseGate,2032,0.371461,0.390009,parallel_run_20260503_131828,kbs_fullabl16_crossbranchphasegate_etth1_pl96_seed2032,frwkv_crossbranchphasegate
ETTh1,96,CrossBranchPhaseGate,2033,0.373572,0.389964,parallel_run_20260503_131828,kbs_fullabl16_crossbranchphasegate_etth1_pl96_seed2033,frwkv_crossbranchphasegate
ETTh1,96,CrossBranchPhaseGate,2034,0.375189,0.390858,parallel_run_20260503_131828,kbs_fullabl16_crossbranchphasegate_etth1_pl96_seed2034,frwkv_crossbranchphasegate
ETTh1,96,CrossBranchPhaseGate,2035,0.375388,0.391375,parallel_run_20260503_131828,kbs_fullabl16_crossbranchphasegate_etth1_pl96_seed2035,frwkv_crossbranchphasegate
ETTh1,96,CrossBranchPhaseGate,2036,0.375348,0.390513,parallel_run_20260503_131828,kbs_fullabl16_crossbranchphasegate_etth1_pl96_seed2036,frwkv_crossbranchphasegate
ETTh1,96,CrossBranchPhaseGate,2037,0.375829,0.390995,parallel_run_20260503_131828,kbs_fullabl16_crossbranchphasegate_etth1_pl96_seed2037,frwkv_crossbranchphasegate
ETTh1,96,CrossBranchPhaseGate,2038,0.374053,0.391333,parallel_run_20260503_131828,kbs_fullabl16_crossbranchphasegate_etth1_pl96_seed2038,frwkv_crossbranchphasegate
ETTh1,96,CrossBranchPhaseGate,2039,0.375478,0.392031,parallel_run_20260503_131828,kbs_fullabl16_crossbranchphasegate_etth1_pl96_seed2039,frwkv_crossbranchphasegate
ETTh1,96,FRWKV,2024,0.373253,0.390753,parallel_run_20260503_130521,kbs_fullabl16_frwkv_etth1_pl96_seed2024,frwkv
ETTh1,96,FRWKV,2025,0.37387,0.391305,parallel_run_20260503_130521,kbs_fullabl16_frwkv_etth1_pl96_seed2025,frwkv
ETTh1,96,FRWKV,2026,0.372623,0.390184,parallel_run_20260503_130521,kbs_fullabl16_frwkv_etth1_pl96_seed2026,frwkv
ETTh1,96,FRWKV,2027,0.374167,0.391016,parallel_run_20260503_130521,kbs_fullabl16_frwkv_etth1_pl96_seed2027,frwkv
ETTh1,96,FRWKV,2028,0.371745,0.390242,parallel_run_20260503_130521,kbs_fullabl16_frwkv_etth1_pl96_seed2028,frwkv
ETTh1,96,FRWKV,2029,0.371129,0.389506,parallel_run_20260503_130521,kbs_fullabl16_frwkv_etth1_pl96_seed2029,frwkv
ETTh1,96,FRWKV,2030,0.372459,0.390079,parallel_run_20260503_130521,kbs_fullabl16_frwkv_etth1_pl96_seed2030,frwkv
ETTh1,96,FRWKV,2031,0.378023,0.392367,parallel_run_20260503_130521,kbs_fullabl16_frwkv_etth1_pl96_seed2031,frwkv
ETTh1,96,FRWKV,2032,0.374986,0.391312,parallel_run_20260503_131828,kbs_fullabl16_frwkv_etth1_pl96_seed2032,frwkv
ETTh1,96,FRWKV,2033,0.3741,0.390051,parallel_run_20260503_131828,kbs_fullabl16_frwkv_etth1_pl96_seed2033,frwkv
ETTh1,96,FRWKV,2034,0.373245,0.38917,parallel_run_20260503_131828,kbs_fullabl16_frwkv_etth1_pl96_seed2034,frwkv
ETTh1,96,FRWKV,2035,0.371663,0.388958,parallel_run_20260503_130521,kbs_fullabl16_frwkv_etth1_pl96_seed2035,frwkv
ETTh1,96,FRWKV,2036,0.373718,0.389748,parallel_run_20260503_130521,kbs_fullabl16_frwkv_etth1_pl96_seed2036,frwkv
ETTh1,96,FRWKV,2037,0.375597,0.390141,parallel_run_20260503_131828,kbs_fullabl16_frwkv_etth1_pl96_seed2037,frwkv
ETTh1,96,FRWKV,2038,0.371069,0.389089,parallel_run_20260503_130521,kbs_fullabl16_frwkv_etth1_pl96_seed2038,frwkv
ETTh1,96,FRWKV,2039,0.371846,0.388883,parallel_run_20260503_130521,kbs_fullabl16_frwkv_etth1_pl96_seed2039,frwkv
ETTh1,96,FullContextDelta,2024,0.374163,0.391454,parallel_run_20260508_212616,kbs_fullctxdelta16_fullctxdelta_etth1_pl96_seed2024,frwkv_crossbranchphasegate_fullcontextdelta
ETTh1,96,FullContextDelta,2025,0.377355,0.392909,parallel_run_20260508_212616,kbs_fullctxdelta16_fullctxdelta_etth1_pl96_seed2025,frwkv_crossbranchphasegate_fullcontextdelta
ETTh1,96,FullContextDelta,2026,0.370953,0.389252,parallel_run_20260508_212616,kbs_fullctxdelta16_fullctxdelta_etth1_pl96_seed2026,frwkv_crossbranchphasegate_fullcontextdelta
ETTh1,96,FullContextDelta,2027,0.373916,0.39069,parallel_run_20260508_212616,kbs_fullctxdelta16_fullctxdelta_etth1_pl96_seed2027,frwkv_crossbranchphasegate_fullcontextdelta
ETTh1,96,FullContextDelta,2028,0.374918,0.391596,parallel_run_20260508_212616,kbs_fullctxdelta16_fullctxdelta_etth1_pl96_seed2028,frwkv_crossbranchphasegate_fullcontextdelta
ETTh1,96,FullContextDelta,2029,0.373446,0.390725,parallel_run_20260508_212616,kbs_fullctxdelta16_fullctxdelta_etth1_pl96_seed2029,frwkv_crossbranchphasegate_fullcontextdelta
ETTh1,96,FullContextDelta,2030,0.376284,0.391946,parallel_run_20260508_212616,kbs_fullctxdelta16_fullctxdelta_etth1_pl96_seed2030,frwkv_crossbranchphasegate_fullcontextdelta
ETTh1,96,FullContextDelta,2031,0.373558,0.390798,parallel_run_20260508_212616,kbs_fullctxdelta16_fullctxdelta_etth1_pl96_seed2031,frwkv_crossbranchphasegate_fullcontextdelta
ETTh1,96,FullContextDelta,2032,0.371795,0.389551,parallel_run_20260508_212616,kbs_fullctxdelta16_fullctxdelta_etth1_pl96_seed2032,frwkv_crossbranchphasegate_fullcontextdelta
ETTh1,96,FullContextDelta,2033,0.377663,0.391835,parallel_run_20260508_212616,kbs_fullctxdelta16_fullctxdelta_etth1_pl96_seed2033,frwkv_crossbranchphasegate_fullcontextdelta
ETTh1,96,FullContextDelta,2034,0.376061,0.392962,parallel_run_20260508_212616,kbs_fullctxdelta16_fullctxdelta_etth1_pl96_seed2034,frwkv_crossbranchphasegate_fullcontextdelta
ETTh1,96,FullContextDelta,2035,0.374256,0.389925,parallel_run_20260508_212616,kbs_fullctxdelta16_fullctxdelta_etth1_pl96_seed2035,frwkv_crossbranchphasegate_fullcontextdelta
ETTh1,96,FullContextDelta,2036,0.373253,0.38985,parallel_run_20260508_212616,kbs_fullctxdelta16_fullctxdelta_etth1_pl96_seed2036,frwkv_crossbranchphasegate_fullcontextdelta
ETTh1,96,FullContextDelta,2037,0.374502,0.390776,parallel_run_20260508_212616,kbs_fullctxdelta16_fullctxdelta_etth1_pl96_seed2037,frwkv_crossbranchphasegate_fullcontextdelta
ETTh1,96,FullContextDelta,2038,0.369488,0.388498,parallel_run_20260508_212616,kbs_fullctxdelta16_fullctxdelta_etth1_pl96_seed2038,frwkv_crossbranchphasegate_fullcontextdelta
ETTh1,96,FullContextDelta,2039,0.375415,0.391003,parallel_run_20260508_212616,kbs_fullctxdelta16_fullctxdelta_etth1_pl96_seed2039,frwkv_crossbranchphasegate_fullcontextdelta
ETTh1,192,Adaptive PhaseGate,2024,0.428337,0.421439,parallel_run_20260509_134027,kbs_adaptive16_etth1_pl192_seed2024,frwkv_crossbranchperiodicpositiongate_adaptive
ETTh1,192,Adaptive PhaseGate,2025,0.428229,0.422198,parallel_run_20260509_134027,kbs_adaptive16_etth1_pl192_seed2025,frwkv_crossbranchperiodicpositiongate_adaptive
ETTh1,192,Adaptive PhaseGate,2026,0.428398,0.423172,parallel_run_20260509_134027,kbs_adaptive16_etth1_pl192_seed2026,frwkv_crossbranchperiodicpositiongate_adaptive
ETTh1,192,Adaptive PhaseGate,2027,0.426346,0.419974,parallel_run_20260509_134027,kbs_adaptive16_etth1_pl192_seed2027,frwkv_crossbranchperiodicpositiongate_adaptive
ETTh1,192,Adaptive PhaseGate,2028,0.432384,0.423041,parallel_run_20260509_134027,kbs_adaptive16_etth1_pl192_seed2028,frwkv_crossbranchperiodicpositiongate_adaptive
ETTh1,192,Adaptive PhaseGate,2029,0.424966,0.420349,parallel_run_20260509_134027,kbs_adaptive16_etth1_pl192_seed2029,frwkv_crossbranchperiodicpositiongate_adaptive
ETTh1,192,Adaptive PhaseGate,2030,0.429984,0.422887,parallel_run_20260509_134027,kbs_adaptive16_etth1_pl192_seed2030,frwkv_crossbranchperiodicpositiongate_adaptive
ETTh1,192,Adaptive PhaseGate,2031,0.427673,0.421417,parallel_run_20260509_134027,kbs_adaptive16_etth1_pl192_seed2031,frwkv_crossbranchperiodicpositiongate_adaptive
ETTh1,192,Adaptive PhaseGate,2032,0.425242,0.420528,parallel_run_20260509_134027,kbs_adaptive16_etth1_pl192_seed2032,frwkv_crossbranchperiodicpositiongate_adaptive
ETTh1,192,Adaptive PhaseGate,2033,0.435526,0.426839,parallel_run_20260509_134027,kbs_adaptive16_etth1_pl192_seed2033,frwkv_crossbranchperiodicpositiongate_adaptive
ETTh1,192,Adaptive PhaseGate,2034,0.425094,0.42024,parallel_run_20260509_134027,kbs_adaptive16_etth1_pl192_seed2034,frwkv_crossbranchperiodicpositiongate_adaptive
ETTh1,192,Adaptive PhaseGate,2035,0.432055,0.422763,parallel_run_20260509_134027,kbs_adaptive16_etth1_pl192_seed2035,frwkv_crossbranchperiodicpositiongate_adaptive
ETTh1,192,Adaptive PhaseGate,2036,0.427474,0.421204,parallel_run_20260509_134027,kbs_adaptive16_etth1_pl192_seed2036,frwkv_crossbranchperiodicpositiongate_adaptive
ETTh1,192,Adaptive PhaseGate,2037,0.42861,0.422181,parallel_run_20260509_134027,kbs_adaptive16_etth1_pl192_seed2037,frwkv_crossbranchperiodicpositiongate_adaptive
ETTh1,192,Adaptive PhaseGate,2038,0.431044,0.423026,parallel_run_20260509_134027,kbs_adaptive16_etth1_pl192_seed2038,frwkv_crossbranchperiodicpositiongate_adaptive
ETTh1,192,Adaptive PhaseGate,2039,0.424628,0.421127,parallel_run_20260509_134027,kbs_adaptive16_etth1_pl192_seed2039,frwkv_crossbranchperiodicpositiongate_adaptive
ETTh1,192,CrossBranchGate,2024,0.425424,0.421236,parallel_run_20260503_131828,kbs_fullabl16_crossbranchgate_etth1_pl192_seed2024,frwkv_crossbranchgate
ETTh1,192,CrossBranchGate,2025,0.440792,0.429385,parallel_run_20260503_131828,kbs_fullabl16_crossbranchgate_etth1_pl192_seed2025,frwkv_crossbranchgate
ETTh1,192,CrossBranchGate,2026,0.427654,0.421122,parallel_run_20260503_131828,kbs_fullabl16_crossbranchgate_etth1_pl192_seed2026,frwkv_crossbranchgate
ETTh1,192,CrossBranchGate,2027,0.427672,0.421238,parallel_run_20260503_131828,kbs_fullabl16_crossbranchgate_etth1_pl192_seed2027,frwkv_crossbranchgate
ETTh1,192,CrossBranchGate,2028,0.42849,0.420855,parallel_run_20260503_131828,kbs_fullabl16_crossbranchgate_etth1_pl192_seed2028,frwkv_crossbranchgate
ETTh1,192,CrossBranchGate,2029,0.42605,0.41974,parallel_run_20260503_131828,kbs_fullabl16_crossbranchgate_etth1_pl192_seed2029,frwkv_crossbranchgate
ETTh1,192,CrossBranchGate,2030,0.427039,0.421305,parallel_run_20260503_131828,kbs_fullabl16_crossbranchgate_etth1_pl192_seed2030,frwkv_crossbranchgate
ETTh1,192,CrossBranchGate,2031,0.427816,0.422492,parallel_run_20260503_131828,kbs_fullabl16_crossbranchgate_etth1_pl192_seed2031,frwkv_crossbranchgate
ETTh1,192,CrossBranchGate,2032,0.429309,0.423094,parallel_run_20260503_131828,kbs_fullabl16_crossbranchgate_etth1_pl192_seed2032,frwkv_crossbranchgate
ETTh1,192,CrossBranchGate,2033,0.427981,0.42208,parallel_run_20260503_131828,kbs_fullabl16_crossbranchgate_etth1_pl192_seed2033,frwkv_crossbranchgate
ETTh1,192,CrossBranchGate,2034,0.432002,0.423222,parallel_run_20260503_131828,kbs_fullabl16_crossbranchgate_etth1_pl192_seed2034,frwkv_crossbranchgate
ETTh1,192,CrossBranchGate,2035,0.427584,0.422285,parallel_run_20260503_131828,kbs_fullabl16_crossbranchgate_etth1_pl192_seed2035,frwkv_crossbranchgate
ETTh1,192,CrossBranchGate,2036,0.427123,0.420683,parallel_run_20260503_131828,kbs_fullabl16_crossbranchgate_etth1_pl192_seed2036,frwkv_crossbranchgate
ETTh1,192,CrossBranchGate,2037,0.428226,0.421966,parallel_run_20260503_131828,kbs_fullabl16_crossbranchgate_etth1_pl192_seed2037,frwkv_crossbranchgate
ETTh1,192,CrossBranchGate,2038,0.428112,0.422305,parallel_run_20260503_131828,kbs_fullabl16_crossbranchgate_etth1_pl192_seed2038,frwkv_crossbranchgate
ETTh1,192,CrossBranchGate,2039,0.425282,0.420634,parallel_run_20260503_131828,kbs_fullabl16_crossbranchgate_etth1_pl192_seed2039,frwkv_crossbranchgate
ETTh1,192,CrossBranchPhaseGate,2024,0.428892,0.422403,parallel_run_20260503_131828,kbs_fullabl16_crossbranchphasegate_etth1_pl192_seed2024,frwkv_crossbranchphasegate
ETTh1,192,CrossBranchPhaseGate,2025,0.425774,0.421051,parallel_run_20260503_131828,kbs_fullabl16_crossbranchphasegate_etth1_pl192_seed2025,frwkv_crossbranchphasegate
ETTh1,192,CrossBranchPhaseGate,2026,0.42961,0.421934,parallel_run_20260503_131828,kbs_fullabl16_crossbranchphasegate_etth1_pl192_seed2026,frwkv_crossbranchphasegate
ETTh1,192,CrossBranchPhaseGate,2027,0.428412,0.420995,parallel_run_20260503_131828,kbs_fullabl16_crossbranchphasegate_etth1_pl192_seed2027,frwkv_crossbranchphasegate
ETTh1,192,CrossBranchPhaseGate,2028,0.433038,0.423648,parallel_run_20260503_131828,kbs_fullabl16_crossbranchphasegate_etth1_pl192_seed2028,frwkv_crossbranchphasegate
ETTh1,192,CrossBranchPhaseGate,2029,0.431989,0.423111,parallel_run_20260503_131828,kbs_fullabl16_crossbranchphasegate_etth1_pl192_seed2029,frwkv_crossbranchphasegate
ETTh1,192,CrossBranchPhaseGate,2030,0.423996,0.419961,parallel_run_20260503_131828,kbs_fullabl16_crossbranchphasegate_etth1_pl192_seed2030,frwkv_crossbranchphasegate
ETTh1,192,CrossBranchPhaseGate,2031,0.427921,0.421611,parallel_run_20260503_131828,kbs_fullabl16_crossbranchphasegate_etth1_pl192_seed2031,frwkv_crossbranchphasegate
ETTh1,192,CrossBranchPhaseGate,2032,0.426828,0.420587,parallel_run_20260503_131828,kbs_fullabl16_crossbranchphasegate_etth1_pl192_seed2032,frwkv_crossbranchphasegate
ETTh1,192,CrossBranchPhaseGate,2033,0.435797,0.427296,parallel_run_20260503_131828,kbs_fullabl16_crossbranchphasegate_etth1_pl192_seed2033,frwkv_crossbranchphasegate
ETTh1,192,CrossBranchPhaseGate,2034,0.432626,0.422515,parallel_run_20260503_131828,kbs_fullabl16_crossbranchphasegate_etth1_pl192_seed2034,frwkv_crossbranchphasegate
ETTh1,192,CrossBranchPhaseGate,2035,0.428223,0.422331,parallel_run_20260503_131828,kbs_fullabl16_crossbranchphasegate_etth1_pl192_seed2035,frwkv_crossbranchphasegate
ETTh1,192,CrossBranchPhaseGate,2036,0.42815,0.421171,parallel_run_20260503_131828,kbs_fullabl16_crossbranchphasegate_etth1_pl192_seed2036,frwkv_crossbranchphasegate
ETTh1,192,CrossBranchPhaseGate,2037,0.43014,0.422968,parallel_run_20260503_131828,kbs_fullabl16_crossbranchphasegate_etth1_pl192_seed2037,frwkv_crossbranchphasegate
ETTh1,192,CrossBranchPhaseGate,2038,0.427554,0.421485,parallel_run_20260503_131828,kbs_fullabl16_crossbranchphasegate_etth1_pl192_seed2038,frwkv_crossbranchphasegate
ETTh1,192,CrossBranchPhaseGate,2039,0.426318,0.420737,parallel_run_20260503_131828,kbs_fullabl16_crossbranchphasegate_etth1_pl192_seed2039,frwkv_crossbranchphasegate
ETTh1,192,FRWKV,2024,0.426482,0.421115,parallel_run_20260503_131828,kbs_fullabl16_frwkv_etth1_pl192_seed2024,frwkv
ETTh1,192,FRWKV,2025,0.427302,0.421167,parallel_run_20260503_131828,kbs_fullabl16_frwkv_etth1_pl192_seed2025,frwkv
ETTh1,192,FRWKV,2026,0.425071,0.420366,parallel_run_20260503_131828,kbs_fullabl16_frwkv_etth1_pl192_seed2026,frwkv
ETTh1,192,FRWKV,2027,0.427112,0.420979,parallel_run_20260503_131828,kbs_fullabl16_frwkv_etth1_pl192_seed2027,frwkv
ETTh1,192,FRWKV,2028,0.432686,0.421584,parallel_run_20260503_131828,kbs_fullabl16_frwkv_etth1_pl192_seed2028,frwkv
ETTh1,192,FRWKV,2029,0.431498,0.424028,parallel_run_20260503_131828,kbs_fullabl16_frwkv_etth1_pl192_seed2029,frwkv
ETTh1,192,FRWKV,2030,0.428526,0.42257,parallel_run_20260503_131828,kbs_fullabl16_frwkv_etth1_pl192_seed2030,frwkv
ETTh1,192,FRWKV,2031,0.432835,0.423566,parallel_run_20260503_131828,kbs_fullabl16_frwkv_etth1_pl192_seed2031,frwkv
ETTh1,192,FRWKV,2032,0.430044,0.422447,parallel_run_20260503_131828,kbs_fullabl16_frwkv_etth1_pl192_seed2032,frwkv
ETTh1,192,FRWKV,2033,0.429602,0.422158,parallel_run_20260503_131828,kbs_fullabl16_frwkv_etth1_pl192_seed2033,frwkv
ETTh1,192,FRWKV,2034,0.430956,0.422894,parallel_run_20260503_131828,kbs_fullabl16_frwkv_etth1_pl192_seed2034,frwkv
ETTh1,192,FRWKV,2035,0.430473,0.422858,parallel_run_20260503_131828,kbs_fullabl16_frwkv_etth1_pl192_seed2035,frwkv
ETTh1,192,FRWKV,2036,0.425653,0.419885,parallel_run_20260503_131828,kbs_fullabl16_frwkv_etth1_pl192_seed2036,frwkv
ETTh1,192,FRWKV,2037,0.431458,0.423207,parallel_run_20260503_131828,kbs_fullabl16_frwkv_etth1_pl192_seed2037,frwkv
ETTh1,192,FRWKV,2038,0.429276,0.422489,parallel_run_20260503_131828,kbs_fullabl16_frwkv_etth1_pl192_seed2038,frwkv
ETTh1,192,FRWKV,2039,0.430877,0.422736,parallel_run_20260503_131828,kbs_fullabl16_frwkv_etth1_pl192_seed2039,frwkv
ETTh1,192,FullContextDelta,2024,0.428197,0.421512,parallel_run_20260508_212616,kbs_fullctxdelta16_fullctxdelta_etth1_pl192_seed2024,frwkv_crossbranchphasegate_fullcontextdelta
ETTh1,192,FullContextDelta,2025,0.430263,0.422286,parallel_run_20260508_212616,kbs_fullctxdelta16_fullctxdelta_etth1_pl192_seed2025,frwkv_crossbranchphasegate_fullcontextdelta
ETTh1,192,FullContextDelta,2026,0.427324,0.420944,parallel_run_20260508_212616,kbs_fullctxdelta16_fullctxdelta_etth1_pl192_seed2026,frwkv_crossbranchphasegate_fullcontextdelta
ETTh1,192,FullContextDelta,2027,0.429692,0.422517,parallel_run_20260508_212616,kbs_fullctxdelta16_fullctxdelta_etth1_pl192_seed2027,frwkv_crossbranchphasegate_fullcontextdelta
ETTh1,192,FullContextDelta,2028,0.431985,0.423689,parallel_run_20260508_212616,kbs_fullctxdelta16_fullctxdelta_etth1_pl192_seed2028,frwkv_crossbranchphasegate_fullcontextdelta
ETTh1,192,FullContextDelta,2029,0.430092,0.422814,parallel_run_20260508_212616,kbs_fullctxdelta16_fullctxdelta_etth1_pl192_seed2029,frwkv_crossbranchphasegate_fullcontextdelta
ETTh1,192,FullContextDelta,2030,0.42888,0.421898,parallel_run_20260508_212616,kbs_fullctxdelta16_fullctxdelta_etth1_pl192_seed2030,frwkv_crossbranchphasegate_fullcontextdelta
ETTh1,192,FullContextDelta,2031,0.43438,0.423036,parallel_run_20260508_212616,kbs_fullctxdelta16_fullctxdelta_etth1_pl192_seed2031,frwkv_crossbranchphasegate_fullcontextdelta
ETTh1,192,FullContextDelta,2032,0.428214,0.421784,parallel_run_20260508_212616,kbs_fullctxdelta16_fullctxdelta_etth1_pl192_seed2032,frwkv_crossbranchphasegate_fullcontextdelta
ETTh1,192,FullContextDelta,2033,0.426787,0.420456,parallel_run_20260508_212616,kbs_fullctxdelta16_fullctxdelta_etth1_pl192_seed2033,frwkv_crossbranchphasegate_fullcontextdelta
ETTh1,192,FullContextDelta,2034,0.425916,0.421567,parallel_run_20260508_212616,kbs_fullctxdelta16_fullctxdelta_etth1_pl192_seed2034,frwkv_crossbranchphasegate_fullcontextdelta
ETTh1,192,FullContextDelta,2035,0.429574,0.422897,parallel_run_20260508_212616,kbs_fullctxdelta16_fullctxdelta_etth1_pl192_seed2035,frwkv_crossbranchphasegate_fullcontextdelta
ETTh1,192,FullContextDelta,2036,0.425117,0.421653,parallel_run_20260508_212616,kbs_fullctxdelta16_fullctxdelta_etth1_pl192_seed2036,frwkv_crossbranchphasegate_fullcontextdelta
ETTh1,192,FullContextDelta,2037,0.428661,0.422066,parallel_run_20260508_212616,kbs_fullctxdelta16_fullctxdelta_etth1_pl192_seed2037,frwkv_crossbranchphasegate_fullcontextdelta
ETTh1,192,FullContextDelta,2038,0.425175,0.421443,parallel_run_20260508_212616,kbs_fullctxdelta16_fullctxdelta_etth1_pl192_seed2038,frwkv_crossbranchphasegate_fullcontextdelta
ETTh1,192,FullContextDelta,2039,0.426172,0.422191,parallel_run_20260508_212616,kbs_fullctxdelta16_fullctxdelta_etth1_pl192_seed2039,frwkv_crossbranchphasegate_fullcontextdelta
ETTh1,336,Adaptive PhaseGate,2024,0.474251,0.445102,parallel_run_20260509_134027,kbs_adaptive16_etth1_pl336_seed2024,frwkv_crossbranchperiodicpositiongate_adaptive
ETTh1,336,Adaptive PhaseGate,2025,0.46424,0.441492,parallel_run_20260509_134027,kbs_adaptive16_etth1_pl336_seed2025,frwkv_crossbranchperiodicpositiongate_adaptive
ETTh1,336,Adaptive PhaseGate,2026,0.474023,0.443998,parallel_run_20260509_134027,kbs_adaptive16_etth1_pl336_seed2026,frwkv_crossbranchperiodicpositiongate_adaptive
ETTh1,336,Adaptive PhaseGate,2027,0.464821,0.442768,parallel_run_20260509_134027,kbs_adaptive16_etth1_pl336_seed2027,frwkv_crossbranchperiodicpositiongate_adaptive
ETTh1,336,Adaptive PhaseGate,2028,0.472417,0.445048,parallel_run_20260509_134027,kbs_adaptive16_etth1_pl336_seed2028,frwkv_crossbranchperiodicpositiongate_adaptive
ETTh1,336,Adaptive PhaseGate,2029,0.468208,0.442113,parallel_run_20260509_134027,kbs_adaptive16_etth1_pl336_seed2029,frwkv_crossbranchperiodicpositiongate_adaptive
ETTh1,336,Adaptive PhaseGate,2030,0.469343,0.443046,parallel_run_20260509_134027,kbs_adaptive16_etth1_pl336_seed2030,frwkv_crossbranchperiodicpositiongate_adaptive
ETTh1,336,Adaptive PhaseGate,2031,0.465798,0.44145,parallel_run_20260509_134027,kbs_adaptive16_etth1_pl336_seed2031,frwkv_crossbranchperiodicpositiongate_adaptive
ETTh1,336,Adaptive PhaseGate,2032,0.462984,0.441186,parallel_run_20260509_134027,kbs_adaptive16_etth1_pl336_seed2032,frwkv_crossbranchperiodicpositiongate_adaptive
ETTh1,336,Adaptive PhaseGate,2033,0.477665,0.44771,parallel_run_20260509_134027,kbs_adaptive16_etth1_pl336_seed2033,frwkv_crossbranchperiodicpositiongate_adaptive
ETTh1,336,Adaptive PhaseGate,2034,0.478346,0.446241,parallel_run_20260509_134027,kbs_adaptive16_etth1_pl336_seed2034,frwkv_crossbranchperiodicpositiongate_adaptive
ETTh1,336,Adaptive PhaseGate,2035,0.478071,0.448858,parallel_run_20260509_134027,kbs_adaptive16_etth1_pl336_seed2035,frwkv_crossbranchperiodicpositiongate_adaptive
ETTh1,336,Adaptive PhaseGate,2036,0.477484,0.449026,parallel_run_20260509_134027,kbs_adaptive16_etth1_pl336_seed2036,frwkv_crossbranchperiodicpositiongate_adaptive
ETTh1,336,Adaptive PhaseGate,2037,0.470408,0.442944,parallel_run_20260509_134027,kbs_adaptive16_etth1_pl336_seed2037,frwkv_crossbranchperiodicpositiongate_adaptive
ETTh1,336,Adaptive PhaseGate,2038,0.474876,0.448173,parallel_run_20260509_134027,kbs_adaptive16_etth1_pl336_seed2038,frwkv_crossbranchperiodicpositiongate_adaptive
ETTh1,336,Adaptive PhaseGate,2039,0.466363,0.44076,parallel_run_20260509_134027,kbs_adaptive16_etth1_pl336_seed2039,frwkv_crossbranchperiodicpositiongate_adaptive
ETTh1,336,CrossBranchGate,2024,0.475641,0.444275,parallel_run_20260503_131828,kbs_fullabl16_crossbranchgate_etth1_pl336_seed2024,frwkv_crossbranchgate
ETTh1,336,CrossBranchGate,2025,0.467421,0.441814,parallel_run_20260503_131828,kbs_fullabl16_crossbranchgate_etth1_pl336_seed2025,frwkv_crossbranchgate
ETTh1,336,CrossBranchGate,2026,0.470025,0.441534,parallel_run_20260503_131828,kbs_fullabl16_crossbranchgate_etth1_pl336_seed2026,frwkv_crossbranchgate
ETTh1,336,CrossBranchGate,2027,0.470156,0.444707,parallel_run_20260503_131828,kbs_fullabl16_crossbranchgate_etth1_pl336_seed2027,frwkv_crossbranchgate
ETTh1,336,CrossBranchGate,2028,0.471194,0.444143,parallel_run_20260503_131828,kbs_fullabl16_crossbranchgate_etth1_pl336_seed2028,frwkv_crossbranchgate
ETTh1,336,CrossBranchGate,2029,0.473513,0.447126,parallel_run_20260503_131828,kbs_fullabl16_crossbranchgate_etth1_pl336_seed2029,frwkv_crossbranchgate
ETTh1,336,CrossBranchGate,2030,0.477036,0.446501,parallel_run_20260503_131828,kbs_fullabl16_crossbranchgate_etth1_pl336_seed2030,frwkv_crossbranchgate
ETTh1,336,CrossBranchGate,2031,0.471177,0.444641,parallel_run_20260503_131828,kbs_fullabl16_crossbranchgate_etth1_pl336_seed2031,frwkv_crossbranchgate
ETTh1,336,CrossBranchGate,2032,0.468081,0.444565,parallel_run_20260503_131828,kbs_fullabl16_crossbranchgate_etth1_pl336_seed2032,frwkv_crossbranchgate
ETTh1,336,CrossBranchGate,2033,0.477026,0.446007,parallel_run_20260503_131828,kbs_fullabl16_crossbranchgate_etth1_pl336_seed2033,frwkv_crossbranchgate
ETTh1,336,CrossBranchGate,2034,0.468145,0.441921,parallel_run_20260503_131828,kbs_fullabl16_crossbranchgate_etth1_pl336_seed2034,frwkv_crossbranchgate
ETTh1,336,CrossBranchGate,2035,0.476509,0.448509,parallel_run_20260503_131828,kbs_fullabl16_crossbranchgate_etth1_pl336_seed2035,frwkv_crossbranchgate
ETTh1,336,CrossBranchGate,2036,0.468898,0.443621,parallel_run_20260503_131828,kbs_fullabl16_crossbranchgate_etth1_pl336_seed2036,frwkv_crossbranchgate
ETTh1,336,CrossBranchGate,2037,0.477541,0.446253,parallel_run_20260503_131828,kbs_fullabl16_crossbranchgate_etth1_pl336_seed2037,frwkv_crossbranchgate
ETTh1,336,CrossBranchGate,2038,0.465539,0.440218,parallel_run_20260503_131828,kbs_fullabl16_crossbranchgate_etth1_pl336_seed2038,frwkv_crossbranchgate
ETTh1,336,CrossBranchGate,2039,0.461025,0.43992,parallel_run_20260503_131828,kbs_fullabl16_crossbranchgate_etth1_pl336_seed2039,frwkv_crossbranchgate
ETTh1,336,CrossBranchPhaseGate,2024,0.468002,0.441625,parallel_run_20260503_131828,kbs_fullabl16_crossbranchphasegate_etth1_pl336_seed2024,frwkv_crossbranchphasegate
ETTh1,336,CrossBranchPhaseGate,2025,0.472436,0.445714,parallel_run_20260503_131828,kbs_fullabl16_crossbranchphasegate_etth1_pl336_seed2025,frwkv_crossbranchphasegate
ETTh1,336,CrossBranchPhaseGate,2026,0.470545,0.443598,parallel_run_20260503_131828,kbs_fullabl16_crossbranchphasegate_etth1_pl336_seed2026,frwkv_crossbranchphasegate
ETTh1,336,CrossBranchPhaseGate,2027,0.470482,0.443355,parallel_run_20260503_131828,kbs_fullabl16_crossbranchphasegate_etth1_pl336_seed2027,frwkv_crossbranchphasegate
ETTh1,336,CrossBranchPhaseGate,2028,0.469427,0.442549,parallel_run_20260503_131828,kbs_fullabl16_crossbranchphasegate_etth1_pl336_seed2028,frwkv_crossbranchphasegate
ETTh1,336,CrossBranchPhaseGate,2029,0.466198,0.44254,parallel_run_20260503_131828,kbs_fullabl16_crossbranchphasegate_etth1_pl336_seed2029,frwkv_crossbranchphasegate
ETTh1,336,CrossBranchPhaseGate,2030,0.471241,0.444397,parallel_run_20260503_131828,kbs_fullabl16_crossbranchphasegate_etth1_pl336_seed2030,frwkv_crossbranchphasegate
ETTh1,336,CrossBranchPhaseGate,2031,0.476633,0.448975,parallel_run_20260503_131828,kbs_fullabl16_crossbranchphasegate_etth1_pl336_seed2031,frwkv_crossbranchphasegate
ETTh1,336,CrossBranchPhaseGate,2032,0.464816,0.440044,parallel_run_20260503_131828,kbs_fullabl16_crossbranchphasegate_etth1_pl336_seed2032,frwkv_crossbranchphasegate
ETTh1,336,CrossBranchPhaseGate,2033,0.466716,0.442488,parallel_run_20260503_131828,kbs_fullabl16_crossbranchphasegate_etth1_pl336_seed2033,frwkv_crossbranchphasegate
ETTh1,336,CrossBranchPhaseGate,2034,0.473687,0.446325,parallel_run_20260503_131828,kbs_fullabl16_crossbranchphasegate_etth1_pl336_seed2034,frwkv_crossbranchphasegate
ETTh1,336,CrossBranchPhaseGate,2035,0.469411,0.442298,parallel_run_20260503_131828,kbs_fullabl16_crossbranchphasegate_etth1_pl336_seed2035,frwkv_crossbranchphasegate
ETTh1,336,CrossBranchPhaseGate,2036,0.469469,0.444334,parallel_run_20260503_131828,kbs_fullabl16_crossbranchphasegate_etth1_pl336_seed2036,frwkv_crossbranchphasegate
ETTh1,336,CrossBranchPhaseGate,2037,0.46218,0.439922,parallel_run_20260503_131828,kbs_fullabl16_crossbranchphasegate_etth1_pl336_seed2037,frwkv_crossbranchphasegate
ETTh1,336,CrossBranchPhaseGate,2038,0.473147,0.446545,parallel_run_20260503_131828,kbs_fullabl16_crossbranchphasegate_etth1_pl336_seed2038,frwkv_crossbranchphasegate
ETTh1,336,CrossBranchPhaseGate,2039,0.464013,0.441284,parallel_run_20260503_131828,kbs_fullabl16_crossbranchphasegate_etth1_pl336_seed2039,frwkv_crossbranchphasegate
ETTh1,336,FRWKV,2024,0.464485,0.441958,parallel_run_20260503_131828,kbs_fullabl16_frwkv_etth1_pl336_seed2024,frwkv
ETTh1,336,FRWKV,2025,0.470189,0.442121,parallel_run_20260503_131828,kbs_fullabl16_frwkv_etth1_pl336_seed2025,frwkv
ETTh1,336,FRWKV,2026,0.469105,0.44301,parallel_run_20260503_131828,kbs_fullabl16_frwkv_etth1_pl336_seed2026,frwkv
ETTh1,336,FRWKV,2027,0.4642,0.441189,parallel_run_20260503_131828,kbs_fullabl16_frwkv_etth1_pl336_seed2027,frwkv
ETTh1,336,FRWKV,2028,0.473694,0.446932,parallel_run_20260503_131828,kbs_fullabl16_frwkv_etth1_pl336_seed2028,frwkv
ETTh1,336,FRWKV,2029,0.475749,0.447741,parallel_run_20260503_131828,kbs_fullabl16_frwkv_etth1_pl336_seed2029,frwkv
ETTh1,336,FRWKV,2030,0.470612,0.442573,parallel_run_20260503_131828,kbs_fullabl16_frwkv_etth1_pl336_seed2030,frwkv
ETTh1,336,FRWKV,2031,0.465378,0.441336,parallel_run_20260503_131828,kbs_fullabl16_frwkv_etth1_pl336_seed2031,frwkv
ETTh1,336,FRWKV,2032,0.476229,0.448072,parallel_run_20260503_131828,kbs_fullabl16_frwkv_etth1_pl336_seed2032,frwkv
ETTh1,336,FRWKV,2033,0.468257,0.44303,parallel_run_20260503_131828,kbs_fullabl16_frwkv_etth1_pl336_seed2033,frwkv
ETTh1,336,FRWKV,2034,0.465555,0.441704,parallel_run_20260503_131828,kbs_fullabl16_frwkv_etth1_pl336_seed2034,frwkv
ETTh1,336,FRWKV,2035,0.463846,0.4404,parallel_run_20260503_131828,kbs_fullabl16_frwkv_etth1_pl336_seed2035,frwkv
ETTh1,336,FRWKV,2036,0.472752,0.443112,parallel_run_20260503_131828,kbs_fullabl16_frwkv_etth1_pl336_seed2036,frwkv
ETTh1,336,FRWKV,2037,0.474467,0.445841,parallel_run_20260503_131828,kbs_fullabl16_frwkv_etth1_pl336_seed2037,frwkv
ETTh1,336,FRWKV,2038,0.470717,0.443376,parallel_run_20260503_131828,kbs_fullabl16_frwkv_etth1_pl336_seed2038,frwkv
ETTh1,336,FRWKV,2039,0.467405,0.44137,parallel_run_20260503_131828,kbs_fullabl16_frwkv_etth1_pl336_seed2039,frwkv
ETTh1,336,FullContextDelta,2024,0.470519,0.444069,parallel_run_20260508_212616,kbs_fullctxdelta16_fullctxdelta_etth1_pl336_seed2024,frwkv_crossbranchphasegate_fullcontextdelta
ETTh1,336,FullContextDelta,2025,0.468351,0.44113,parallel_run_20260508_212616,kbs_fullctxdelta16_fullctxdelta_etth1_pl336_seed2025,frwkv_crossbranchphasegate_fullcontextdelta
ETTh1,336,FullContextDelta,2026,0.46946,0.442905,parallel_run_20260508_212616,kbs_fullctxdelta16_fullctxdelta_etth1_pl336_seed2026,frwkv_crossbranchphasegate_fullcontextdelta
ETTh1,336,FullContextDelta,2027,0.468901,0.44285,parallel_run_20260508_212616,kbs_fullctxdelta16_fullctxdelta_etth1_pl336_seed2027,frwkv_crossbranchphasegate_fullcontextdelta
ETTh1,336,FullContextDelta,2028,0.470357,0.441994,parallel_run_20260508_212616,kbs_fullctxdelta16_fullctxdelta_etth1_pl336_seed2028,frwkv_crossbranchphasegate_fullcontextdelta
ETTh1,336,FullContextDelta,2029,0.469073,0.442514,parallel_run_20260508_212616,kbs_fullctxdelta16_fullctxdelta_etth1_pl336_seed2029,frwkv_crossbranchphasegate_fullcontextdelta
ETTh1,336,FullContextDelta,2030,0.46804,0.442959,parallel_run_20260508_212616,kbs_fullctxdelta16_fullctxdelta_etth1_pl336_seed2030,frwkv_crossbranchphasegate_fullcontextdelta
ETTh1,336,FullContextDelta,2031,0.467714,0.441325,parallel_run_20260508_212616,kbs_fullctxdelta16_fullctxdelta_etth1_pl336_seed2031,frwkv_crossbranchphasegate_fullcontextdelta
ETTh1,336,FullContextDelta,2032,0.470613,0.442835,parallel_run_20260508_212616,kbs_fullctxdelta16_fullctxdelta_etth1_pl336_seed2032,frwkv_crossbranchphasegate_fullcontextdelta
ETTh1,336,FullContextDelta,2033,0.466398,0.442281,parallel_run_20260508_212616,kbs_fullctxdelta16_fullctxdelta_etth1_pl336_seed2033,frwkv_crossbranchphasegate_fullcontextdelta
ETTh1,336,FullContextDelta,2034,0.471404,0.445056,parallel_run_20260508_212616,kbs_fullctxdelta16_fullctxdelta_etth1_pl336_seed2034,frwkv_crossbranchphasegate_fullcontextdelta
ETTh1,336,FullContextDelta,2035,0.466987,0.441052,parallel_run_20260508_212616,kbs_fullctxdelta16_fullctxdelta_etth1_pl336_seed2035,frwkv_crossbranchphasegate_fullcontextdelta
ETTh1,336,FullContextDelta,2036,0.468437,0.442261,parallel_run_20260508_212616,kbs_fullctxdelta16_fullctxdelta_etth1_pl336_seed2036,frwkv_crossbranchphasegate_fullcontextdelta
ETTh1,336,FullContextDelta,2037,0.465664,0.441269,parallel_run_20260508_212616,kbs_fullctxdelta16_fullctxdelta_etth1_pl336_seed2037,frwkv_crossbranchphasegate_fullcontextdelta
ETTh1,336,FullContextDelta,2038,0.473788,0.444623,parallel_run_20260508_212616,kbs_fullctxdelta16_fullctxdelta_etth1_pl336_seed2038,frwkv_crossbranchphasegate_fullcontextdelta
ETTh1,336,FullContextDelta,2039,0.464185,0.440306,parallel_run_20260508_212616,kbs_fullctxdelta16_fullctxdelta_etth1_pl336_seed2039,frwkv_crossbranchphasegate_fullcontextdelta
ETTh1,720,Adaptive PhaseGate,2024,0.476886,0.472305,parallel_run_20260509_134027,kbs_adaptive16_etth1_pl720_seed2024,frwkv_crossbranchperiodicpositiongate_adaptive
ETTh1,720,Adaptive PhaseGate,2025,0.485788,0.474052,parallel_run_20260509_134027,kbs_adaptive16_etth1_pl720_seed2025,frwkv_crossbranchperiodicpositiongate_adaptive
ETTh1,720,Adaptive PhaseGate,2026,0.487799,0.474672,parallel_run_20260509_134027,kbs_adaptive16_etth1_pl720_seed2026,frwkv_crossbranchperiodicpositiongate_adaptive
ETTh1,720,Adaptive PhaseGate,2027,0.475994,0.471186,parallel_run_20260509_134027,kbs_adaptive16_etth1_pl720_seed2027,frwkv_crossbranchperiodicpositiongate_adaptive
ETTh1,720,Adaptive PhaseGate,2028,0.477467,0.471308,parallel_run_20260509_134027,kbs_adaptive16_etth1_pl720_seed2028,frwkv_crossbranchperiodicpositiongate_adaptive
ETTh1,720,Adaptive PhaseGate,2029,0.471254,0.467246,parallel_run_20260509_134027,kbs_adaptive16_etth1_pl720_seed2029,frwkv_crossbranchperiodicpositiongate_adaptive
ETTh1,720,Adaptive PhaseGate,2030,0.476569,0.469549,parallel_run_20260509_134027,kbs_adaptive16_etth1_pl720_seed2030,frwkv_crossbranchperiodicpositiongate_adaptive
ETTh1,720,Adaptive PhaseGate,2031,0.510742,0.481857,parallel_run_20260509_134027,kbs_adaptive16_etth1_pl720_seed2031,frwkv_crossbranchperiodicpositiongate_adaptive
ETTh1,720,Adaptive PhaseGate,2032,0.489501,0.474394,parallel_run_20260509_134027,kbs_adaptive16_etth1_pl720_seed2032,frwkv_crossbranchperiodicpositiongate_adaptive
ETTh1,720,Adaptive PhaseGate,2033,0.478985,0.47241,parallel_run_20260509_134027,kbs_adaptive16_etth1_pl720_seed2033,frwkv_crossbranchperiodicpositiongate_adaptive
ETTh1,720,Adaptive PhaseGate,2034,0.476134,0.468546,parallel_run_20260509_134027,kbs_adaptive16_etth1_pl720_seed2034,frwkv_crossbranchperiodicpositiongate_adaptive
ETTh1,720,Adaptive PhaseGate,2035,0.475449,0.467711,parallel_run_20260509_134027,kbs_adaptive16_etth1_pl720_seed2035,frwkv_crossbranchperiodicpositiongate_adaptive
ETTh1,720,Adaptive PhaseGate,2036,0.486234,0.475009,parallel_run_20260509_134027,kbs_adaptive16_etth1_pl720_seed2036,frwkv_crossbranchperiodicpositiongate_adaptive
ETTh1,720,Adaptive PhaseGate,2037,0.496528,0.475235,parallel_run_20260509_134027,kbs_adaptive16_etth1_pl720_seed2037,frwkv_crossbranchperiodicpositiongate_adaptive
ETTh1,720,Adaptive PhaseGate,2038,0.472346,0.464367,parallel_run_20260509_134027,kbs_adaptive16_etth1_pl720_seed2038,frwkv_crossbranchperiodicpositiongate_adaptive
ETTh1,720,Adaptive PhaseGate,2039,0.480862,0.473246,parallel_run_20260509_134027,kbs_adaptive16_etth1_pl720_seed2039,frwkv_crossbranchperiodicpositiongate_adaptive
ETTh1,720,CrossBranchGate,2024,0.474657,0.470241,parallel_run_20260503_131828,kbs_fullabl16_crossbranchgate_etth1_pl720_seed2024,frwkv_crossbranchgate
ETTh1,720,CrossBranchGate,2025,0.466277,0.461311,parallel_run_20260503_131828,kbs_fullabl16_crossbranchgate_etth1_pl720_seed2025,frwkv_crossbranchgate
ETTh1,720,CrossBranchGate,2026,0.476404,0.471857,parallel_run_20260503_131828,kbs_fullabl16_crossbranchgate_etth1_pl720_seed2026,frwkv_crossbranchgate
ETTh1,720,CrossBranchGate,2027,0.475428,0.470043,parallel_run_20260503_131828,kbs_fullabl16_crossbranchgate_etth1_pl720_seed2027,frwkv_crossbranchgate
ETTh1,720,CrossBranchGate,2028,0.476232,0.470162,parallel_run_20260503_131828,kbs_fullabl16_crossbranchgate_etth1_pl720_seed2028,frwkv_crossbranchgate
ETTh1,720,CrossBranchGate,2029,0.475619,0.467524,parallel_run_20260503_131828,kbs_fullabl16_crossbranchgate_etth1_pl720_seed2029,frwkv_crossbranchgate
ETTh1,720,CrossBranchGate,2030,0.491708,0.478053,parallel_run_20260503_131828,kbs_fullabl16_crossbranchgate_etth1_pl720_seed2030,frwkv_crossbranchgate
ETTh1,720,CrossBranchGate,2031,0.4828,0.472865,parallel_run_20260503_131828,kbs_fullabl16_crossbranchgate_etth1_pl720_seed2031,frwkv_crossbranchgate
ETTh1,720,CrossBranchGate,2032,0.486702,0.475412,parallel_run_20260503_131828,kbs_fullabl16_crossbranchgate_etth1_pl720_seed2032,frwkv_crossbranchgate
ETTh1,720,CrossBranchGate,2033,0.483472,0.473265,parallel_run_20260503_131828,kbs_fullabl16_crossbranchgate_etth1_pl720_seed2033,frwkv_crossbranchgate
ETTh1,720,CrossBranchGate,2034,0.473389,0.466346,parallel_run_20260503_131828,kbs_fullabl16_crossbranchgate_etth1_pl720_seed2034,frwkv_crossbranchgate
ETTh1,720,CrossBranchGate,2035,0.479926,0.470158,parallel_run_20260503_131828,kbs_fullabl16_crossbranchgate_etth1_pl720_seed2035,frwkv_crossbranchgate
ETTh1,720,CrossBranchGate,2036,0.474877,0.469656,parallel_run_20260503_131828,kbs_fullabl16_crossbranchgate_etth1_pl720_seed2036,frwkv_crossbranchgate
ETTh1,720,CrossBranchGate,2037,0.466515,0.463772,parallel_run_20260503_131828,kbs_fullabl16_crossbranchgate_etth1_pl720_seed2037,frwkv_crossbranchgate
ETTh1,720,CrossBranchGate,2038,0.473124,0.46946,parallel_run_20260503_131828,kbs_fullabl16_crossbranchgate_etth1_pl720_seed2038,frwkv_crossbranchgate
ETTh1,720,CrossBranchGate,2039,0.47386,0.469726,parallel_run_20260503_131828,kbs_fullabl16_crossbranchgate_etth1_pl720_seed2039,frwkv_crossbranchgate
ETTh1,720,CrossBranchPhaseGate,2024,0.495842,0.48081,parallel_run_20260503_131828,kbs_fullabl16_crossbranchphasegate_etth1_pl720_seed2024,frwkv_crossbranchphasegate
ETTh1,720,CrossBranchPhaseGate,2025,0.46929,0.466195,parallel_run_20260503_131828,kbs_fullabl16_crossbranchphasegate_etth1_pl720_seed2025,frwkv_crossbranchphasegate
ETTh1,720,CrossBranchPhaseGate,2026,0.487024,0.475837,parallel_run_20260503_131828,kbs_fullabl16_crossbranchphasegate_etth1_pl720_seed2026,frwkv_crossbranchphasegate
ETTh1,720,CrossBranchPhaseGate,2027,0.48991,0.475516,parallel_run_20260503_131828,kbs_fullabl16_crossbranchphasegate_etth1_pl720_seed2027,frwkv_crossbranchphasegate
ETTh1,720,CrossBranchPhaseGate,2028,0.484785,0.472113,parallel_run_20260503_131828,kbs_fullabl16_crossbranchphasegate_etth1_pl720_seed2028,frwkv_crossbranchphasegate
ETTh1,720,CrossBranchPhaseGate,2029,0.478348,0.470854,parallel_run_20260503_131828,kbs_fullabl16_crossbranchphasegate_etth1_pl720_seed2029,frwkv_crossbranchphasegate
ETTh1,720,CrossBranchPhaseGate,2030,0.472272,0.468013,parallel_run_20260503_131828,kbs_fullabl16_crossbranchphasegate_etth1_pl720_seed2030,frwkv_crossbranchphasegate
ETTh1,720,CrossBranchPhaseGate,2031,0.479182,0.46985,parallel_run_20260503_131828,kbs_fullabl16_crossbranchphasegate_etth1_pl720_seed2031,frwkv_crossbranchphasegate
ETTh1,720,CrossBranchPhaseGate,2032,0.491909,0.476577,parallel_run_20260503_131828,kbs_fullabl16_crossbranchphasegate_etth1_pl720_seed2032,frwkv_crossbranchphasegate
ETTh1,720,CrossBranchPhaseGate,2033,0.479588,0.47369,parallel_run_20260503_131828,kbs_fullabl16_crossbranchphasegate_etth1_pl720_seed2033,frwkv_crossbranchphasegate
ETTh1,720,CrossBranchPhaseGate,2034,0.47025,0.465089,parallel_run_20260503_131828,kbs_fullabl16_crossbranchphasegate_etth1_pl720_seed2034,frwkv_crossbranchphasegate
ETTh1,720,CrossBranchPhaseGate,2035,0.475621,0.468702,parallel_run_20260503_131828,kbs_fullabl16_crossbranchphasegate_etth1_pl720_seed2035,frwkv_crossbranchphasegate
ETTh1,720,CrossBranchPhaseGate,2036,0.477627,0.466592,parallel_run_20260503_131828,kbs_fullabl16_crossbranchphasegate_etth1_pl720_seed2036,frwkv_crossbranchphasegate
ETTh1,720,CrossBranchPhaseGate,2037,0.495326,0.477263,parallel_run_20260503_131828,kbs_fullabl16_crossbranchphasegate_etth1_pl720_seed2037,frwkv_crossbranchphasegate
ETTh1,720,CrossBranchPhaseGate,2038,0.490314,0.475705,parallel_run_20260503_131828,kbs_fullabl16_crossbranchphasegate_etth1_pl720_seed2038,frwkv_crossbranchphasegate
ETTh1,720,CrossBranchPhaseGate,2039,0.486114,0.472489,parallel_run_20260503_131828,kbs_fullabl16_crossbranchphasegate_etth1_pl720_seed2039,frwkv_crossbranchphasegate
ETTh1,720,FRWKV,2024,0.472533,0.468856,parallel_run_20260503_131828,kbs_fullabl16_frwkv_etth1_pl720_seed2024,frwkv
ETTh1,720,FRWKV,2025,0.487725,0.477146,parallel_run_20260503_131828,kbs_fullabl16_frwkv_etth1_pl720_seed2025,frwkv
ETTh1,720,FRWKV,2026,0.47826,0.471097,parallel_run_20260503_131828,kbs_fullabl16_frwkv_etth1_pl720_seed2026,frwkv
ETTh1,720,FRWKV,2027,0.483349,0.476006,parallel_run_20260503_131828,kbs_fullabl16_frwkv_etth1_pl720_seed2027,frwkv
ETTh1,720,FRWKV,2028,0.473085,0.468422,parallel_run_20260503_131828,kbs_fullabl16_frwkv_etth1_pl720_seed2028,frwkv
ETTh1,720,FRWKV,2029,0.471111,0.468019,parallel_run_20260503_131828,kbs_fullabl16_frwkv_etth1_pl720_seed2029,frwkv
ETTh1,720,FRWKV,2030,0.480976,0.469351,parallel_run_20260503_131828,kbs_fullabl16_frwkv_etth1_pl720_seed2030,frwkv
ETTh1,720,FRWKV,2031,0.473981,0.468768,parallel_run_20260503_131828,kbs_fullabl16_frwkv_etth1_pl720_seed2031,frwkv
ETTh1,720,FRWKV,2032,0.478427,0.472953,parallel_run_20260503_131828,kbs_fullabl16_frwkv_etth1_pl720_seed2032,frwkv
ETTh1,720,FRWKV,2033,0.47636,0.47179,parallel_run_20260503_131828,kbs_fullabl16_frwkv_etth1_pl720_seed2033,frwkv
ETTh1,720,FRWKV,2034,0.484343,0.469478,parallel_run_20260503_131828,kbs_fullabl16_frwkv_etth1_pl720_seed2034,frwkv
ETTh1,720,FRWKV,2035,0.491282,0.475281,parallel_run_20260503_131828,kbs_fullabl16_frwkv_etth1_pl720_seed2035,frwkv
ETTh1,720,FRWKV,2036,0.495413,0.476417,parallel_run_20260503_131828,kbs_fullabl16_frwkv_etth1_pl720_seed2036,frwkv
ETTh1,720,FRWKV,2037,0.47539,0.471407,parallel_run_20260503_131828,kbs_fullabl16_frwkv_etth1_pl720_seed2037,frwkv
ETTh1,720,FRWKV,2038,0.470105,0.468994,parallel_run_20260503_131828,kbs_fullabl16_frwkv_etth1_pl720_seed2038,frwkv
ETTh1,720,FRWKV,2039,0.478302,0.472443,parallel_run_20260503_131828,kbs_fullabl16_frwkv_etth1_pl720_seed2039,frwkv
ETTh1,720,FullContextDelta,2024,0.489131,0.475953,parallel_run_20260508_212616,kbs_fullctxdelta16_fullctxdelta_etth1_pl720_seed2024,frwkv_crossbranchphasegate_fullcontextdelta
ETTh1,720,FullContextDelta,2025,0.476772,0.468411,parallel_run_20260508_212616,kbs_fullctxdelta16_fullctxdelta_etth1_pl720_seed2025,frwkv_crossbranchphasegate_fullcontextdelta
ETTh1,720,FullContextDelta,2026,0.495633,0.477958,parallel_run_20260508_212616,kbs_fullctxdelta16_fullctxdelta_etth1_pl720_seed2026,frwkv_crossbranchphasegate_fullcontextdelta
ETTh1,720,FullContextDelta,2027,0.479659,0.46784,parallel_run_20260508_212616,kbs_fullctxdelta16_fullctxdelta_etth1_pl720_seed2027,frwkv_crossbranchphasegate_fullcontextdelta
ETTh1,720,FullContextDelta,2028,0.481592,0.473672,parallel_run_20260508_212616,kbs_fullctxdelta16_fullctxdelta_etth1_pl720_seed2028,frwkv_crossbranchphasegate_fullcontextdelta
ETTh1,720,FullContextDelta,2029,0.469076,0.463362,parallel_run_20260508_212616,kbs_fullctxdelta16_fullctxdelta_etth1_pl720_seed2029,frwkv_crossbranchphasegate_fullcontextdelta
ETTh1,720,FullContextDelta,2030,0.473329,0.469301,parallel_run_20260508_212616,kbs_fullctxdelta16_fullctxdelta_etth1_pl720_seed2030,frwkv_crossbranchphasegate_fullcontextdelta
ETTh1,720,FullContextDelta,2031,0.467261,0.46253,parallel_run_20260508_212616,kbs_fullctxdelta16_fullctxdelta_etth1_pl720_seed2031,frwkv_crossbranchphasegate_fullcontextdelta
ETTh1,720,FullContextDelta,2032,0.483687,0.475086,parallel_run_20260508_212616,kbs_fullctxdelta16_fullctxdelta_etth1_pl720_seed2032,frwkv_crossbranchphasegate_fullcontextdelta
ETTh1,720,FullContextDelta,2033,0.48002,0.472257,parallel_run_20260508_212616,kbs_fullctxdelta16_fullctxdelta_etth1_pl720_seed2033,frwkv_crossbranchphasegate_fullcontextdelta
ETTh1,720,FullContextDelta,2034,0.485801,0.474408,parallel_run_20260508_212616,kbs_fullctxdelta16_fullctxdelta_etth1_pl720_seed2034,frwkv_crossbranchphasegate_fullcontextdelta
ETTh1,720,FullContextDelta,2035,0.513975,0.486142,parallel_run_20260508_212616,kbs_fullctxdelta16_fullctxdelta_etth1_pl720_seed2035,frwkv_crossbranchphasegate_fullcontextdelta
ETTh1,720,FullContextDelta,2036,0.483262,0.474756,parallel_run_20260508_212616,kbs_fullctxdelta16_fullctxdelta_etth1_pl720_seed2036,frwkv_crossbranchphasegate_fullcontextdelta
ETTh1,720,FullContextDelta,2037,0.479509,0.472234,parallel_run_20260508_212616,kbs_fullctxdelta16_fullctxdelta_etth1_pl720_seed2037,frwkv_crossbranchphasegate_fullcontextdelta
ETTh1,720,FullContextDelta,2038,0.468081,0.464438,parallel_run_20260508_212616,kbs_fullctxdelta16_fullctxdelta_etth1_pl720_seed2038,frwkv_crossbranchphasegate_fullcontextdelta
ETTh1,720,FullContextDelta,2039,0.490239,0.473448,parallel_run_20260508_212616,kbs_fullctxdelta16_fullctxdelta_etth1_pl720_seed2039,frwkv_crossbranchphasegate_fullcontextdelta
ETTh2,96,Adaptive PhaseGate,2024,0.283867,0.330148,parallel_run_20260509_134027,kbs_adaptive16_etth2_pl96_seed2024,frwkv_crossbranchperiodicpositiongate_adaptive
ETTh2,96,Adaptive PhaseGate,2025,0.28647,0.331275,parallel_run_20260509_134027,kbs_adaptive16_etth2_pl96_seed2025,frwkv_crossbranchperiodicpositiongate_adaptive
ETTh2,96,Adaptive PhaseGate,2026,0.284723,0.331318,parallel_run_20260509_134027,kbs_adaptive16_etth2_pl96_seed2026,frwkv_crossbranchperiodicpositiongate_adaptive
ETTh2,96,Adaptive PhaseGate,2027,0.283335,0.331337,parallel_run_20260509_134027,kbs_adaptive16_etth2_pl96_seed2027,frwkv_crossbranchperiodicpositiongate_adaptive
ETTh2,96,Adaptive PhaseGate,2028,0.285243,0.33083,parallel_run_20260509_134027,kbs_adaptive16_etth2_pl96_seed2028,frwkv_crossbranchperiodicpositiongate_adaptive
ETTh2,96,Adaptive PhaseGate,2029,0.286291,0.331871,parallel_run_20260509_134027,kbs_adaptive16_etth2_pl96_seed2029,frwkv_crossbranchperiodicpositiongate_adaptive
ETTh2,96,Adaptive PhaseGate,2030,0.289305,0.332099,parallel_run_20260509_134027,kbs_adaptive16_etth2_pl96_seed2030,frwkv_crossbranchperiodicpositiongate_adaptive
ETTh2,96,Adaptive PhaseGate,2031,0.287272,0.332109,parallel_run_20260509_134027,kbs_adaptive16_etth2_pl96_seed2031,frwkv_crossbranchperiodicpositiongate_adaptive
ETTh2,96,Adaptive PhaseGate,2032,0.283508,0.330036,parallel_run_20260509_134027,kbs_adaptive16_etth2_pl96_seed2032,frwkv_crossbranchperiodicpositiongate_adaptive
ETTh2,96,Adaptive PhaseGate,2033,0.286547,0.332278,parallel_run_20260509_134027,kbs_adaptive16_etth2_pl96_seed2033,frwkv_crossbranchperiodicpositiongate_adaptive
ETTh2,96,Adaptive PhaseGate,2034,0.278066,0.32743,parallel_run_20260509_134027,kbs_adaptive16_etth2_pl96_seed2034,frwkv_crossbranchperiodicpositiongate_adaptive
ETTh2,96,Adaptive PhaseGate,2035,0.280484,0.328113,parallel_run_20260509_134027,kbs_adaptive16_etth2_pl96_seed2035,frwkv_crossbranchperiodicpositiongate_adaptive
ETTh2,96,Adaptive PhaseGate,2036,0.284415,0.33021,parallel_run_20260509_134027,kbs_adaptive16_etth2_pl96_seed2036,frwkv_crossbranchperiodicpositiongate_adaptive
ETTh2,96,Adaptive PhaseGate,2037,0.287143,0.331637,parallel_run_20260509_134027,kbs_adaptive16_etth2_pl96_seed2037,frwkv_crossbranchperiodicpositiongate_adaptive
ETTh2,96,Adaptive PhaseGate,2038,0.280676,0.32873,parallel_run_20260509_134027,kbs_adaptive16_etth2_pl96_seed2038,frwkv_crossbranchperiodicpositiongate_adaptive
ETTh2,96,Adaptive PhaseGate,2039,0.279295,0.327924,parallel_run_20260509_134027,kbs_adaptive16_etth2_pl96_seed2039,frwkv_crossbranchperiodicpositiongate_adaptive
ETTh2,96,CrossBranchGate,2024,0.284377,0.330574,parallel_run_20260503_131828,kbs_fullabl16_crossbranchgate_etth2_pl96_seed2024,frwkv_crossbranchgate
ETTh2,96,CrossBranchGate,2025,0.282996,0.331199,parallel_run_20260503_131828,kbs_fullabl16_crossbranchgate_etth2_pl96_seed2025,frwkv_crossbranchgate
ETTh2,96,CrossBranchGate,2026,0.280456,0.329892,parallel_run_20260503_131828,kbs_fullabl16_crossbranchgate_etth2_pl96_seed2026,frwkv_crossbranchgate
ETTh2,96,CrossBranchGate,2027,0.292666,0.334793,parallel_run_20260503_131828,kbs_fullabl16_crossbranchgate_etth2_pl96_seed2027,frwkv_crossbranchgate
ETTh2,96,CrossBranchGate,2028,0.283245,0.330026,parallel_run_20260503_131828,kbs_fullabl16_crossbranchgate_etth2_pl96_seed2028,frwkv_crossbranchgate
ETTh2,96,CrossBranchGate,2029,0.287872,0.33213,parallel_run_20260503_131828,kbs_fullabl16_crossbranchgate_etth2_pl96_seed2029,frwkv_crossbranchgate
ETTh2,96,CrossBranchGate,2030,0.28289,0.329497,parallel_run_20260503_131828,kbs_fullabl16_crossbranchgate_etth2_pl96_seed2030,frwkv_crossbranchgate
ETTh2,96,CrossBranchGate,2031,0.281722,0.328848,parallel_run_20260503_131828,kbs_fullabl16_crossbranchgate_etth2_pl96_seed2031,frwkv_crossbranchgate
ETTh2,96,CrossBranchGate,2032,0.286303,0.334454,parallel_run_20260503_131828,kbs_fullabl16_crossbranchgate_etth2_pl96_seed2032,frwkv_crossbranchgate
ETTh2,96,CrossBranchGate,2033,0.28517,0.331528,parallel_run_20260503_131828,kbs_fullabl16_crossbranchgate_etth2_pl96_seed2033,frwkv_crossbranchgate
ETTh2,96,CrossBranchGate,2034,0.289253,0.333238,parallel_run_20260503_131828,kbs_fullabl16_crossbranchgate_etth2_pl96_seed2034,frwkv_crossbranchgate
ETTh2,96,CrossBranchGate,2035,0.280684,0.328183,parallel_run_20260503_131828,kbs_fullabl16_crossbranchgate_etth2_pl96_seed2035,frwkv_crossbranchgate
ETTh2,96,CrossBranchGate,2036,0.281314,0.327778,parallel_run_20260503_131828,kbs_fullabl16_crossbranchgate_etth2_pl96_seed2036,frwkv_crossbranchgate
ETTh2,96,CrossBranchGate,2037,0.28835,0.332953,parallel_run_20260503_131828,kbs_fullabl16_crossbranchgate_etth2_pl96_seed2037,frwkv_crossbranchgate
ETTh2,96,CrossBranchGate,2038,0.283842,0.330092,parallel_run_20260503_131828,kbs_fullabl16_crossbranchgate_etth2_pl96_seed2038,frwkv_crossbranchgate
ETTh2,96,CrossBranchGate,2039,0.285815,0.33133,parallel_run_20260503_131828,kbs_fullabl16_crossbranchgate_etth2_pl96_seed2039,frwkv_crossbranchgate
ETTh2,96,CrossBranchPhaseGate,2024,0.282775,0.329568,parallel_run_20260503_131828,kbs_fullabl16_crossbranchphasegate_etth2_pl96_seed2024,frwkv_crossbranchphasegate
ETTh2,96,CrossBranchPhaseGate,2025,0.2854,0.332067,parallel_run_20260503_131828,kbs_fullabl16_crossbranchphasegate_etth2_pl96_seed2025,frwkv_crossbranchphasegate
ETTh2,96,CrossBranchPhaseGate,2026,0.288532,0.331928,parallel_run_20260503_131828,kbs_fullabl16_crossbranchphasegate_etth2_pl96_seed2026,frwkv_crossbranchphasegate
ETTh2,96,CrossBranchPhaseGate,2027,0.286187,0.331154,parallel_run_20260503_131828,kbs_fullabl16_crossbranchphasegate_etth2_pl96_seed2027,frwkv_crossbranchphasegate
ETTh2,96,CrossBranchPhaseGate,2028,0.285211,0.330567,parallel_run_20260503_131828,kbs_fullabl16_crossbranchphasegate_etth2_pl96_seed2028,frwkv_crossbranchphasegate
ETTh2,96,CrossBranchPhaseGate,2029,0.284171,0.331137,parallel_run_20260503_131828,kbs_fullabl16_crossbranchphasegate_etth2_pl96_seed2029,frwkv_crossbranchphasegate
ETTh2,96,CrossBranchPhaseGate,2030,0.286611,0.331185,parallel_run_20260503_131828,kbs_fullabl16_crossbranchphasegate_etth2_pl96_seed2030,frwkv_crossbranchphasegate
ETTh2,96,CrossBranchPhaseGate,2031,0.284328,0.329886,parallel_run_20260503_131828,kbs_fullabl16_crossbranchphasegate_etth2_pl96_seed2031,frwkv_crossbranchphasegate
ETTh2,96,CrossBranchPhaseGate,2032,0.288365,0.331418,parallel_run_20260503_131828,kbs_fullabl16_crossbranchphasegate_etth2_pl96_seed2032,frwkv_crossbranchphasegate
ETTh2,96,CrossBranchPhaseGate,2033,0.286015,0.330181,parallel_run_20260503_131828,kbs_fullabl16_crossbranchphasegate_etth2_pl96_seed2033,frwkv_crossbranchphasegate
ETTh2,96,CrossBranchPhaseGate,2034,0.282447,0.328888,parallel_run_20260503_131828,kbs_fullabl16_crossbranchphasegate_etth2_pl96_seed2034,frwkv_crossbranchphasegate
ETTh2,96,CrossBranchPhaseGate,2035,0.28202,0.329523,parallel_run_20260503_131828,kbs_fullabl16_crossbranchphasegate_etth2_pl96_seed2035,frwkv_crossbranchphasegate
ETTh2,96,CrossBranchPhaseGate,2036,0.286236,0.330963,parallel_run_20260503_131828,kbs_fullabl16_crossbranchphasegate_etth2_pl96_seed2036,frwkv_crossbranchphasegate
ETTh2,96,CrossBranchPhaseGate,2037,0.288336,0.33117,parallel_run_20260503_131828,kbs_fullabl16_crossbranchphasegate_etth2_pl96_seed2037,frwkv_crossbranchphasegate
ETTh2,96,CrossBranchPhaseGate,2038,0.284375,0.331023,parallel_run_20260503_131828,kbs_fullabl16_crossbranchphasegate_etth2_pl96_seed2038,frwkv_crossbranchphasegate
ETTh2,96,CrossBranchPhaseGate,2039,0.280226,0.329169,parallel_run_20260503_131828,kbs_fullabl16_crossbranchphasegate_etth2_pl96_seed2039,frwkv_crossbranchphasegate
ETTh2,96,FRWKV,2024,0.284035,0.330001,parallel_run_20260503_131828,kbs_fullabl16_frwkv_etth2_pl96_seed2024,frwkv
ETTh2,96,FRWKV,2025,0.288168,0.331135,parallel_run_20260503_131828,kbs_fullabl16_frwkv_etth2_pl96_seed2025,frwkv
ETTh2,96,FRWKV,2026,0.281285,0.327435,parallel_run_20260503_131828,kbs_fullabl16_frwkv_etth2_pl96_seed2026,frwkv
ETTh2,96,FRWKV,2027,0.287351,0.331156,parallel_run_20260503_131828,kbs_fullabl16_frwkv_etth2_pl96_seed2027,frwkv
ETTh2,96,FRWKV,2028,0.280213,0.327711,parallel_run_20260503_131828,kbs_fullabl16_frwkv_etth2_pl96_seed2028,frwkv
ETTh2,96,FRWKV,2029,0.284213,0.330102,parallel_run_20260503_131828,kbs_fullabl16_frwkv_etth2_pl96_seed2029,frwkv
ETTh2,96,FRWKV,2030,0.286008,0.329883,parallel_run_20260503_131828,kbs_fullabl16_frwkv_etth2_pl96_seed2030,frwkv
ETTh2,96,FRWKV,2031,0.287432,0.331691,parallel_run_20260503_131828,kbs_fullabl16_frwkv_etth2_pl96_seed2031,frwkv
ETTh2,96,FRWKV,2032,0.280895,0.328789,parallel_run_20260503_131828,kbs_fullabl16_frwkv_etth2_pl96_seed2032,frwkv
ETTh2,96,FRWKV,2033,0.284681,0.330834,parallel_run_20260503_131828,kbs_fullabl16_frwkv_etth2_pl96_seed2033,frwkv
ETTh2,96,FRWKV,2034,0.284678,0.330305,parallel_run_20260503_131828,kbs_fullabl16_frwkv_etth2_pl96_seed2034,frwkv
ETTh2,96,FRWKV,2035,0.286639,0.331279,parallel_run_20260503_131828,kbs_fullabl16_frwkv_etth2_pl96_seed2035,frwkv
ETTh2,96,FRWKV,2036,0.281417,0.327992,parallel_run_20260503_131828,kbs_fullabl16_frwkv_etth2_pl96_seed2036,frwkv
ETTh2,96,FRWKV,2037,0.28671,0.330859,parallel_run_20260503_131828,kbs_fullabl16_frwkv_etth2_pl96_seed2037,frwkv
ETTh2,96,FRWKV,2038,0.283265,0.329832,parallel_run_20260503_131828,kbs_fullabl16_frwkv_etth2_pl96_seed2038,frwkv
ETTh2,96,FRWKV,2039,0.279972,0.328421,parallel_run_20260503_131828,kbs_fullabl16_frwkv_etth2_pl96_seed2039,frwkv
ETTh2,96,FullContextDelta,2024,0.282653,0.330419,parallel_run_20260508_212616,kbs_fullctxdelta16_fullctxdelta_etth2_pl96_seed2024,frwkv_crossbranchphasegate_fullcontextdelta
ETTh2,96,FullContextDelta,2025,0.285324,0.330692,parallel_run_20260508_212616,kbs_fullctxdelta16_fullctxdelta_etth2_pl96_seed2025,frwkv_crossbranchphasegate_fullcontextdelta
ETTh2,96,FullContextDelta,2026,0.280493,0.328061,parallel_run_20260508_212616,kbs_fullctxdelta16_fullctxdelta_etth2_pl96_seed2026,frwkv_crossbranchphasegate_fullcontextdelta
ETTh2,96,FullContextDelta,2027,0.285304,0.330163,parallel_run_20260508_212616,kbs_fullctxdelta16_fullctxdelta_etth2_pl96_seed2027,frwkv_crossbranchphasegate_fullcontextdelta
ETTh2,96,FullContextDelta,2028,0.288414,0.330554,parallel_run_20260508_212616,kbs_fullctxdelta16_fullctxdelta_etth2_pl96_seed2028,frwkv_crossbranchphasegate_fullcontextdelta
ETTh2,96,FullContextDelta,2029,0.279939,0.328743,parallel_run_20260508_212616,kbs_fullctxdelta16_fullctxdelta_etth2_pl96_seed2029,frwkv_crossbranchphasegate_fullcontextdelta
ETTh2,96,FullContextDelta,2030,0.28461,0.330089,parallel_run_20260508_212616,kbs_fullctxdelta16_fullctxdelta_etth2_pl96_seed2030,frwkv_crossbranchphasegate_fullcontextdelta
ETTh2,96,FullContextDelta,2031,0.281591,0.330617,parallel_run_20260508_212616,kbs_fullctxdelta16_fullctxdelta_etth2_pl96_seed2031,frwkv_crossbranchphasegate_fullcontextdelta
ETTh2,96,FullContextDelta,2032,0.289721,0.33434,parallel_run_20260508_212616,kbs_fullctxdelta16_fullctxdelta_etth2_pl96_seed2032,frwkv_crossbranchphasegate_fullcontextdelta
ETTh2,96,FullContextDelta,2033,0.294945,0.336226,parallel_run_20260508_212616,kbs_fullctxdelta16_fullctxdelta_etth2_pl96_seed2033,frwkv_crossbranchphasegate_fullcontextdelta
ETTh2,96,FullContextDelta,2034,0.28655,0.331841,parallel_run_20260508_212616,kbs_fullctxdelta16_fullctxdelta_etth2_pl96_seed2034,frwkv_crossbranchphasegate_fullcontextdelta
ETTh2,96,FullContextDelta,2035,0.284469,0.32957,parallel_run_20260508_212616,kbs_fullctxdelta16_fullctxdelta_etth2_pl96_seed2035,frwkv_crossbranchphasegate_fullcontextdelta
ETTh2,96,FullContextDelta,2036,0.277254,0.327087,parallel_run_20260508_212616,kbs_fullctxdelta16_fullctxdelta_etth2_pl96_seed2036,frwkv_crossbranchphasegate_fullcontextdelta
ETTh2,96,FullContextDelta,2037,0.285555,0.330641,parallel_run_20260508_212616,kbs_fullctxdelta16_fullctxdelta_etth2_pl96_seed2037,frwkv_crossbranchphasegate_fullcontextdelta
ETTh2,96,FullContextDelta,2038,0.28924,0.331708,parallel_run_20260508_212616,kbs_fullctxdelta16_fullctxdelta_etth2_pl96_seed2038,frwkv_crossbranchphasegate_fullcontextdelta
ETTh2,96,FullContextDelta,2039,0.28768,0.331388,parallel_run_20260508_212616,kbs_fullctxdelta16_fullctxdelta_etth2_pl96_seed2039,frwkv_crossbranchphasegate_fullcontextdelta
ETTh2,192,Adaptive PhaseGate,2024,0.362425,0.380578,parallel_run_20260509_134027,kbs_adaptive16_etth2_pl192_seed2024,frwkv_crossbranchperiodicpositiongate_adaptive
ETTh2,192,Adaptive PhaseGate,2025,0.362493,0.380809,parallel_run_20260509_134027,kbs_adaptive16_etth2_pl192_seed2025,frwkv_crossbranchperiodicpositiongate_adaptive
ETTh2,192,Adaptive PhaseGate,2026,0.363091,0.381057,parallel_run_20260509_134027,kbs_adaptive16_etth2_pl192_seed2026,frwkv_crossbranchperiodicpositiongate_adaptive
ETTh2,192,Adaptive PhaseGate,2027,0.363319,0.381818,parallel_run_20260509_134027,kbs_adaptive16_etth2_pl192_seed2027,frwkv_crossbranchperiodicpositiongate_adaptive
ETTh2,192,Adaptive PhaseGate,2028,0.357763,0.379451,parallel_run_20260509_134027,kbs_adaptive16_etth2_pl192_seed2028,frwkv_crossbranchperiodicpositiongate_adaptive
ETTh2,192,Adaptive PhaseGate,2029,0.363054,0.380651,parallel_run_20260509_134027,kbs_adaptive16_etth2_pl192_seed2029,frwkv_crossbranchperiodicpositiongate_adaptive
ETTh2,192,Adaptive PhaseGate,2030,0.363569,0.38285,parallel_run_20260509_134027,kbs_adaptive16_etth2_pl192_seed2030,frwkv_crossbranchperiodicpositiongate_adaptive
ETTh2,192,Adaptive PhaseGate,2031,0.363702,0.381242,parallel_run_20260509_134027,kbs_adaptive16_etth2_pl192_seed2031,frwkv_crossbranchperiodicpositiongate_adaptive
ETTh2,192,Adaptive PhaseGate,2032,0.363044,0.380363,parallel_run_20260509_134027,kbs_adaptive16_etth2_pl192_seed2032,frwkv_crossbranchperiodicpositiongate_adaptive
ETTh2,192,Adaptive PhaseGate,2033,0.366888,0.385062,parallel_run_20260509_134027,kbs_adaptive16_etth2_pl192_seed2033,frwkv_crossbranchperiodicpositiongate_adaptive
ETTh2,192,Adaptive PhaseGate,2034,0.361973,0.382581,parallel_run_20260509_134027,kbs_adaptive16_etth2_pl192_seed2034,frwkv_crossbranchperiodicpositiongate_adaptive
ETTh2,192,Adaptive PhaseGate,2035,0.362048,0.38081,parallel_run_20260509_134027,kbs_adaptive16_etth2_pl192_seed2035,frwkv_crossbranchperiodicpositiongate_adaptive
ETTh2,192,Adaptive PhaseGate,2036,0.362386,0.381303,parallel_run_20260509_134027,kbs_adaptive16_etth2_pl192_seed2036,frwkv_crossbranchperiodicpositiongate_adaptive
ETTh2,192,Adaptive PhaseGate,2037,0.366208,0.382245,parallel_run_20260509_134027,kbs_adaptive16_etth2_pl192_seed2037,frwkv_crossbranchperiodicpositiongate_adaptive
ETTh2,192,Adaptive PhaseGate,2038,0.364399,0.384846,parallel_run_20260509_134027,kbs_adaptive16_etth2_pl192_seed2038,frwkv_crossbranchperiodicpositiongate_adaptive
ETTh2,192,Adaptive PhaseGate,2039,0.361279,0.381323,parallel_run_20260509_134027,kbs_adaptive16_etth2_pl192_seed2039,frwkv_crossbranchperiodicpositiongate_adaptive
ETTh2,192,CrossBranchGate,2024,0.364419,0.384175,parallel_run_20260503_131828,kbs_fullabl16_crossbranchgate_etth2_pl192_seed2024,frwkv_crossbranchgate
ETTh2,192,CrossBranchGate,2025,0.35855,0.379742,parallel_run_20260503_131828,kbs_fullabl16_crossbranchgate_etth2_pl192_seed2025,frwkv_crossbranchgate
ETTh2,192,CrossBranchGate,2026,0.368191,0.384314,parallel_run_20260503_131828,kbs_fullabl16_crossbranchgate_etth2_pl192_seed2026,frwkv_crossbranchgate
ETTh2,192,CrossBranchGate,2027,0.364313,0.383104,parallel_run_20260503_131828,kbs_fullabl16_crossbranchgate_etth2_pl192_seed2027,frwkv_crossbranchgate
ETTh2,192,CrossBranchGate,2028,0.365584,0.382333,parallel_run_20260503_131828,kbs_fullabl16_crossbranchgate_etth2_pl192_seed2028,frwkv_crossbranchgate
ETTh2,192,CrossBranchGate,2029,0.370001,0.383478,parallel_run_20260503_131828,kbs_fullabl16_crossbranchgate_etth2_pl192_seed2029,frwkv_crossbranchgate
ETTh2,192,CrossBranchGate,2030,0.361934,0.381481,parallel_run_20260503_131828,kbs_fullabl16_crossbranchgate_etth2_pl192_seed2030,frwkv_crossbranchgate
ETTh2,192,CrossBranchGate,2031,0.366768,0.382787,parallel_run_20260503_131828,kbs_fullabl16_crossbranchgate_etth2_pl192_seed2031,frwkv_crossbranchgate
ETTh2,192,CrossBranchGate,2032,0.363649,0.38183,parallel_run_20260503_131828,kbs_fullabl16_crossbranchgate_etth2_pl192_seed2032,frwkv_crossbranchgate
ETTh2,192,CrossBranchGate,2033,0.363153,0.381849,parallel_run_20260503_131828,kbs_fullabl16_crossbranchgate_etth2_pl192_seed2033,frwkv_crossbranchgate
ETTh2,192,CrossBranchGate,2034,0.359448,0.380953,parallel_run_20260503_131828,kbs_fullabl16_crossbranchgate_etth2_pl192_seed2034,frwkv_crossbranchgate
ETTh2,192,CrossBranchGate,2035,0.360195,0.378609,parallel_run_20260503_131828,kbs_fullabl16_crossbranchgate_etth2_pl192_seed2035,frwkv_crossbranchgate
ETTh2,192,CrossBranchGate,2036,0.365211,0.383963,parallel_run_20260503_131828,kbs_fullabl16_crossbranchgate_etth2_pl192_seed2036,frwkv_crossbranchgate
ETTh2,192,CrossBranchGate,2037,0.36641,0.382837,parallel_run_20260503_131828,kbs_fullabl16_crossbranchgate_etth2_pl192_seed2037,frwkv_crossbranchgate
ETTh2,192,CrossBranchGate,2038,0.359332,0.380095,parallel_run_20260503_131828,kbs_fullabl16_crossbranchgate_etth2_pl192_seed2038,frwkv_crossbranchgate
ETTh2,192,CrossBranchGate,2039,0.364026,0.381627,parallel_run_20260503_131828,kbs_fullabl16_crossbranchgate_etth2_pl192_seed2039,frwkv_crossbranchgate
ETTh2,192,CrossBranchPhaseGate,2024,0.36736,0.383757,parallel_run_20260503_131828,kbs_fullabl16_crossbranchphasegate_etth2_pl192_seed2024,frwkv_crossbranchphasegate
ETTh2,192,CrossBranchPhaseGate,2025,0.365616,0.382386,parallel_run_20260503_131828,kbs_fullabl16_crossbranchphasegate_etth2_pl192_seed2025,frwkv_crossbranchphasegate
ETTh2,192,CrossBranchPhaseGate,2026,0.360537,0.380495,parallel_run_20260503_131828,kbs_fullabl16_crossbranchphasegate_etth2_pl192_seed2026,frwkv_crossbranchphasegate
ETTh2,192,CrossBranchPhaseGate,2027,0.370606,0.386179,parallel_run_20260503_131828,kbs_fullabl16_crossbranchphasegate_etth2_pl192_seed2027,frwkv_crossbranchphasegate
ETTh2,192,CrossBranchPhaseGate,2028,0.362653,0.380563,parallel_run_20260503_131828,kbs_fullabl16_crossbranchphasegate_etth2_pl192_seed2028,frwkv_crossbranchphasegate
ETTh2,192,CrossBranchPhaseGate,2029,0.366912,0.382235,parallel_run_20260503_131828,kbs_fullabl16_crossbranchphasegate_etth2_pl192_seed2029,frwkv_crossbranchphasegate
ETTh2,192,CrossBranchPhaseGate,2030,0.360818,0.379387,parallel_run_20260503_131828,kbs_fullabl16_crossbranchphasegate_etth2_pl192_seed2030,frwkv_crossbranchphasegate
ETTh2,192,CrossBranchPhaseGate,2031,0.363827,0.381513,parallel_run_20260503_131828,kbs_fullabl16_crossbranchphasegate_etth2_pl192_seed2031,frwkv_crossbranchphasegate
ETTh2,192,CrossBranchPhaseGate,2032,0.36236,0.380234,parallel_run_20260503_131828,kbs_fullabl16_crossbranchphasegate_etth2_pl192_seed2032,frwkv_crossbranchphasegate
ETTh2,192,CrossBranchPhaseGate,2033,0.361745,0.380864,parallel_run_20260503_131828,kbs_fullabl16_crossbranchphasegate_etth2_pl192_seed2033,frwkv_crossbranchphasegate
ETTh2,192,CrossBranchPhaseGate,2034,0.364707,0.382149,parallel_run_20260503_131828,kbs_fullabl16_crossbranchphasegate_etth2_pl192_seed2034,frwkv_crossbranchphasegate
ETTh2,192,CrossBranchPhaseGate,2035,0.36826,0.384114,parallel_run_20260503_131828,kbs_fullabl16_crossbranchphasegate_etth2_pl192_seed2035,frwkv_crossbranchphasegate
ETTh2,192,CrossBranchPhaseGate,2036,0.363578,0.381556,parallel_run_20260503_131828,kbs_fullabl16_crossbranchphasegate_etth2_pl192_seed2036,frwkv_crossbranchphasegate
ETTh2,192,CrossBranchPhaseGate,2037,0.362226,0.380192,parallel_run_20260503_131828,kbs_fullabl16_crossbranchphasegate_etth2_pl192_seed2037,frwkv_crossbranchphasegate
ETTh2,192,CrossBranchPhaseGate,2038,0.363894,0.38156,parallel_run_20260503_131828,kbs_fullabl16_crossbranchphasegate_etth2_pl192_seed2038,frwkv_crossbranchphasegate
ETTh2,192,CrossBranchPhaseGate,2039,0.361195,0.379838,parallel_run_20260503_131828,kbs_fullabl16_crossbranchphasegate_etth2_pl192_seed2039,frwkv_crossbranchphasegate
ETTh2,192,FRWKV,2024,0.362767,0.381535,parallel_run_20260503_131828,kbs_fullabl16_frwkv_etth2_pl192_seed2024,frwkv
ETTh2,192,FRWKV,2025,0.360893,0.381466,parallel_run_20260503_131828,kbs_fullabl16_frwkv_etth2_pl192_seed2025,frwkv
ETTh2,192,FRWKV,2026,0.362477,0.380009,parallel_run_20260503_131828,kbs_fullabl16_frwkv_etth2_pl192_seed2026,frwkv
ETTh2,192,FRWKV,2027,0.365085,0.382278,parallel_run_20260503_131828,kbs_fullabl16_frwkv_etth2_pl192_seed2027,frwkv
ETTh2,192,FRWKV,2028,0.35946,0.379174,parallel_run_20260503_131828,kbs_fullabl16_frwkv_etth2_pl192_seed2028,frwkv
ETTh2,192,FRWKV,2029,0.361238,0.379153,parallel_run_20260503_131828,kbs_fullabl16_frwkv_etth2_pl192_seed2029,frwkv
ETTh2,192,FRWKV,2030,0.359319,0.380163,parallel_run_20260503_131828,kbs_fullabl16_frwkv_etth2_pl192_seed2030,frwkv
ETTh2,192,FRWKV,2031,0.363224,0.381592,parallel_run_20260503_131828,kbs_fullabl16_frwkv_etth2_pl192_seed2031,frwkv
ETTh2,192,FRWKV,2032,0.370863,0.384089,parallel_run_20260503_131828,kbs_fullabl16_frwkv_etth2_pl192_seed2032,frwkv
ETTh2,192,FRWKV,2033,0.363647,0.380202,parallel_run_20260503_131828,kbs_fullabl16_frwkv_etth2_pl192_seed2033,frwkv
ETTh2,192,FRWKV,2034,0.364498,0.383012,parallel_run_20260503_131828,kbs_fullabl16_frwkv_etth2_pl192_seed2034,frwkv
ETTh2,192,FRWKV,2035,0.360189,0.380757,parallel_run_20260503_131828,kbs_fullabl16_frwkv_etth2_pl192_seed2035,frwkv
ETTh2,192,FRWKV,2036,0.359425,0.37884,parallel_run_20260503_131828,kbs_fullabl16_frwkv_etth2_pl192_seed2036,frwkv
ETTh2,192,FRWKV,2037,0.364086,0.381818,parallel_run_20260503_131828,kbs_fullabl16_frwkv_etth2_pl192_seed2037,frwkv
ETTh2,192,FRWKV,2038,0.363664,0.381439,parallel_run_20260503_131828,kbs_fullabl16_frwkv_etth2_pl192_seed2038,frwkv
ETTh2,192,FRWKV,2039,0.363098,0.380525,parallel_run_20260503_131828,kbs_fullabl16_frwkv_etth2_pl192_seed2039,frwkv
ETTh2,192,FullContextDelta,2024,0.365225,0.382173,parallel_run_20260508_212616,kbs_fullctxdelta16_fullctxdelta_etth2_pl192_seed2024,frwkv_crossbranchphasegate_fullcontextdelta
ETTh2,192,FullContextDelta,2025,0.364222,0.382213,parallel_run_20260508_212616,kbs_fullctxdelta16_fullctxdelta_etth2_pl192_seed2025,frwkv_crossbranchphasegate_fullcontextdelta
ETTh2,192,FullContextDelta,2026,0.359729,0.380352,parallel_run_20260508_212616,kbs_fullctxdelta16_fullctxdelta_etth2_pl192_seed2026,frwkv_crossbranchphasegate_fullcontextdelta
ETTh2,192,FullContextDelta,2027,0.361956,0.380912,parallel_run_20260508_212616,kbs_fullctxdelta16_fullctxdelta_etth2_pl192_seed2027,frwkv_crossbranchphasegate_fullcontextdelta
ETTh2,192,FullContextDelta,2028,0.364829,0.382009,parallel_run_20260508_212616,kbs_fullctxdelta16_fullctxdelta_etth2_pl192_seed2028,frwkv_crossbranchphasegate_fullcontextdelta
ETTh2,192,FullContextDelta,2029,0.357524,0.379088,parallel_run_20260508_212616,kbs_fullctxdelta16_fullctxdelta_etth2_pl192_seed2029,frwkv_crossbranchphasegate_fullcontextdelta
ETTh2,192,FullContextDelta,2030,0.365521,0.382874,parallel_run_20260508_212616,kbs_fullctxdelta16_fullctxdelta_etth2_pl192_seed2030,frwkv_crossbranchphasegate_fullcontextdelta
ETTh2,192,FullContextDelta,2031,0.36268,0.382215,parallel_run_20260508_212616,kbs_fullctxdelta16_fullctxdelta_etth2_pl192_seed2031,frwkv_crossbranchphasegate_fullcontextdelta
ETTh2,192,FullContextDelta,2032,0.370037,0.38647,parallel_run_20260508_212616,kbs_fullctxdelta16_fullctxdelta_etth2_pl192_seed2032,frwkv_crossbranchphasegate_fullcontextdelta
ETTh2,192,FullContextDelta,2033,0.367515,0.384566,parallel_run_20260508_212616,kbs_fullctxdelta16_fullctxdelta_etth2_pl192_seed2033,frwkv_crossbranchphasegate_fullcontextdelta
ETTh2,192,FullContextDelta,2034,0.359748,0.380213,parallel_run_20260508_212616,kbs_fullctxdelta16_fullctxdelta_etth2_pl192_seed2034,frwkv_crossbranchphasegate_fullcontextdelta
ETTh2,192,FullContextDelta,2035,0.360438,0.380287,parallel_run_20260508_212616,kbs_fullctxdelta16_fullctxdelta_etth2_pl192_seed2035,frwkv_crossbranchphasegate_fullcontextdelta
ETTh2,192,FullContextDelta,2036,0.36602,0.382718,parallel_run_20260508_212616,kbs_fullctxdelta16_fullctxdelta_etth2_pl192_seed2036,frwkv_crossbranchphasegate_fullcontextdelta
ETTh2,192,FullContextDelta,2037,0.366235,0.383471,parallel_run_20260508_212616,kbs_fullctxdelta16_fullctxdelta_etth2_pl192_seed2037,frwkv_crossbranchphasegate_fullcontextdelta
ETTh2,192,FullContextDelta,2038,0.362153,0.381811,parallel_run_20260508_212616,kbs_fullctxdelta16_fullctxdelta_etth2_pl192_seed2038,frwkv_crossbranchphasegate_fullcontextdelta
ETTh2,192,FullContextDelta,2039,0.359773,0.381067,parallel_run_20260508_212616,kbs_fullctxdelta16_fullctxdelta_etth2_pl192_seed2039,frwkv_crossbranchphasegate_fullcontextdelta
ETTh2,336,Adaptive PhaseGate,2024,0.399594,0.41141,parallel_run_20260509_134027,kbs_adaptive16_etth2_pl336_seed2024,frwkv_crossbranchperiodicpositiongate_adaptive
ETTh2,336,Adaptive PhaseGate,2025,0.402121,0.411504,parallel_run_20260509_134027,kbs_adaptive16_etth2_pl336_seed2025,frwkv_crossbranchperiodicpositiongate_adaptive
ETTh2,336,Adaptive PhaseGate,2026,0.410595,0.415918,parallel_run_20260509_134027,kbs_adaptive16_etth2_pl336_seed2026,frwkv_crossbranchperiodicpositiongate_adaptive
ETTh2,336,Adaptive PhaseGate,2027,0.407093,0.416776,parallel_run_20260509_134027,kbs_adaptive16_etth2_pl336_seed2027,frwkv_crossbranchperiodicpositiongate_adaptive
ETTh2,336,Adaptive PhaseGate,2028,0.400594,0.41177,parallel_run_20260509_134027,kbs_adaptive16_etth2_pl336_seed2028,frwkv_crossbranchperiodicpositiongate_adaptive
ETTh2,336,Adaptive PhaseGate,2029,0.403103,0.41395,parallel_run_20260509_134027,kbs_adaptive16_etth2_pl336_seed2029,frwkv_crossbranchperiodicpositiongate_adaptive
ETTh2,336,Adaptive PhaseGate,2030,0.406273,0.415678,parallel_run_20260509_134027,kbs_adaptive16_etth2_pl336_seed2030,frwkv_crossbranchperiodicpositiongate_adaptive
ETTh2,336,Adaptive PhaseGate,2031,0.404115,0.414899,parallel_run_20260509_134027,kbs_adaptive16_etth2_pl336_seed2031,frwkv_crossbranchperiodicpositiongate_adaptive
ETTh2,336,Adaptive PhaseGate,2032,0.39995,0.411159,parallel_run_20260509_134027,kbs_adaptive16_etth2_pl336_seed2032,frwkv_crossbranchperiodicpositiongate_adaptive
ETTh2,336,Adaptive PhaseGate,2033,0.398926,0.41184,parallel_run_20260509_134027,kbs_adaptive16_etth2_pl336_seed2033,frwkv_crossbranchperiodicpositiongate_adaptive
ETTh2,336,Adaptive PhaseGate,2034,0.405741,0.416126,parallel_run_20260509_134027,kbs_adaptive16_etth2_pl336_seed2034,frwkv_crossbranchperiodicpositiongate_adaptive
ETTh2,336,Adaptive PhaseGate,2035,0.408044,0.4143,parallel_run_20260509_134027,kbs_adaptive16_etth2_pl336_seed2035,frwkv_crossbranchperiodicpositiongate_adaptive
ETTh2,336,Adaptive PhaseGate,2036,0.40348,0.413353,parallel_run_20260509_134027,kbs_adaptive16_etth2_pl336_seed2036,frwkv_crossbranchperiodicpositiongate_adaptive
ETTh2,336,Adaptive PhaseGate,2037,0.400568,0.411127,parallel_run_20260509_134027,kbs_adaptive16_etth2_pl336_seed2037,frwkv_crossbranchperiodicpositiongate_adaptive
ETTh2,336,Adaptive PhaseGate,2038,0.404121,0.415106,parallel_run_20260509_134027,kbs_adaptive16_etth2_pl336_seed2038,frwkv_crossbranchperiodicpositiongate_adaptive
ETTh2,336,Adaptive PhaseGate,2039,0.39985,0.412108,parallel_run_20260509_134027,kbs_adaptive16_etth2_pl336_seed2039,frwkv_crossbranchperiodicpositiongate_adaptive
ETTh2,336,CrossBranchGate,2024,0.403693,0.416459,parallel_run_20260503_131828,kbs_fullabl16_crossbranchgate_etth2_pl336_seed2024,frwkv_crossbranchgate
ETTh2,336,CrossBranchGate,2025,0.405414,0.414588,parallel_run_20260503_131828,kbs_fullabl16_crossbranchgate_etth2_pl336_seed2025,frwkv_crossbranchgate
ETTh2,336,CrossBranchGate,2026,0.40041,0.413457,parallel_run_20260503_131828,kbs_fullabl16_crossbranchgate_etth2_pl336_seed2026,frwkv_crossbranchgate
ETTh2,336,CrossBranchGate,2027,0.399308,0.409976,parallel_run_20260503_131828,kbs_fullabl16_crossbranchgate_etth2_pl336_seed2027,frwkv_crossbranchgate
ETTh2,336,CrossBranchGate,2028,0.404718,0.413143,parallel_run_20260503_131828,kbs_fullabl16_crossbranchgate_etth2_pl336_seed2028,frwkv_crossbranchgate
ETTh2,336,CrossBranchGate,2029,0.404495,0.414711,parallel_run_20260503_131828,kbs_fullabl16_crossbranchgate_etth2_pl336_seed2029,frwkv_crossbranchgate
ETTh2,336,CrossBranchGate,2030,0.408322,0.416093,parallel_run_20260503_131828,kbs_fullabl16_crossbranchgate_etth2_pl336_seed2030,frwkv_crossbranchgate
ETTh2,336,CrossBranchGate,2031,0.397793,0.411246,parallel_run_20260503_131828,kbs_fullabl16_crossbranchgate_etth2_pl336_seed2031,frwkv_crossbranchgate
ETTh2,336,CrossBranchGate,2032,0.411373,0.418982,parallel_run_20260503_131828,kbs_fullabl16_crossbranchgate_etth2_pl336_seed2032,frwkv_crossbranchgate
ETTh2,336,CrossBranchGate,2033,0.406403,0.417383,parallel_run_20260503_131828,kbs_fullabl16_crossbranchgate_etth2_pl336_seed2033,frwkv_crossbranchgate
ETTh2,336,CrossBranchGate,2034,0.40353,0.413053,parallel_run_20260503_131828,kbs_fullabl16_crossbranchgate_etth2_pl336_seed2034,frwkv_crossbranchgate
ETTh2,336,CrossBranchGate,2035,0.400214,0.412376,parallel_run_20260503_131828,kbs_fullabl16_crossbranchgate_etth2_pl336_seed2035,frwkv_crossbranchgate
ETTh2,336,CrossBranchGate,2036,0.410302,0.416268,parallel_run_20260503_131828,kbs_fullabl16_crossbranchgate_etth2_pl336_seed2036,frwkv_crossbranchgate
ETTh2,336,CrossBranchGate,2037,0.407938,0.414809,parallel_run_20260503_131828,kbs_fullabl16_crossbranchgate_etth2_pl336_seed2037,frwkv_crossbranchgate
ETTh2,336,CrossBranchGate,2038,0.404705,0.414164,parallel_run_20260503_131828,kbs_fullabl16_crossbranchgate_etth2_pl336_seed2038,frwkv_crossbranchgate
ETTh2,336,CrossBranchGate,2039,0.40396,0.414746,parallel_run_20260503_131828,kbs_fullabl16_crossbranchgate_etth2_pl336_seed2039,frwkv_crossbranchgate
ETTh2,336,CrossBranchPhaseGate,2024,0.407203,0.418094,parallel_run_20260503_131828,kbs_fullabl16_crossbranchphasegate_etth2_pl336_seed2024,frwkv_crossbranchphasegate
ETTh2,336,CrossBranchPhaseGate,2025,0.400938,0.411825,parallel_run_20260503_131828,kbs_fullabl16_crossbranchphasegate_etth2_pl336_seed2025,frwkv_crossbranchphasegate
ETTh2,336,CrossBranchPhaseGate,2026,0.408834,0.414567,parallel_run_20260503_131828,kbs_fullabl16_crossbranchphasegate_etth2_pl336_seed2026,frwkv_crossbranchphasegate
ETTh2,336,CrossBranchPhaseGate,2027,0.403772,0.411136,parallel_run_20260503_131828,kbs_fullabl16_crossbranchphasegate_etth2_pl336_seed2027,frwkv_crossbranchphasegate
ETTh2,336,CrossBranchPhaseGate,2028,0.405707,0.415091,parallel_run_20260503_131828,kbs_fullabl16_crossbranchphasegate_etth2_pl336_seed2028,frwkv_crossbranchphasegate
ETTh2,336,CrossBranchPhaseGate,2029,0.403366,0.41468,parallel_run_20260503_131828,kbs_fullabl16_crossbranchphasegate_etth2_pl336_seed2029,frwkv_crossbranchphasegate
ETTh2,336,CrossBranchPhaseGate,2030,0.414493,0.417749,parallel_run_20260503_131828,kbs_fullabl16_crossbranchphasegate_etth2_pl336_seed2030,frwkv_crossbranchphasegate
ETTh2,336,CrossBranchPhaseGate,2031,0.407207,0.415223,parallel_run_20260503_131828,kbs_fullabl16_crossbranchphasegate_etth2_pl336_seed2031,frwkv_crossbranchphasegate
ETTh2,336,CrossBranchPhaseGate,2032,0.404563,0.414223,parallel_run_20260503_131828,kbs_fullabl16_crossbranchphasegate_etth2_pl336_seed2032,frwkv_crossbranchphasegate
ETTh2,336,CrossBranchPhaseGate,2033,0.410069,0.415921,parallel_run_20260503_131828,kbs_fullabl16_crossbranchphasegate_etth2_pl336_seed2033,frwkv_crossbranchphasegate
ETTh2,336,CrossBranchPhaseGate,2034,0.408346,0.415789,parallel_run_20260503_131828,kbs_fullabl16_crossbranchphasegate_etth2_pl336_seed2034,frwkv_crossbranchphasegate
ETTh2,336,CrossBranchPhaseGate,2035,0.402646,0.411298,parallel_run_20260503_131828,kbs_fullabl16_crossbranchphasegate_etth2_pl336_seed2035,frwkv_crossbranchphasegate
ETTh2,336,CrossBranchPhaseGate,2036,0.410281,0.416457,parallel_run_20260503_131828,kbs_fullabl16_crossbranchphasegate_etth2_pl336_seed2036,frwkv_crossbranchphasegate
ETTh2,336,CrossBranchPhaseGate,2037,0.395789,0.411437,parallel_run_20260503_131828,kbs_fullabl16_crossbranchphasegate_etth2_pl336_seed2037,frwkv_crossbranchphasegate
ETTh2,336,CrossBranchPhaseGate,2038,0.402572,0.415717,parallel_run_20260503_131828,kbs_fullabl16_crossbranchphasegate_etth2_pl336_seed2038,frwkv_crossbranchphasegate
ETTh2,336,CrossBranchPhaseGate,2039,0.40414,0.414194,parallel_run_20260503_131828,kbs_fullabl16_crossbranchphasegate_etth2_pl336_seed2039,frwkv_crossbranchphasegate
ETTh2,336,FRWKV,2024,0.402549,0.41231,parallel_run_20260503_131828,kbs_fullabl16_frwkv_etth2_pl336_seed2024,frwkv
ETTh2,336,FRWKV,2025,0.406171,0.414736,parallel_run_20260503_131828,kbs_fullabl16_frwkv_etth2_pl336_seed2025,frwkv
ETTh2,336,FRWKV,2026,0.406305,0.415069,parallel_run_20260503_131828,kbs_fullabl16_frwkv_etth2_pl336_seed2026,frwkv
ETTh2,336,FRWKV,2027,0.406022,0.415148,parallel_run_20260503_131828,kbs_fullabl16_frwkv_etth2_pl336_seed2027,frwkv
ETTh2,336,FRWKV,2028,0.401436,0.411108,parallel_run_20260503_131828,kbs_fullabl16_frwkv_etth2_pl336_seed2028,frwkv
ETTh2,336,FRWKV,2029,0.40179,0.411908,parallel_run_20260503_131828,kbs_fullabl16_frwkv_etth2_pl336_seed2029,frwkv
ETTh2,336,FRWKV,2030,0.406397,0.414618,parallel_run_20260503_131828,kbs_fullabl16_frwkv_etth2_pl336_seed2030,frwkv
ETTh2,336,FRWKV,2031,0.411805,0.416265,parallel_run_20260503_131828,kbs_fullabl16_frwkv_etth2_pl336_seed2031,frwkv
ETTh2,336,FRWKV,2032,0.397942,0.410408,parallel_run_20260503_131828,kbs_fullabl16_frwkv_etth2_pl336_seed2032,frwkv
ETTh2,336,FRWKV,2033,0.404724,0.415918,parallel_run_20260503_131828,kbs_fullabl16_frwkv_etth2_pl336_seed2033,frwkv
ETTh2,336,FRWKV,2034,0.401641,0.411443,parallel_run_20260503_131828,kbs_fullabl16_frwkv_etth2_pl336_seed2034,frwkv
ETTh2,336,FRWKV,2035,0.406747,0.414657,parallel_run_20260503_131828,kbs_fullabl16_frwkv_etth2_pl336_seed2035,frwkv
ETTh2,336,FRWKV,2036,0.405501,0.413092,parallel_run_20260503_131828,kbs_fullabl16_frwkv_etth2_pl336_seed2036,frwkv
ETTh2,336,FRWKV,2037,0.405311,0.415429,parallel_run_20260503_131828,kbs_fullabl16_frwkv_etth2_pl336_seed2037,frwkv
ETTh2,336,FRWKV,2038,0.402257,0.414123,parallel_run_20260503_131828,kbs_fullabl16_frwkv_etth2_pl336_seed2038,frwkv
ETTh2,336,FRWKV,2039,0.409202,0.414968,parallel_run_20260503_131828,kbs_fullabl16_frwkv_etth2_pl336_seed2039,frwkv
ETTh2,336,FullContextDelta,2024,0.405053,0.414145,parallel_run_20260508_212616,kbs_fullctxdelta16_fullctxdelta_etth2_pl336_seed2024,frwkv_crossbranchphasegate_fullcontextdelta
ETTh2,336,FullContextDelta,2025,0.406835,0.414256,parallel_run_20260508_212616,kbs_fullctxdelta16_fullctxdelta_etth2_pl336_seed2025,frwkv_crossbranchphasegate_fullcontextdelta
ETTh2,336,FullContextDelta,2026,0.403421,0.412394,parallel_run_20260508_212616,kbs_fullctxdelta16_fullctxdelta_etth2_pl336_seed2026,frwkv_crossbranchphasegate_fullcontextdelta
ETTh2,336,FullContextDelta,2027,0.398237,0.411516,parallel_run_20260508_212616,kbs_fullctxdelta16_fullctxdelta_etth2_pl336_seed2027,frwkv_crossbranchphasegate_fullcontextdelta
ETTh2,336,FullContextDelta,2028,0.401447,0.412625,parallel_run_20260508_212616,kbs_fullctxdelta16_fullctxdelta_etth2_pl336_seed2028,frwkv_crossbranchphasegate_fullcontextdelta
ETTh2,336,FullContextDelta,2029,0.401577,0.413241,parallel_run_20260508_212616,kbs_fullctxdelta16_fullctxdelta_etth2_pl336_seed2029,frwkv_crossbranchphasegate_fullcontextdelta
ETTh2,336,FullContextDelta,2030,0.412551,0.415984,parallel_run_20260508_212616,kbs_fullctxdelta16_fullctxdelta_etth2_pl336_seed2030,frwkv_crossbranchphasegate_fullcontextdelta
ETTh2,336,FullContextDelta,2031,0.414182,0.421958,parallel_run_20260508_212616,kbs_fullctxdelta16_fullctxdelta_etth2_pl336_seed2031,frwkv_crossbranchphasegate_fullcontextdelta
ETTh2,336,FullContextDelta,2032,0.412746,0.416736,parallel_run_20260508_212616,kbs_fullctxdelta16_fullctxdelta_etth2_pl336_seed2032,frwkv_crossbranchphasegate_fullcontextdelta
ETTh2,336,FullContextDelta,2033,0.410567,0.417822,parallel_run_20260508_212616,kbs_fullctxdelta16_fullctxdelta_etth2_pl336_seed2033,frwkv_crossbranchphasegate_fullcontextdelta
ETTh2,336,FullContextDelta,2034,0.401516,0.411442,parallel_run_20260508_212616,kbs_fullctxdelta16_fullctxdelta_etth2_pl336_seed2034,frwkv_crossbranchphasegate_fullcontextdelta
ETTh2,336,FullContextDelta,2035,0.398324,0.409812,parallel_run_20260508_212616,kbs_fullctxdelta16_fullctxdelta_etth2_pl336_seed2035,frwkv_crossbranchphasegate_fullcontextdelta
ETTh2,336,FullContextDelta,2036,0.397209,0.409641,parallel_run_20260508_212616,kbs_fullctxdelta16_fullctxdelta_etth2_pl336_seed2036,frwkv_crossbranchphasegate_fullcontextdelta
ETTh2,336,FullContextDelta,2037,0.407463,0.414107,parallel_run_20260508_212616,kbs_fullctxdelta16_fullctxdelta_etth2_pl336_seed2037,frwkv_crossbranchphasegate_fullcontextdelta
ETTh2,336,FullContextDelta,2038,0.399942,0.413377,parallel_run_20260508_212616,kbs_fullctxdelta16_fullctxdelta_etth2_pl336_seed2038,frwkv_crossbranchphasegate_fullcontextdelta
ETTh2,336,FullContextDelta,2039,0.399049,0.411358,parallel_run_20260508_212616,kbs_fullctxdelta16_fullctxdelta_etth2_pl336_seed2039,frwkv_crossbranchphasegate_fullcontextdelta
ETTh2,720,Adaptive PhaseGate,2024,0.419552,0.43289,parallel_run_20260509_134027,kbs_adaptive16_etth2_pl720_seed2024,frwkv_crossbranchperiodicpositiongate_adaptive
ETTh2,720,Adaptive PhaseGate,2025,0.419202,0.433178,parallel_run_20260509_134027,kbs_adaptive16_etth2_pl720_seed2025,frwkv_crossbranchperiodicpositiongate_adaptive
ETTh2,720,Adaptive PhaseGate,2026,0.426378,0.436131,parallel_run_20260509_134027,kbs_adaptive16_etth2_pl720_seed2026,frwkv_crossbranchperiodicpositiongate_adaptive
ETTh2,720,Adaptive PhaseGate,2027,0.418625,0.433954,parallel_run_20260509_134027,kbs_adaptive16_etth2_pl720_seed2027,frwkv_crossbranchperiodicpositiongate_adaptive
ETTh2,720,Adaptive PhaseGate,2028,0.407341,0.426889,parallel_run_20260509_134027,kbs_adaptive16_etth2_pl720_seed2028,frwkv_crossbranchperiodicpositiongate_adaptive
ETTh2,720,Adaptive PhaseGate,2029,0.417277,0.431674,parallel_run_20260509_134027,kbs_adaptive16_etth2_pl720_seed2029,frwkv_crossbranchperiodicpositiongate_adaptive
ETTh2,720,Adaptive PhaseGate,2030,0.42368,0.434997,parallel_run_20260509_134027,kbs_adaptive16_etth2_pl720_seed2030,frwkv_crossbranchperiodicpositiongate_adaptive
ETTh2,720,Adaptive PhaseGate,2031,0.415329,0.432315,parallel_run_20260509_134027,kbs_adaptive16_etth2_pl720_seed2031,frwkv_crossbranchperiodicpositiongate_adaptive
ETTh2,720,Adaptive PhaseGate,2032,0.431664,0.438943,parallel_run_20260509_134027,kbs_adaptive16_etth2_pl720_seed2032,frwkv_crossbranchperiodicpositiongate_adaptive
ETTh2,720,Adaptive PhaseGate,2033,0.420982,0.43416,parallel_run_20260509_134027,kbs_adaptive16_etth2_pl720_seed2033,frwkv_crossbranchperiodicpositiongate_adaptive
ETTh2,720,Adaptive PhaseGate,2034,0.423735,0.435988,parallel_run_20260509_134027,kbs_adaptive16_etth2_pl720_seed2034,frwkv_crossbranchperiodicpositiongate_adaptive
ETTh2,720,Adaptive PhaseGate,2035,0.420145,0.43335,parallel_run_20260509_134027,kbs_adaptive16_etth2_pl720_seed2035,frwkv_crossbranchperiodicpositiongate_adaptive
ETTh2,720,Adaptive PhaseGate,2036,0.422446,0.434863,parallel_run_20260509_134027,kbs_adaptive16_etth2_pl720_seed2036,frwkv_crossbranchperiodicpositiongate_adaptive
ETTh2,720,Adaptive PhaseGate,2037,0.423451,0.43471,parallel_run_20260509_134027,kbs_adaptive16_etth2_pl720_seed2037,frwkv_crossbranchperiodicpositiongate_adaptive
ETTh2,720,Adaptive PhaseGate,2038,0.418736,0.433994,parallel_run_20260509_134027,kbs_adaptive16_etth2_pl720_seed2038,frwkv_crossbranchperiodicpositiongate_adaptive
ETTh2,720,Adaptive PhaseGate,2039,0.425859,0.436637,parallel_run_20260509_134027,kbs_adaptive16_etth2_pl720_seed2039,frwkv_crossbranchperiodicpositiongate_adaptive
ETTh2,720,CrossBranchGate,2024,0.423079,0.434289,parallel_run_20260503_131828,kbs_fullabl16_crossbranchgate_etth2_pl720_seed2024,frwkv_crossbranchgate
ETTh2,720,CrossBranchGate,2025,0.417521,0.432142,parallel_run_20260503_131828,kbs_fullabl16_crossbranchgate_etth2_pl720_seed2025,frwkv_crossbranchgate
ETTh2,720,CrossBranchGate,2026,0.416617,0.434056,parallel_run_20260503_131828,kbs_fullabl16_crossbranchgate_etth2_pl720_seed2026,frwkv_crossbranchgate
ETTh2,720,CrossBranchGate,2027,0.421608,0.436562,parallel_run_20260503_131828,kbs_fullabl16_crossbranchgate_etth2_pl720_seed2027,frwkv_crossbranchgate
ETTh2,720,CrossBranchGate,2028,0.416935,0.432583,parallel_run_20260503_131828,kbs_fullabl16_crossbranchgate_etth2_pl720_seed2028,frwkv_crossbranchgate
ETTh2,720,CrossBranchGate,2029,0.418261,0.431714,parallel_run_20260503_131828,kbs_fullabl16_crossbranchgate_etth2_pl720_seed2029,frwkv_crossbranchgate
ETTh2,720,CrossBranchGate,2030,0.413639,0.433264,parallel_run_20260503_131828,kbs_fullabl16_crossbranchgate_etth2_pl720_seed2030,frwkv_crossbranchgate
ETTh2,720,CrossBranchGate,2031,0.419482,0.433663,parallel_run_20260503_131828,kbs_fullabl16_crossbranchgate_etth2_pl720_seed2031,frwkv_crossbranchgate
ETTh2,720,CrossBranchGate,2032,0.436709,0.441031,parallel_run_20260503_131828,kbs_fullabl16_crossbranchgate_etth2_pl720_seed2032,frwkv_crossbranchgate
ETTh2,720,CrossBranchGate,2033,0.422144,0.436112,parallel_run_20260503_131828,kbs_fullabl16_crossbranchgate_etth2_pl720_seed2033,frwkv_crossbranchgate
ETTh2,720,CrossBranchGate,2034,0.415393,0.433488,parallel_run_20260503_131828,kbs_fullabl16_crossbranchgate_etth2_pl720_seed2034,frwkv_crossbranchgate
ETTh2,720,CrossBranchGate,2035,0.41609,0.431658,parallel_run_20260503_131828,kbs_fullabl16_crossbranchgate_etth2_pl720_seed2035,frwkv_crossbranchgate
ETTh2,720,CrossBranchGate,2036,0.42865,0.436226,parallel_run_20260503_131828,kbs_fullabl16_crossbranchgate_etth2_pl720_seed2036,frwkv_crossbranchgate
ETTh2,720,CrossBranchGate,2037,0.422975,0.434042,parallel_run_20260503_131828,kbs_fullabl16_crossbranchgate_etth2_pl720_seed2037,frwkv_crossbranchgate
ETTh2,720,CrossBranchGate,2038,0.432657,0.441769,parallel_run_20260503_131828,kbs_fullabl16_crossbranchgate_etth2_pl720_seed2038,frwkv_crossbranchgate
ETTh2,720,CrossBranchGate,2039,0.414604,0.431698,parallel_run_20260503_131828,kbs_fullabl16_crossbranchgate_etth2_pl720_seed2039,frwkv_crossbranchgate
ETTh2,720,CrossBranchPhaseGate,2024,0.419117,0.432548,parallel_run_20260503_131828,kbs_fullabl16_crossbranchphasegate_etth2_pl720_seed2024,frwkv_crossbranchphasegate
ETTh2,720,CrossBranchPhaseGate,2025,0.434346,0.442605,parallel_run_20260503_131828,kbs_fullabl16_crossbranchphasegate_etth2_pl720_seed2025,frwkv_crossbranchphasegate
ETTh2,720,CrossBranchPhaseGate,2026,0.417786,0.432235,parallel_run_20260503_131828,kbs_fullabl16_crossbranchphasegate_etth2_pl720_seed2026,frwkv_crossbranchphasegate
ETTh2,720,CrossBranchPhaseGate,2027,0.428749,0.438402,parallel_run_20260503_131828,kbs_fullabl16_crossbranchphasegate_etth2_pl720_seed2027,frwkv_crossbranchphasegate
ETTh2,720,CrossBranchPhaseGate,2028,0.421379,0.43712,parallel_run_20260503_131828,kbs_fullabl16_crossbranchphasegate_etth2_pl720_seed2028,frwkv_crossbranchphasegate
ETTh2,720,CrossBranchPhaseGate,2029,0.419989,0.433296,parallel_run_20260503_131828,kbs_fullabl16_crossbranchphasegate_etth2_pl720_seed2029,frwkv_crossbranchphasegate
ETTh2,720,CrossBranchPhaseGate,2030,0.415374,0.431822,parallel_run_20260503_131828,kbs_fullabl16_crossbranchphasegate_etth2_pl720_seed2030,frwkv_crossbranchphasegate
ETTh2,720,CrossBranchPhaseGate,2031,0.41409,0.431079,parallel_run_20260503_131828,kbs_fullabl16_crossbranchphasegate_etth2_pl720_seed2031,frwkv_crossbranchphasegate
ETTh2,720,CrossBranchPhaseGate,2032,0.426623,0.437215,parallel_run_20260503_131828,kbs_fullabl16_crossbranchphasegate_etth2_pl720_seed2032,frwkv_crossbranchphasegate
ETTh2,720,CrossBranchPhaseGate,2033,0.440363,0.443083,parallel_run_20260503_131828,kbs_fullabl16_crossbranchphasegate_etth2_pl720_seed2033,frwkv_crossbranchphasegate
ETTh2,720,CrossBranchPhaseGate,2034,0.423526,0.437449,parallel_run_20260503_131828,kbs_fullabl16_crossbranchphasegate_etth2_pl720_seed2034,frwkv_crossbranchphasegate
ETTh2,720,CrossBranchPhaseGate,2035,0.428555,0.438423,parallel_run_20260503_131828,kbs_fullabl16_crossbranchphasegate_etth2_pl720_seed2035,frwkv_crossbranchphasegate
ETTh2,720,CrossBranchPhaseGate,2036,0.420134,0.432746,parallel_run_20260503_131828,kbs_fullabl16_crossbranchphasegate_etth2_pl720_seed2036,frwkv_crossbranchphasegate
ETTh2,720,CrossBranchPhaseGate,2037,0.417037,0.431576,parallel_run_20260503_131828,kbs_fullabl16_crossbranchphasegate_etth2_pl720_seed2037,frwkv_crossbranchphasegate
ETTh2,720,CrossBranchPhaseGate,2038,0.409782,0.428181,parallel_run_20260503_131828,kbs_fullabl16_crossbranchphasegate_etth2_pl720_seed2038,frwkv_crossbranchphasegate
ETTh2,720,CrossBranchPhaseGate,2039,0.434528,0.44128,parallel_run_20260503_131828,kbs_fullabl16_crossbranchphasegate_etth2_pl720_seed2039,frwkv_crossbranchphasegate
ETTh2,720,FRWKV,2024,0.416052,0.431526,parallel_run_20260503_131828,kbs_fullabl16_frwkv_etth2_pl720_seed2024,frwkv
ETTh2,720,FRWKV,2025,0.415659,0.435794,parallel_run_20260503_131828,kbs_fullabl16_frwkv_etth2_pl720_seed2025,frwkv
ETTh2,720,FRWKV,2026,0.417118,0.434588,parallel_run_20260503_131828,kbs_fullabl16_frwkv_etth2_pl720_seed2026,frwkv
ETTh2,720,FRWKV,2027,0.434359,0.443281,parallel_run_20260503_131828,kbs_fullabl16_frwkv_etth2_pl720_seed2027,frwkv
ETTh2,720,FRWKV,2028,0.418007,0.434369,parallel_run_20260503_131828,kbs_fullabl16_frwkv_etth2_pl720_seed2028,frwkv
ETTh2,720,FRWKV,2029,0.424634,0.435761,parallel_run_20260503_131828,kbs_fullabl16_frwkv_etth2_pl720_seed2029,frwkv
ETTh2,720,FRWKV,2030,0.423606,0.435933,parallel_run_20260503_131828,kbs_fullabl16_frwkv_etth2_pl720_seed2030,frwkv
ETTh2,720,FRWKV,2031,0.415904,0.432018,parallel_run_20260503_131828,kbs_fullabl16_frwkv_etth2_pl720_seed2031,frwkv
ETTh2,720,FRWKV,2032,0.429784,0.439299,parallel_run_20260503_131828,kbs_fullabl16_frwkv_etth2_pl720_seed2032,frwkv
ETTh2,720,FRWKV,2033,0.414313,0.43292,parallel_run_20260503_131828,kbs_fullabl16_frwkv_etth2_pl720_seed2033,frwkv
ETTh2,720,FRWKV,2034,0.438859,0.443627,parallel_run_20260503_131828,kbs_fullabl16_frwkv_etth2_pl720_seed2034,frwkv
ETTh2,720,FRWKV,2035,0.422073,0.434564,parallel_run_20260503_131828,kbs_fullabl16_frwkv_etth2_pl720_seed2035,frwkv
ETTh2,720,FRWKV,2036,0.419692,0.433852,parallel_run_20260503_131828,kbs_fullabl16_frwkv_etth2_pl720_seed2036,frwkv
ETTh2,720,FRWKV,2037,0.425232,0.435461,parallel_run_20260503_131828,kbs_fullabl16_frwkv_etth2_pl720_seed2037,frwkv
ETTh2,720,FRWKV,2038,0.415062,0.431462,parallel_run_20260503_131828,kbs_fullabl16_frwkv_etth2_pl720_seed2038,frwkv
ETTh2,720,FRWKV,2039,0.427972,0.438241,parallel_run_20260503_131828,kbs_fullabl16_frwkv_etth2_pl720_seed2039,frwkv
ETTh2,720,FullContextDelta,2024,0.424458,0.434752,parallel_run_20260508_212616,kbs_fullctxdelta16_fullctxdelta_etth2_pl720_seed2024,frwkv_crossbranchphasegate_fullcontextdelta
ETTh2,720,FullContextDelta,2025,0.438034,0.442369,parallel_run_20260508_212616,kbs_fullctxdelta16_fullctxdelta_etth2_pl720_seed2025,frwkv_crossbranchphasegate_fullcontextdelta
ETTh2,720,FullContextDelta,2026,0.423662,0.433839,parallel_run_20260508_212616,kbs_fullctxdelta16_fullctxdelta_etth2_pl720_seed2026,frwkv_crossbranchphasegate_fullcontextdelta
ETTh2,720,FullContextDelta,2027,0.43395,0.440573,parallel_run_20260508_212616,kbs_fullctxdelta16_fullctxdelta_etth2_pl720_seed2027,frwkv_crossbranchphasegate_fullcontextdelta
ETTh2,720,FullContextDelta,2028,0.41445,0.432072,parallel_run_20260508_212616,kbs_fullctxdelta16_fullctxdelta_etth2_pl720_seed2028,frwkv_crossbranchphasegate_fullcontextdelta
ETTh2,720,FullContextDelta,2029,0.418438,0.433257,parallel_run_20260508_212616,kbs_fullctxdelta16_fullctxdelta_etth2_pl720_seed2029,frwkv_crossbranchphasegate_fullcontextdelta
ETTh2,720,FullContextDelta,2030,0.42463,0.435923,parallel_run_20260508_212616,kbs_fullctxdelta16_fullctxdelta_etth2_pl720_seed2030,frwkv_crossbranchphasegate_fullcontextdelta
ETTh2,720,FullContextDelta,2031,0.424476,0.435369,parallel_run_20260508_212616,kbs_fullctxdelta16_fullctxdelta_etth2_pl720_seed2031,frwkv_crossbranchphasegate_fullcontextdelta
ETTh2,720,FullContextDelta,2032,0.421618,0.435014,parallel_run_20260508_212616,kbs_fullctxdelta16_fullctxdelta_etth2_pl720_seed2032,frwkv_crossbranchphasegate_fullcontextdelta
ETTh2,720,FullContextDelta,2033,0.427736,0.438608,parallel_run_20260508_212616,kbs_fullctxdelta16_fullctxdelta_etth2_pl720_seed2033,frwkv_crossbranchphasegate_fullcontextdelta
ETTh2,720,FullContextDelta,2034,0.42795,0.437908,parallel_run_20260508_212616,kbs_fullctxdelta16_fullctxdelta_etth2_pl720_seed2034,frwkv_crossbranchphasegate_fullcontextdelta
ETTh2,720,FullContextDelta,2035,0.42402,0.436561,parallel_run_20260508_212616,kbs_fullctxdelta16_fullctxdelta_etth2_pl720_seed2035,frwkv_crossbranchphasegate_fullcontextdelta
ETTh2,720,FullContextDelta,2036,0.424075,0.435715,parallel_run_20260508_212616,kbs_fullctxdelta16_fullctxdelta_etth2_pl720_seed2036,frwkv_crossbranchphasegate_fullcontextdelta
ETTh2,720,FullContextDelta,2037,0.410136,0.427788,parallel_run_20260508_212616,kbs_fullctxdelta16_fullctxdelta_etth2_pl720_seed2037,frwkv_crossbranchphasegate_fullcontextdelta
ETTh2,720,FullContextDelta,2038,0.42171,0.436638,parallel_run_20260508_212616,kbs_fullctxdelta16_fullctxdelta_etth2_pl720_seed2038,frwkv_crossbranchphasegate_fullcontextdelta
ETTh2,720,FullContextDelta,2039,0.414224,0.431414,parallel_run_20260508_212616,kbs_fullctxdelta16_fullctxdelta_etth2_pl720_seed2039,frwkv_crossbranchphasegate_fullcontextdelta
ETTm1,96,Adaptive PhaseGate,2024,0.315168,0.344733,parallel_run_20260509_134027,kbs_adaptive16_ettm1_pl96_seed2024,frwkv_crossbranchperiodicpositiongate_adaptive
ETTm1,96,Adaptive PhaseGate,2025,0.312871,0.345767,parallel_run_20260509_134027,kbs_adaptive16_ettm1_pl96_seed2025,frwkv_crossbranchperiodicpositiongate_adaptive
ETTm1,96,Adaptive PhaseGate,2026,0.313625,0.343537,parallel_run_20260509_134027,kbs_adaptive16_ettm1_pl96_seed2026,frwkv_crossbranchperiodicpositiongate_adaptive
ETTm1,96,Adaptive PhaseGate,2027,0.312217,0.34475,parallel_run_20260509_134027,kbs_adaptive16_ettm1_pl96_seed2027,frwkv_crossbranchperiodicpositiongate_adaptive
ETTm1,96,Adaptive PhaseGate,2028,0.316319,0.34596,parallel_run_20260509_134027,kbs_adaptive16_ettm1_pl96_seed2028,frwkv_crossbranchperiodicpositiongate_adaptive
ETTm1,96,Adaptive PhaseGate,2029,0.313676,0.34501,parallel_run_20260509_134027,kbs_adaptive16_ettm1_pl96_seed2029,frwkv_crossbranchperiodicpositiongate_adaptive
ETTm1,96,Adaptive PhaseGate,2030,0.310739,0.341478,parallel_run_20260509_134027,kbs_adaptive16_ettm1_pl96_seed2030,frwkv_crossbranchperiodicpositiongate_adaptive
ETTm1,96,Adaptive PhaseGate,2031,0.312097,0.342683,parallel_run_20260509_134027,kbs_adaptive16_ettm1_pl96_seed2031,frwkv_crossbranchperiodicpositiongate_adaptive
ETTm1,96,Adaptive PhaseGate,2032,0.312343,0.343776,parallel_run_20260509_134027,kbs_adaptive16_ettm1_pl96_seed2032,frwkv_crossbranchperiodicpositiongate_adaptive
ETTm1,96,Adaptive PhaseGate,2033,0.311823,0.344414,parallel_run_20260509_134027,kbs_adaptive16_ettm1_pl96_seed2033,frwkv_crossbranchperiodicpositiongate_adaptive
ETTm1,96,Adaptive PhaseGate,2034,0.31481,0.345463,parallel_run_20260509_134027,kbs_adaptive16_ettm1_pl96_seed2034,frwkv_crossbranchperiodicpositiongate_adaptive
ETTm1,96,Adaptive PhaseGate,2035,0.318165,0.346793,parallel_run_20260509_134027,kbs_adaptive16_ettm1_pl96_seed2035,frwkv_crossbranchperiodicpositiongate_adaptive
ETTm1,96,Adaptive PhaseGate,2036,0.313337,0.342552,parallel_run_20260509_134027,kbs_adaptive16_ettm1_pl96_seed2036,frwkv_crossbranchperiodicpositiongate_adaptive
ETTm1,96,Adaptive PhaseGate,2037,0.314193,0.34374,parallel_run_20260509_134027,kbs_adaptive16_ettm1_pl96_seed2037,frwkv_crossbranchperiodicpositiongate_adaptive
ETTm1,96,Adaptive PhaseGate,2038,0.315055,0.345518,parallel_run_20260509_134027,kbs_adaptive16_ettm1_pl96_seed2038,frwkv_crossbranchperiodicpositiongate_adaptive
ETTm1,96,Adaptive PhaseGate,2039,0.318717,0.345868,parallel_run_20260509_134027,kbs_adaptive16_ettm1_pl96_seed2039,frwkv_crossbranchperiodicpositiongate_adaptive
ETTm1,96,CrossBranchGate,2024,0.314107,0.344826,parallel_run_20260503_131828,kbs_fullabl16_crossbranchgate_ettm1_pl96_seed2024,frwkv_crossbranchgate
ETTm1,96,CrossBranchGate,2025,0.316014,0.345261,parallel_run_20260503_131828,kbs_fullabl16_crossbranchgate_ettm1_pl96_seed2025,frwkv_crossbranchgate
ETTm1,96,CrossBranchGate,2026,0.319619,0.347115,parallel_run_20260503_131828,kbs_fullabl16_crossbranchgate_ettm1_pl96_seed2026,frwkv_crossbranchgate
ETTm1,96,CrossBranchGate,2027,0.315207,0.34306,parallel_run_20260503_131828,kbs_fullabl16_crossbranchgate_ettm1_pl96_seed2027,frwkv_crossbranchgate
ETTm1,96,CrossBranchGate,2028,0.31495,0.345001,parallel_run_20260503_131828,kbs_fullabl16_crossbranchgate_ettm1_pl96_seed2028,frwkv_crossbranchgate
ETTm1,96,CrossBranchGate,2029,0.314185,0.343844,parallel_run_20260503_131828,kbs_fullabl16_crossbranchgate_ettm1_pl96_seed2029,frwkv_crossbranchgate
ETTm1,96,CrossBranchGate,2030,0.314133,0.344307,parallel_run_20260503_131828,kbs_fullabl16_crossbranchgate_ettm1_pl96_seed2030,frwkv_crossbranchgate
ETTm1,96,CrossBranchGate,2031,0.313808,0.343589,parallel_run_20260503_131828,kbs_fullabl16_crossbranchgate_ettm1_pl96_seed2031,frwkv_crossbranchgate
ETTm1,96,CrossBranchGate,2032,0.314569,0.344629,parallel_run_20260503_131828,kbs_fullabl16_crossbranchgate_ettm1_pl96_seed2032,frwkv_crossbranchgate
ETTm1,96,CrossBranchGate,2033,0.315249,0.346694,parallel_run_20260503_131828,kbs_fullabl16_crossbranchgate_ettm1_pl96_seed2033,frwkv_crossbranchgate
ETTm1,96,CrossBranchGate,2034,0.311303,0.344526,parallel_run_20260503_131828,kbs_fullabl16_crossbranchgate_ettm1_pl96_seed2034,frwkv_crossbranchgate
ETTm1,96,CrossBranchGate,2035,0.313532,0.344401,parallel_run_20260503_131828,kbs_fullabl16_crossbranchgate_ettm1_pl96_seed2035,frwkv_crossbranchgate
ETTm1,96,CrossBranchGate,2036,0.322027,0.348582,parallel_run_20260503_131828,kbs_fullabl16_crossbranchgate_ettm1_pl96_seed2036,frwkv_crossbranchgate
ETTm1,96,CrossBranchGate,2037,0.320048,0.347589,parallel_run_20260503_131828,kbs_fullabl16_crossbranchgate_ettm1_pl96_seed2037,frwkv_crossbranchgate
ETTm1,96,CrossBranchGate,2038,0.319795,0.346787,parallel_run_20260503_131828,kbs_fullabl16_crossbranchgate_ettm1_pl96_seed2038,frwkv_crossbranchgate
ETTm1,96,CrossBranchGate,2039,0.316289,0.346185,parallel_run_20260503_131828,kbs_fullabl16_crossbranchgate_ettm1_pl96_seed2039,frwkv_crossbranchgate
ETTm1,96,CrossBranchPhaseGate,2024,0.312365,0.34292,parallel_run_20260503_131828,kbs_fullabl16_crossbranchphasegate_ettm1_pl96_seed2024,frwkv_crossbranchphasegate
ETTm1,96,CrossBranchPhaseGate,2025,0.321421,0.347205,parallel_run_20260503_131828,kbs_fullabl16_crossbranchphasegate_ettm1_pl96_seed2025,frwkv_crossbranchphasegate
ETTm1,96,CrossBranchPhaseGate,2026,0.315819,0.345213,parallel_run_20260503_131828,kbs_fullabl16_crossbranchphasegate_ettm1_pl96_seed2026,frwkv_crossbranchphasegate
ETTm1,96,CrossBranchPhaseGate,2027,0.313664,0.343477,parallel_run_20260503_131828,kbs_fullabl16_crossbranchphasegate_ettm1_pl96_seed2027,frwkv_crossbranchphasegate
ETTm1,96,CrossBranchPhaseGate,2028,0.313829,0.344305,parallel_run_20260503_131828,kbs_fullabl16_crossbranchphasegate_ettm1_pl96_seed2028,frwkv_crossbranchphasegate
ETTm1,96,CrossBranchPhaseGate,2029,0.310231,0.34115,parallel_run_20260503_131828,kbs_fullabl16_crossbranchphasegate_ettm1_pl96_seed2029,frwkv_crossbranchphasegate
ETTm1,96,CrossBranchPhaseGate,2030,0.314012,0.347058,parallel_run_20260503_131828,kbs_fullabl16_crossbranchphasegate_ettm1_pl96_seed2030,frwkv_crossbranchphasegate
ETTm1,96,CrossBranchPhaseGate,2031,0.314217,0.342625,parallel_run_20260503_131828,kbs_fullabl16_crossbranchphasegate_ettm1_pl96_seed2031,frwkv_crossbranchphasegate
ETTm1,96,CrossBranchPhaseGate,2032,0.31241,0.343198,parallel_run_20260503_131828,kbs_fullabl16_crossbranchphasegate_ettm1_pl96_seed2032,frwkv_crossbranchphasegate
ETTm1,96,CrossBranchPhaseGate,2033,0.315901,0.345986,parallel_run_20260503_131828,kbs_fullabl16_crossbranchphasegate_ettm1_pl96_seed2033,frwkv_crossbranchphasegate
ETTm1,96,CrossBranchPhaseGate,2034,0.319913,0.347191,parallel_run_20260503_131828,kbs_fullabl16_crossbranchphasegate_ettm1_pl96_seed2034,frwkv_crossbranchphasegate
ETTm1,96,CrossBranchPhaseGate,2035,0.313908,0.34216,parallel_run_20260503_131828,kbs_fullabl16_crossbranchphasegate_ettm1_pl96_seed2035,frwkv_crossbranchphasegate
ETTm1,96,CrossBranchPhaseGate,2036,0.312174,0.346892,parallel_run_20260503_131828,kbs_fullabl16_crossbranchphasegate_ettm1_pl96_seed2036,frwkv_crossbranchphasegate
ETTm1,96,CrossBranchPhaseGate,2037,0.313869,0.345038,parallel_run_20260503_131828,kbs_fullabl16_crossbranchphasegate_ettm1_pl96_seed2037,frwkv_crossbranchphasegate
ETTm1,96,CrossBranchPhaseGate,2038,0.31051,0.341711,parallel_run_20260503_131828,kbs_fullabl16_crossbranchphasegate_ettm1_pl96_seed2038,frwkv_crossbranchphasegate
ETTm1,96,CrossBranchPhaseGate,2039,0.318689,0.345459,parallel_run_20260503_131828,kbs_fullabl16_crossbranchphasegate_ettm1_pl96_seed2039,frwkv_crossbranchphasegate
ETTm1,96,FRWKV,2024,0.312874,0.344528,parallel_run_20260503_131828,kbs_fullabl16_frwkv_ettm1_pl96_seed2024,frwkv
ETTm1,96,FRWKV,2025,0.317881,0.345289,parallel_run_20260503_131828,kbs_fullabl16_frwkv_ettm1_pl96_seed2025,frwkv
ETTm1,96,FRWKV,2026,0.31089,0.345155,parallel_run_20260503_131828,kbs_fullabl16_frwkv_ettm1_pl96_seed2026,frwkv
ETTm1,96,FRWKV,2027,0.316445,0.345156,parallel_run_20260503_131828,kbs_fullabl16_frwkv_ettm1_pl96_seed2027,frwkv
ETTm1,96,FRWKV,2028,0.312618,0.346856,parallel_run_20260503_131828,kbs_fullabl16_frwkv_ettm1_pl96_seed2028,frwkv
ETTm1,96,FRWKV,2029,0.322464,0.349315,parallel_run_20260503_131828,kbs_fullabl16_frwkv_ettm1_pl96_seed2029,frwkv
ETTm1,96,FRWKV,2030,0.317927,0.345775,parallel_run_20260503_131828,kbs_fullabl16_frwkv_ettm1_pl96_seed2030,frwkv
ETTm1,96,FRWKV,2031,0.313663,0.343862,parallel_run_20260503_131828,kbs_fullabl16_frwkv_ettm1_pl96_seed2031,frwkv
ETTm1,96,FRWKV,2032,0.318101,0.345881,parallel_run_20260503_131828,kbs_fullabl16_frwkv_ettm1_pl96_seed2032,frwkv
ETTm1,96,FRWKV,2033,0.319764,0.347836,parallel_run_20260503_131828,kbs_fullabl16_frwkv_ettm1_pl96_seed2033,frwkv
ETTm1,96,FRWKV,2034,0.315525,0.344642,parallel_run_20260503_131828,kbs_fullabl16_frwkv_ettm1_pl96_seed2034,frwkv
ETTm1,96,FRWKV,2035,0.317562,0.345708,parallel_run_20260503_131828,kbs_fullabl16_frwkv_ettm1_pl96_seed2035,frwkv
ETTm1,96,FRWKV,2036,0.315217,0.348084,parallel_run_20260503_131828,kbs_fullabl16_frwkv_ettm1_pl96_seed2036,frwkv
ETTm1,96,FRWKV,2037,0.313086,0.34347,parallel_run_20260503_131828,kbs_fullabl16_frwkv_ettm1_pl96_seed2037,frwkv
ETTm1,96,FRWKV,2038,0.315623,0.345667,parallel_run_20260503_131828,kbs_fullabl16_frwkv_ettm1_pl96_seed2038,frwkv
ETTm1,96,FRWKV,2039,0.314693,0.344825,parallel_run_20260503_131828,kbs_fullabl16_frwkv_ettm1_pl96_seed2039,frwkv
ETTm1,96,FullContextDelta,2024,0.310398,0.344911,parallel_run_20260508_212616,kbs_fullctxdelta16_fullctxdelta_ettm1_pl96_seed2024,frwkv_crossbranchphasegate_fullcontextdelta
ETTm1,96,FullContextDelta,2025,0.317205,0.345165,parallel_run_20260508_212616,kbs_fullctxdelta16_fullctxdelta_ettm1_pl96_seed2025,frwkv_crossbranchphasegate_fullcontextdelta
ETTm1,96,FullContextDelta,2026,0.313208,0.343153,parallel_run_20260508_212616,kbs_fullctxdelta16_fullctxdelta_ettm1_pl96_seed2026,frwkv_crossbranchphasegate_fullcontextdelta
ETTm1,96,FullContextDelta,2027,0.314229,0.342273,parallel_run_20260508_212616,kbs_fullctxdelta16_fullctxdelta_ettm1_pl96_seed2027,frwkv_crossbranchphasegate_fullcontextdelta
ETTm1,96,FullContextDelta,2028,0.311656,0.341872,parallel_run_20260508_212616,kbs_fullctxdelta16_fullctxdelta_ettm1_pl96_seed2028,frwkv_crossbranchphasegate_fullcontextdelta
ETTm1,96,FullContextDelta,2029,0.317426,0.345187,parallel_run_20260508_212616,kbs_fullctxdelta16_fullctxdelta_ettm1_pl96_seed2029,frwkv_crossbranchphasegate_fullcontextdelta
ETTm1,96,FullContextDelta,2030,0.315614,0.344929,parallel_run_20260508_212616,kbs_fullctxdelta16_fullctxdelta_ettm1_pl96_seed2030,frwkv_crossbranchphasegate_fullcontextdelta
ETTm1,96,FullContextDelta,2031,0.316004,0.346578,parallel_run_20260508_212616,kbs_fullctxdelta16_fullctxdelta_ettm1_pl96_seed2031,frwkv_crossbranchphasegate_fullcontextdelta
ETTm1,96,FullContextDelta,2032,0.323519,0.349247,parallel_run_20260508_212616,kbs_fullctxdelta16_fullctxdelta_ettm1_pl96_seed2032,frwkv_crossbranchphasegate_fullcontextdelta
ETTm1,96,FullContextDelta,2033,0.319804,0.34699,parallel_run_20260508_212616,kbs_fullctxdelta16_fullctxdelta_ettm1_pl96_seed2033,frwkv_crossbranchphasegate_fullcontextdelta
ETTm1,96,FullContextDelta,2034,0.310725,0.344395,parallel_run_20260508_212616,kbs_fullctxdelta16_fullctxdelta_ettm1_pl96_seed2034,frwkv_crossbranchphasegate_fullcontextdelta
ETTm1,96,FullContextDelta,2035,0.314149,0.344382,parallel_run_20260508_212616,kbs_fullctxdelta16_fullctxdelta_ettm1_pl96_seed2035,frwkv_crossbranchphasegate_fullcontextdelta
ETTm1,96,FullContextDelta,2036,0.315101,0.34352,parallel_run_20260508_212616,kbs_fullctxdelta16_fullctxdelta_ettm1_pl96_seed2036,frwkv_crossbranchphasegate_fullcontextdelta
ETTm1,96,FullContextDelta,2037,0.314866,0.346397,parallel_run_20260508_212616,kbs_fullctxdelta16_fullctxdelta_ettm1_pl96_seed2037,frwkv_crossbranchphasegate_fullcontextdelta
ETTm1,96,FullContextDelta,2038,0.315183,0.344816,parallel_run_20260508_212616,kbs_fullctxdelta16_fullctxdelta_ettm1_pl96_seed2038,frwkv_crossbranchphasegate_fullcontextdelta
ETTm1,96,FullContextDelta,2039,0.313725,0.344565,parallel_run_20260508_212616,kbs_fullctxdelta16_fullctxdelta_ettm1_pl96_seed2039,frwkv_crossbranchphasegate_fullcontextdelta
ETTm1,192,Adaptive PhaseGate,2024,0.359744,0.369134,parallel_run_20260509_134027,kbs_adaptive16_ettm1_pl192_seed2024,frwkv_crossbranchperiodicpositiongate_adaptive
ETTm1,192,Adaptive PhaseGate,2025,0.361471,0.372702,parallel_run_20260509_134027,kbs_adaptive16_ettm1_pl192_seed2025,frwkv_crossbranchperiodicpositiongate_adaptive
ETTm1,192,Adaptive PhaseGate,2026,0.360362,0.371049,parallel_run_20260509_134027,kbs_adaptive16_ettm1_pl192_seed2026,frwkv_crossbranchperiodicpositiongate_adaptive
ETTm1,192,Adaptive PhaseGate,2027,0.361603,0.370924,parallel_run_20260509_134027,kbs_adaptive16_ettm1_pl192_seed2027,frwkv_crossbranchperiodicpositiongate_adaptive
ETTm1,192,Adaptive PhaseGate,2028,0.362489,0.373235,parallel_run_20260509_134027,kbs_adaptive16_ettm1_pl192_seed2028,frwkv_crossbranchperiodicpositiongate_adaptive
ETTm1,192,Adaptive PhaseGate,2029,0.360621,0.372539,parallel_run_20260509_134027,kbs_adaptive16_ettm1_pl192_seed2029,frwkv_crossbranchperiodicpositiongate_adaptive
ETTm1,192,Adaptive PhaseGate,2030,0.358394,0.369792,parallel_run_20260509_134027,kbs_adaptive16_ettm1_pl192_seed2030,frwkv_crossbranchperiodicpositiongate_adaptive
ETTm1,192,Adaptive PhaseGate,2031,0.358474,0.369346,parallel_run_20260509_134027,kbs_adaptive16_ettm1_pl192_seed2031,frwkv_crossbranchperiodicpositiongate_adaptive
ETTm1,192,Adaptive PhaseGate,2032,0.359961,0.371051,parallel_run_20260509_134027,kbs_adaptive16_ettm1_pl192_seed2032,frwkv_crossbranchperiodicpositiongate_adaptive
ETTm1,192,Adaptive PhaseGate,2033,0.359884,0.371077,parallel_run_20260509_134027,kbs_adaptive16_ettm1_pl192_seed2033,frwkv_crossbranchperiodicpositiongate_adaptive
ETTm1,192,Adaptive PhaseGate,2034,0.36028,0.3692,parallel_run_20260509_134027,kbs_adaptive16_ettm1_pl192_seed2034,frwkv_crossbranchperiodicpositiongate_adaptive
ETTm1,192,Adaptive PhaseGate,2035,0.362471,0.371886,parallel_run_20260509_134027,kbs_adaptive16_ettm1_pl192_seed2035,frwkv_crossbranchperiodicpositiongate_adaptive
ETTm1,192,Adaptive PhaseGate,2036,0.36289,0.372759,parallel_run_20260509_134027,kbs_adaptive16_ettm1_pl192_seed2036,frwkv_crossbranchperiodicpositiongate_adaptive
ETTm1,192,Adaptive PhaseGate,2037,0.361065,0.372565,parallel_run_20260509_134027,kbs_adaptive16_ettm1_pl192_seed2037,frwkv_crossbranchperiodicpositiongate_adaptive
ETTm1,192,Adaptive PhaseGate,2038,0.362694,0.371428,parallel_run_20260509_134027,kbs_adaptive16_ettm1_pl192_seed2038,frwkv_crossbranchperiodicpositiongate_adaptive
ETTm1,192,Adaptive PhaseGate,2039,0.35884,0.369798,parallel_run_20260509_134027,kbs_adaptive16_ettm1_pl192_seed2039,frwkv_crossbranchperiodicpositiongate_adaptive
ETTm1,192,CrossBranchGate,2024,0.357518,0.368348,parallel_run_20260503_131828,kbs_fullabl16_crossbranchgate_ettm1_pl192_seed2024,frwkv_crossbranchgate
ETTm1,192,CrossBranchGate,2025,0.359306,0.369763,parallel_run_20260503_131828,kbs_fullabl16_crossbranchgate_ettm1_pl192_seed2025,frwkv_crossbranchgate
ETTm1,192,CrossBranchGate,2026,0.359614,0.37007,parallel_run_20260503_131828,kbs_fullabl16_crossbranchgate_ettm1_pl192_seed2026,frwkv_crossbranchgate
ETTm1,192,CrossBranchGate,2027,0.363165,0.371645,parallel_run_20260503_131828,kbs_fullabl16_crossbranchgate_ettm1_pl192_seed2027,frwkv_crossbranchgate
ETTm1,192,CrossBranchGate,2028,0.362766,0.372247,parallel_run_20260503_131828,kbs_fullabl16_crossbranchgate_ettm1_pl192_seed2028,frwkv_crossbranchgate
ETTm1,192,CrossBranchGate,2029,0.362398,0.372792,parallel_run_20260503_131828,kbs_fullabl16_crossbranchgate_ettm1_pl192_seed2029,frwkv_crossbranchgate
ETTm1,192,CrossBranchGate,2030,0.360949,0.370583,parallel_run_20260503_131828,kbs_fullabl16_crossbranchgate_ettm1_pl192_seed2030,frwkv_crossbranchgate
ETTm1,192,CrossBranchGate,2031,0.358577,0.369152,parallel_run_20260503_131828,kbs_fullabl16_crossbranchgate_ettm1_pl192_seed2031,frwkv_crossbranchgate
ETTm1,192,CrossBranchGate,2032,0.358949,0.369826,parallel_run_20260503_131828,kbs_fullabl16_crossbranchgate_ettm1_pl192_seed2032,frwkv_crossbranchgate
ETTm1,192,CrossBranchGate,2033,0.363217,0.372236,parallel_run_20260503_131828,kbs_fullabl16_crossbranchgate_ettm1_pl192_seed2033,frwkv_crossbranchgate
ETTm1,192,CrossBranchGate,2034,0.362631,0.373309,parallel_run_20260503_131828,kbs_fullabl16_crossbranchgate_ettm1_pl192_seed2034,frwkv_crossbranchgate
ETTm1,192,CrossBranchGate,2035,0.359226,0.370713,parallel_run_20260503_131828,kbs_fullabl16_crossbranchgate_ettm1_pl192_seed2035,frwkv_crossbranchgate
ETTm1,192,CrossBranchGate,2036,0.36007,0.371284,parallel_run_20260503_131828,kbs_fullabl16_crossbranchgate_ettm1_pl192_seed2036,frwkv_crossbranchgate
ETTm1,192,CrossBranchGate,2037,0.358371,0.369103,parallel_run_20260503_131828,kbs_fullabl16_crossbranchgate_ettm1_pl192_seed2037,frwkv_crossbranchgate
ETTm1,192,CrossBranchGate,2038,0.361716,0.373521,parallel_run_20260503_131828,kbs_fullabl16_crossbranchgate_ettm1_pl192_seed2038,frwkv_crossbranchgate
ETTm1,192,CrossBranchGate,2039,0.360245,0.370784,parallel_run_20260503_131828,kbs_fullabl16_crossbranchgate_ettm1_pl192_seed2039,frwkv_crossbranchgate
ETTm1,192,CrossBranchPhaseGate,2024,0.361561,0.372115,parallel_run_20260503_131828,kbs_fullabl16_crossbranchphasegate_ettm1_pl192_seed2024,frwkv_crossbranchphasegate
ETTm1,192,CrossBranchPhaseGate,2025,0.359911,0.370312,parallel_run_20260503_131828,kbs_fullabl16_crossbranchphasegate_ettm1_pl192_seed2025,frwkv_crossbranchphasegate
ETTm1,192,CrossBranchPhaseGate,2026,0.356732,0.369055,parallel_run_20260503_131828,kbs_fullabl16_crossbranchphasegate_ettm1_pl192_seed2026,frwkv_crossbranchphasegate
ETTm1,192,CrossBranchPhaseGate,2027,0.359864,0.370183,parallel_run_20260503_131828,kbs_fullabl16_crossbranchphasegate_ettm1_pl192_seed2027,frwkv_crossbranchphasegate
ETTm1,192,CrossBranchPhaseGate,2028,0.363081,0.372785,parallel_run_20260503_131828,kbs_fullabl16_crossbranchphasegate_ettm1_pl192_seed2028,frwkv_crossbranchphasegate
ETTm1,192,CrossBranchPhaseGate,2029,0.360049,0.370186,parallel_run_20260503_131828,kbs_fullabl16_crossbranchphasegate_ettm1_pl192_seed2029,frwkv_crossbranchphasegate
ETTm1,192,CrossBranchPhaseGate,2030,0.358931,0.370652,parallel_run_20260503_131828,kbs_fullabl16_crossbranchphasegate_ettm1_pl192_seed2030,frwkv_crossbranchphasegate
ETTm1,192,CrossBranchPhaseGate,2031,0.359208,0.370427,parallel_run_20260503_131828,kbs_fullabl16_crossbranchphasegate_ettm1_pl192_seed2031,frwkv_crossbranchphasegate
ETTm1,192,CrossBranchPhaseGate,2032,0.363228,0.37244,parallel_run_20260503_131828,kbs_fullabl16_crossbranchphasegate_ettm1_pl192_seed2032,frwkv_crossbranchphasegate
ETTm1,192,CrossBranchPhaseGate,2033,0.359555,0.37047,parallel_run_20260503_131828,kbs_fullabl16_crossbranchphasegate_ettm1_pl192_seed2033,frwkv_crossbranchphasegate
ETTm1,192,CrossBranchPhaseGate,2034,0.36153,0.370995,parallel_run_20260503_131828,kbs_fullabl16_crossbranchphasegate_ettm1_pl192_seed2034,frwkv_crossbranchphasegate
ETTm1,192,CrossBranchPhaseGate,2035,0.361163,0.371822,parallel_run_20260503_131828,kbs_fullabl16_crossbranchphasegate_ettm1_pl192_seed2035,frwkv_crossbranchphasegate
ETTm1,192,CrossBranchPhaseGate,2036,0.358929,0.370279,parallel_run_20260503_131828,kbs_fullabl16_crossbranchphasegate_ettm1_pl192_seed2036,frwkv_crossbranchphasegate
ETTm1,192,CrossBranchPhaseGate,2037,0.361412,0.372536,parallel_run_20260503_131828,kbs_fullabl16_crossbranchphasegate_ettm1_pl192_seed2037,frwkv_crossbranchphasegate
ETTm1,192,CrossBranchPhaseGate,2038,0.358754,0.369622,parallel_run_20260503_131828,kbs_fullabl16_crossbranchphasegate_ettm1_pl192_seed2038,frwkv_crossbranchphasegate
ETTm1,192,CrossBranchPhaseGate,2039,0.36529,0.373951,parallel_run_20260503_131828,kbs_fullabl16_crossbranchphasegate_ettm1_pl192_seed2039,frwkv_crossbranchphasegate
ETTm1,192,FRWKV,2024,0.357498,0.368729,parallel_run_20260503_131828,kbs_fullabl16_frwkv_ettm1_pl192_seed2024,frwkv
ETTm1,192,FRWKV,2025,0.363501,0.372087,parallel_run_20260503_131828,kbs_fullabl16_frwkv_ettm1_pl192_seed2025,frwkv
ETTm1,192,FRWKV,2026,0.362508,0.371328,parallel_run_20260503_131828,kbs_fullabl16_frwkv_ettm1_pl192_seed2026,frwkv
ETTm1,192,FRWKV,2027,0.360203,0.369031,parallel_run_20260503_131828,kbs_fullabl16_frwkv_ettm1_pl192_seed2027,frwkv
ETTm1,192,FRWKV,2028,0.365244,0.374517,parallel_run_20260503_131828,kbs_fullabl16_frwkv_ettm1_pl192_seed2028,frwkv
ETTm1,192,FRWKV,2029,0.356815,0.368051,parallel_run_20260503_131828,kbs_fullabl16_frwkv_ettm1_pl192_seed2029,frwkv
ETTm1,192,FRWKV,2030,0.360385,0.370473,parallel_run_20260503_131828,kbs_fullabl16_frwkv_ettm1_pl192_seed2030,frwkv
ETTm1,192,FRWKV,2031,0.360587,0.370863,parallel_run_20260503_131828,kbs_fullabl16_frwkv_ettm1_pl192_seed2031,frwkv
ETTm1,192,FRWKV,2032,0.360698,0.370208,parallel_run_20260503_131828,kbs_fullabl16_frwkv_ettm1_pl192_seed2032,frwkv
ETTm1,192,FRWKV,2033,0.360672,0.371736,parallel_run_20260503_131828,kbs_fullabl16_frwkv_ettm1_pl192_seed2033,frwkv
ETTm1,192,FRWKV,2034,0.363367,0.373111,parallel_run_20260503_131828,kbs_fullabl16_frwkv_ettm1_pl192_seed2034,frwkv
ETTm1,192,FRWKV,2035,0.358639,0.369945,parallel_run_20260503_131828,kbs_fullabl16_frwkv_ettm1_pl192_seed2035,frwkv
ETTm1,192,FRWKV,2036,0.369334,0.376263,parallel_run_20260503_131828,kbs_fullabl16_frwkv_ettm1_pl192_seed2036,frwkv
ETTm1,192,FRWKV,2037,0.360122,0.37006,parallel_run_20260503_131828,kbs_fullabl16_frwkv_ettm1_pl192_seed2037,frwkv
ETTm1,192,FRWKV,2038,0.358231,0.369111,parallel_run_20260503_131828,kbs_fullabl16_frwkv_ettm1_pl192_seed2038,frwkv
ETTm1,192,FRWKV,2039,0.358533,0.369399,parallel_run_20260503_131828,kbs_fullabl16_frwkv_ettm1_pl192_seed2039,frwkv
ETTm1,192,FullContextDelta,2024,0.358488,0.368789,parallel_run_20260508_212616,kbs_fullctxdelta16_fullctxdelta_ettm1_pl192_seed2024,frwkv_crossbranchphasegate_fullcontextdelta
ETTm1,192,FullContextDelta,2025,0.360529,0.371133,parallel_run_20260508_212616,kbs_fullctxdelta16_fullctxdelta_ettm1_pl192_seed2025,frwkv_crossbranchphasegate_fullcontextdelta
ETTm1,192,FullContextDelta,2026,0.360262,0.370532,parallel_run_20260508_212616,kbs_fullctxdelta16_fullctxdelta_ettm1_pl192_seed2026,frwkv_crossbranchphasegate_fullcontextdelta
ETTm1,192,FullContextDelta,2027,0.361908,0.373267,parallel_run_20260508_212616,kbs_fullctxdelta16_fullctxdelta_ettm1_pl192_seed2027,frwkv_crossbranchphasegate_fullcontextdelta
ETTm1,192,FullContextDelta,2028,0.362232,0.370812,parallel_run_20260508_212616,kbs_fullctxdelta16_fullctxdelta_ettm1_pl192_seed2028,frwkv_crossbranchphasegate_fullcontextdelta
ETTm1,192,FullContextDelta,2029,0.360425,0.370871,parallel_run_20260508_212616,kbs_fullctxdelta16_fullctxdelta_ettm1_pl192_seed2029,frwkv_crossbranchphasegate_fullcontextdelta
ETTm1,192,FullContextDelta,2030,0.359305,0.36975,parallel_run_20260508_212616,kbs_fullctxdelta16_fullctxdelta_ettm1_pl192_seed2030,frwkv_crossbranchphasegate_fullcontextdelta
ETTm1,192,FullContextDelta,2031,0.359246,0.370831,parallel_run_20260508_212616,kbs_fullctxdelta16_fullctxdelta_ettm1_pl192_seed2031,frwkv_crossbranchphasegate_fullcontextdelta
ETTm1,192,FullContextDelta,2032,0.359089,0.371074,parallel_run_20260508_212616,kbs_fullctxdelta16_fullctxdelta_ettm1_pl192_seed2032,frwkv_crossbranchphasegate_fullcontextdelta
ETTm1,192,FullContextDelta,2033,0.361387,0.371661,parallel_run_20260508_212616,kbs_fullctxdelta16_fullctxdelta_ettm1_pl192_seed2033,frwkv_crossbranchphasegate_fullcontextdelta
ETTm1,192,FullContextDelta,2034,0.359469,0.369774,parallel_run_20260508_212616,kbs_fullctxdelta16_fullctxdelta_ettm1_pl192_seed2034,frwkv_crossbranchphasegate_fullcontextdelta
ETTm1,192,FullContextDelta,2035,0.365084,0.375118,parallel_run_20260508_212616,kbs_fullctxdelta16_fullctxdelta_ettm1_pl192_seed2035,frwkv_crossbranchphasegate_fullcontextdelta
ETTm1,192,FullContextDelta,2036,0.364099,0.372842,parallel_run_20260508_212616,kbs_fullctxdelta16_fullctxdelta_ettm1_pl192_seed2036,frwkv_crossbranchphasegate_fullcontextdelta
ETTm1,192,FullContextDelta,2037,0.359003,0.37096,parallel_run_20260508_212616,kbs_fullctxdelta16_fullctxdelta_ettm1_pl192_seed2037,frwkv_crossbranchphasegate_fullcontextdelta
ETTm1,192,FullContextDelta,2038,0.357983,0.369187,parallel_run_20260508_212616,kbs_fullctxdelta16_fullctxdelta_ettm1_pl192_seed2038,frwkv_crossbranchphasegate_fullcontextdelta
ETTm1,192,FullContextDelta,2039,0.358662,0.368975,parallel_run_20260508_212616,kbs_fullctxdelta16_fullctxdelta_ettm1_pl192_seed2039,frwkv_crossbranchphasegate_fullcontextdelta
ETTm1,336,Adaptive PhaseGate,2024,0.395256,0.395045,parallel_run_20260509_134027,kbs_adaptive16_ettm1_pl336_seed2024,frwkv_crossbranchperiodicpositiongate_adaptive
ETTm1,336,Adaptive PhaseGate,2025,0.401962,0.399,parallel_run_20260509_134027,kbs_adaptive16_ettm1_pl336_seed2025,frwkv_crossbranchperiodicpositiongate_adaptive
ETTm1,336,Adaptive PhaseGate,2026,0.395947,0.394773,parallel_run_20260509_134027,kbs_adaptive16_ettm1_pl336_seed2026,frwkv_crossbranchperiodicpositiongate_adaptive
ETTm1,336,Adaptive PhaseGate,2027,0.390867,0.391662,parallel_run_20260509_134027,kbs_adaptive16_ettm1_pl336_seed2027,frwkv_crossbranchperiodicpositiongate_adaptive
ETTm1,336,Adaptive PhaseGate,2028,0.396476,0.397515,parallel_run_20260509_134027,kbs_adaptive16_ettm1_pl336_seed2028,frwkv_crossbranchperiodicpositiongate_adaptive
ETTm1,336,Adaptive PhaseGate,2029,0.392627,0.394473,parallel_run_20260509_134027,kbs_adaptive16_ettm1_pl336_seed2029,frwkv_crossbranchperiodicpositiongate_adaptive
ETTm1,336,Adaptive PhaseGate,2030,0.392312,0.394487,parallel_run_20260509_134027,kbs_adaptive16_ettm1_pl336_seed2030,frwkv_crossbranchperiodicpositiongate_adaptive
ETTm1,336,Adaptive PhaseGate,2031,0.394868,0.395733,parallel_run_20260509_134027,kbs_adaptive16_ettm1_pl336_seed2031,frwkv_crossbranchperiodicpositiongate_adaptive
ETTm1,336,Adaptive PhaseGate,2032,0.389147,0.392404,parallel_run_20260509_134027,kbs_adaptive16_ettm1_pl336_seed2032,frwkv_crossbranchperiodicpositiongate_adaptive
ETTm1,336,Adaptive PhaseGate,2033,0.392859,0.392526,parallel_run_20260509_134027,kbs_adaptive16_ettm1_pl336_seed2033,frwkv_crossbranchperiodicpositiongate_adaptive
ETTm1,336,Adaptive PhaseGate,2034,0.396528,0.397292,parallel_run_20260509_134027,kbs_adaptive16_ettm1_pl336_seed2034,frwkv_crossbranchperiodicpositiongate_adaptive
ETTm1,336,Adaptive PhaseGate,2035,0.389112,0.392033,parallel_run_20260509_134027,kbs_adaptive16_ettm1_pl336_seed2035,frwkv_crossbranchperiodicpositiongate_adaptive
ETTm1,336,Adaptive PhaseGate,2036,0.391674,0.393508,parallel_run_20260509_134027,kbs_adaptive16_ettm1_pl336_seed2036,frwkv_crossbranchperiodicpositiongate_adaptive
ETTm1,336,Adaptive PhaseGate,2037,0.389991,0.391316,parallel_run_20260509_134027,kbs_adaptive16_ettm1_pl336_seed2037,frwkv_crossbranchperiodicpositiongate_adaptive
ETTm1,336,Adaptive PhaseGate,2038,0.390264,0.392924,parallel_run_20260509_134027,kbs_adaptive16_ettm1_pl336_seed2038,frwkv_crossbranchperiodicpositiongate_adaptive
ETTm1,336,Adaptive PhaseGate,2039,0.387971,0.390892,parallel_run_20260509_134027,kbs_adaptive16_ettm1_pl336_seed2039,frwkv_crossbranchperiodicpositiongate_adaptive
ETTm1,336,CrossBranchGate,2024,0.39068,0.392171,parallel_run_20260503_131828,kbs_fullabl16_crossbranchgate_ettm1_pl336_seed2024,frwkv_crossbranchgate
ETTm1,336,CrossBranchGate,2025,0.390301,0.391648,parallel_run_20260503_131828,kbs_fullabl16_crossbranchgate_ettm1_pl336_seed2025,frwkv_crossbranchgate
ETTm1,336,CrossBranchGate,2026,0.392191,0.392117,parallel_run_20260503_131828,kbs_fullabl16_crossbranchgate_ettm1_pl336_seed2026,frwkv_crossbranchgate
ETTm1,336,CrossBranchGate,2027,0.391135,0.392245,parallel_run_20260503_131828,kbs_fullabl16_crossbranchgate_ettm1_pl336_seed2027,frwkv_crossbranchgate
ETTm1,336,CrossBranchGate,2028,0.39128,0.391372,parallel_run_20260503_131828,kbs_fullabl16_crossbranchgate_ettm1_pl336_seed2028,frwkv_crossbranchgate
ETTm1,336,CrossBranchGate,2029,0.394503,0.394534,parallel_run_20260503_131828,kbs_fullabl16_crossbranchgate_ettm1_pl336_seed2029,frwkv_crossbranchgate
ETTm1,336,CrossBranchGate,2030,0.395227,0.395183,parallel_run_20260503_131828,kbs_fullabl16_crossbranchgate_ettm1_pl336_seed2030,frwkv_crossbranchgate
ETTm1,336,CrossBranchGate,2031,0.39032,0.391784,parallel_run_20260503_131828,kbs_fullabl16_crossbranchgate_ettm1_pl336_seed2031,frwkv_crossbranchgate
ETTm1,336,CrossBranchGate,2032,0.396751,0.394749,parallel_run_20260503_131828,kbs_fullabl16_crossbranchgate_ettm1_pl336_seed2032,frwkv_crossbranchgate
ETTm1,336,CrossBranchGate,2033,0.392448,0.394436,parallel_run_20260503_131828,kbs_fullabl16_crossbranchgate_ettm1_pl336_seed2033,frwkv_crossbranchgate
ETTm1,336,CrossBranchGate,2034,0.390514,0.391169,parallel_run_20260503_131828,kbs_fullabl16_crossbranchgate_ettm1_pl336_seed2034,frwkv_crossbranchgate
ETTm1,336,CrossBranchGate,2035,0.394702,0.393804,parallel_run_20260503_131828,kbs_fullabl16_crossbranchgate_ettm1_pl336_seed2035,frwkv_crossbranchgate
ETTm1,336,CrossBranchGate,2036,0.389427,0.390182,parallel_run_20260503_131828,kbs_fullabl16_crossbranchgate_ettm1_pl336_seed2036,frwkv_crossbranchgate
ETTm1,336,CrossBranchGate,2037,0.388354,0.390047,parallel_run_20260503_131828,kbs_fullabl16_crossbranchgate_ettm1_pl336_seed2037,frwkv_crossbranchgate
ETTm1,336,CrossBranchGate,2038,0.392742,0.394444,parallel_run_20260503_131828,kbs_fullabl16_crossbranchgate_ettm1_pl336_seed2038,frwkv_crossbranchgate
ETTm1,336,CrossBranchGate,2039,0.395316,0.395235,parallel_run_20260503_131828,kbs_fullabl16_crossbranchgate_ettm1_pl336_seed2039,frwkv_crossbranchgate
ETTm1,336,CrossBranchPhaseGate,2024,0.389765,0.390969,parallel_run_20260503_131828,kbs_fullabl16_crossbranchphasegate_ettm1_pl336_seed2024,frwkv_crossbranchphasegate
ETTm1,336,CrossBranchPhaseGate,2025,0.388614,0.390783,parallel_run_20260503_131828,kbs_fullabl16_crossbranchphasegate_ettm1_pl336_seed2025,frwkv_crossbranchphasegate
ETTm1,336,CrossBranchPhaseGate,2026,0.390857,0.392979,parallel_run_20260503_131828,kbs_fullabl16_crossbranchphasegate_ettm1_pl336_seed2026,frwkv_crossbranchphasegate
ETTm1,336,CrossBranchPhaseGate,2027,0.394798,0.393867,parallel_run_20260503_131828,kbs_fullabl16_crossbranchphasegate_ettm1_pl336_seed2027,frwkv_crossbranchphasegate
ETTm1,336,CrossBranchPhaseGate,2028,0.396111,0.396781,parallel_run_20260503_131828,kbs_fullabl16_crossbranchphasegate_ettm1_pl336_seed2028,frwkv_crossbranchphasegate
ETTm1,336,CrossBranchPhaseGate,2029,0.391599,0.391972,parallel_run_20260503_131828,kbs_fullabl16_crossbranchphasegate_ettm1_pl336_seed2029,frwkv_crossbranchphasegate
ETTm1,336,CrossBranchPhaseGate,2030,0.391546,0.394084,parallel_run_20260503_131828,kbs_fullabl16_crossbranchphasegate_ettm1_pl336_seed2030,frwkv_crossbranchphasegate
ETTm1,336,CrossBranchPhaseGate,2031,0.391988,0.393831,parallel_run_20260503_131828,kbs_fullabl16_crossbranchphasegate_ettm1_pl336_seed2031,frwkv_crossbranchphasegate
ETTm1,336,CrossBranchPhaseGate,2032,0.38846,0.391362,parallel_run_20260503_131828,kbs_fullabl16_crossbranchphasegate_ettm1_pl336_seed2032,frwkv_crossbranchphasegate
ETTm1,336,CrossBranchPhaseGate,2033,0.391705,0.393376,parallel_run_20260503_131828,kbs_fullabl16_crossbranchphasegate_ettm1_pl336_seed2033,frwkv_crossbranchphasegate
ETTm1,336,CrossBranchPhaseGate,2034,0.395719,0.394939,parallel_run_20260503_131828,kbs_fullabl16_crossbranchphasegate_ettm1_pl336_seed2034,frwkv_crossbranchphasegate
ETTm1,336,CrossBranchPhaseGate,2035,0.392173,0.392367,parallel_run_20260503_131828,kbs_fullabl16_crossbranchphasegate_ettm1_pl336_seed2035,frwkv_crossbranchphasegate
ETTm1,336,CrossBranchPhaseGate,2036,0.392251,0.393107,parallel_run_20260503_131828,kbs_fullabl16_crossbranchphasegate_ettm1_pl336_seed2036,frwkv_crossbranchphasegate
ETTm1,336,CrossBranchPhaseGate,2037,0.389524,0.390661,parallel_run_20260503_131828,kbs_fullabl16_crossbranchphasegate_ettm1_pl336_seed2037,frwkv_crossbranchphasegate
ETTm1,336,CrossBranchPhaseGate,2038,0.39064,0.393294,parallel_run_20260503_131828,kbs_fullabl16_crossbranchphasegate_ettm1_pl336_seed2038,frwkv_crossbranchphasegate
ETTm1,336,CrossBranchPhaseGate,2039,0.388184,0.389498,parallel_run_20260503_131828,kbs_fullabl16_crossbranchphasegate_ettm1_pl336_seed2039,frwkv_crossbranchphasegate
ETTm1,336,FRWKV,2024,0.390317,0.390752,parallel_run_20260503_131828,kbs_fullabl16_frwkv_ettm1_pl336_seed2024,frwkv
ETTm1,336,FRWKV,2025,0.392614,0.392114,parallel_run_20260503_131828,kbs_fullabl16_frwkv_ettm1_pl336_seed2025,frwkv
ETTm1,336,FRWKV,2026,0.391886,0.392173,parallel_run_20260503_131828,kbs_fullabl16_frwkv_ettm1_pl336_seed2026,frwkv
ETTm1,336,FRWKV,2027,0.394741,0.395286,parallel_run_20260503_131828,kbs_fullabl16_frwkv_ettm1_pl336_seed2027,frwkv
ETTm1,336,FRWKV,2028,0.39314,0.39167,parallel_run_20260503_131828,kbs_fullabl16_frwkv_ettm1_pl336_seed2028,frwkv
ETTm1,336,FRWKV,2029,0.391766,0.391762,parallel_run_20260503_131828,kbs_fullabl16_frwkv_ettm1_pl336_seed2029,frwkv
ETTm1,336,FRWKV,2030,0.38995,0.390825,parallel_run_20260503_131828,kbs_fullabl16_frwkv_ettm1_pl336_seed2030,frwkv
ETTm1,336,FRWKV,2031,0.390169,0.392252,parallel_run_20260503_131828,kbs_fullabl16_frwkv_ettm1_pl336_seed2031,frwkv
ETTm1,336,FRWKV,2032,0.389333,0.391547,parallel_run_20260503_131828,kbs_fullabl16_frwkv_ettm1_pl336_seed2032,frwkv
ETTm1,336,FRWKV,2033,0.390605,0.390448,parallel_run_20260503_131828,kbs_fullabl16_frwkv_ettm1_pl336_seed2033,frwkv
ETTm1,336,FRWKV,2034,0.392032,0.392121,parallel_run_20260503_131828,kbs_fullabl16_frwkv_ettm1_pl336_seed2034,frwkv
ETTm1,336,FRWKV,2035,0.392661,0.39306,parallel_run_20260503_131828,kbs_fullabl16_frwkv_ettm1_pl336_seed2035,frwkv
ETTm1,336,FRWKV,2036,0.391741,0.394001,parallel_run_20260503_131828,kbs_fullabl16_frwkv_ettm1_pl336_seed2036,frwkv
ETTm1,336,FRWKV,2037,0.389153,0.392034,parallel_run_20260503_131828,kbs_fullabl16_frwkv_ettm1_pl336_seed2037,frwkv
ETTm1,336,FRWKV,2038,0.391135,0.392548,parallel_run_20260503_131828,kbs_fullabl16_frwkv_ettm1_pl336_seed2038,frwkv
ETTm1,336,FRWKV,2039,0.394695,0.39356,parallel_run_20260503_131828,kbs_fullabl16_frwkv_ettm1_pl336_seed2039,frwkv
ETTm1,336,FullContextDelta,2024,0.391287,0.393246,parallel_run_20260508_212616,kbs_fullctxdelta16_fullctxdelta_ettm1_pl336_seed2024,frwkv_crossbranchphasegate_fullcontextdelta
ETTm1,336,FullContextDelta,2025,0.393751,0.395389,parallel_run_20260508_212616,kbs_fullctxdelta16_fullctxdelta_ettm1_pl336_seed2025,frwkv_crossbranchphasegate_fullcontextdelta
ETTm1,336,FullContextDelta,2026,0.38978,0.3901,parallel_run_20260508_212616,kbs_fullctxdelta16_fullctxdelta_ettm1_pl336_seed2026,frwkv_crossbranchphasegate_fullcontextdelta
ETTm1,336,FullContextDelta,2027,0.391847,0.391578,parallel_run_20260508_212616,kbs_fullctxdelta16_fullctxdelta_ettm1_pl336_seed2027,frwkv_crossbranchphasegate_fullcontextdelta
ETTm1,336,FullContextDelta,2028,0.393139,0.393142,parallel_run_20260508_212616,kbs_fullctxdelta16_fullctxdelta_ettm1_pl336_seed2028,frwkv_crossbranchphasegate_fullcontextdelta
ETTm1,336,FullContextDelta,2029,0.388868,0.391461,parallel_run_20260508_212616,kbs_fullctxdelta16_fullctxdelta_ettm1_pl336_seed2029,frwkv_crossbranchphasegate_fullcontextdelta
ETTm1,336,FullContextDelta,2030,0.390025,0.391079,parallel_run_20260508_212616,kbs_fullctxdelta16_fullctxdelta_ettm1_pl336_seed2030,frwkv_crossbranchphasegate_fullcontextdelta
ETTm1,336,FullContextDelta,2031,0.397212,0.3975,parallel_run_20260508_212616,kbs_fullctxdelta16_fullctxdelta_ettm1_pl336_seed2031,frwkv_crossbranchphasegate_fullcontextdelta
ETTm1,336,FullContextDelta,2032,0.38849,0.39001,parallel_run_20260508_212616,kbs_fullctxdelta16_fullctxdelta_ettm1_pl336_seed2032,frwkv_crossbranchphasegate_fullcontextdelta
ETTm1,336,FullContextDelta,2033,0.392756,0.393105,parallel_run_20260508_212616,kbs_fullctxdelta16_fullctxdelta_ettm1_pl336_seed2033,frwkv_crossbranchphasegate_fullcontextdelta
ETTm1,336,FullContextDelta,2034,0.389605,0.390518,parallel_run_20260508_212616,kbs_fullctxdelta16_fullctxdelta_ettm1_pl336_seed2034,frwkv_crossbranchphasegate_fullcontextdelta
ETTm1,336,FullContextDelta,2035,0.388956,0.39072,parallel_run_20260508_212616,kbs_fullctxdelta16_fullctxdelta_ettm1_pl336_seed2035,frwkv_crossbranchphasegate_fullcontextdelta
ETTm1,336,FullContextDelta,2036,0.395017,0.395446,parallel_run_20260508_212616,kbs_fullctxdelta16_fullctxdelta_ettm1_pl336_seed2036,frwkv_crossbranchphasegate_fullcontextdelta
ETTm1,336,FullContextDelta,2037,0.389485,0.391771,parallel_run_20260508_212616,kbs_fullctxdelta16_fullctxdelta_ettm1_pl336_seed2037,frwkv_crossbranchphasegate_fullcontextdelta
ETTm1,336,FullContextDelta,2038,0.392143,0.393684,parallel_run_20260508_212616,kbs_fullctxdelta16_fullctxdelta_ettm1_pl336_seed2038,frwkv_crossbranchphasegate_fullcontextdelta
ETTm1,336,FullContextDelta,2039,0.38933,0.391327,parallel_run_20260508_212616,kbs_fullctxdelta16_fullctxdelta_ettm1_pl336_seed2039,frwkv_crossbranchphasegate_fullcontextdelta
ETTm1,720,Adaptive PhaseGate,2024,0.466019,0.437615,parallel_run_20260509_134027,kbs_adaptive16_ettm1_pl720_seed2024,frwkv_crossbranchperiodicpositiongate_adaptive
ETTm1,720,Adaptive PhaseGate,2025,0.455672,0.429628,parallel_run_20260509_134027,kbs_adaptive16_ettm1_pl720_seed2025,frwkv_crossbranchperiodicpositiongate_adaptive
ETTm1,720,Adaptive PhaseGate,2026,0.45825,0.431028,parallel_run_20260509_134027,kbs_adaptive16_ettm1_pl720_seed2026,frwkv_crossbranchperiodicpositiongate_adaptive
ETTm1,720,Adaptive PhaseGate,2027,0.457444,0.429511,parallel_run_20260509_134027,kbs_adaptive16_ettm1_pl720_seed2027,frwkv_crossbranchperiodicpositiongate_adaptive
ETTm1,720,Adaptive PhaseGate,2028,0.45879,0.433903,parallel_run_20260509_134027,kbs_adaptive16_ettm1_pl720_seed2028,frwkv_crossbranchperiodicpositiongate_adaptive
ETTm1,720,Adaptive PhaseGate,2029,0.455076,0.428591,parallel_run_20260509_134027,kbs_adaptive16_ettm1_pl720_seed2029,frwkv_crossbranchperiodicpositiongate_adaptive
ETTm1,720,Adaptive PhaseGate,2030,0.458058,0.430735,parallel_run_20260509_134027,kbs_adaptive16_ettm1_pl720_seed2030,frwkv_crossbranchperiodicpositiongate_adaptive
ETTm1,720,Adaptive PhaseGate,2031,0.460081,0.430456,parallel_run_20260509_134027,kbs_adaptive16_ettm1_pl720_seed2031,frwkv_crossbranchperiodicpositiongate_adaptive
ETTm1,720,Adaptive PhaseGate,2032,0.460492,0.432166,parallel_run_20260509_134027,kbs_adaptive16_ettm1_pl720_seed2032,frwkv_crossbranchperiodicpositiongate_adaptive
ETTm1,720,Adaptive PhaseGate,2033,0.459839,0.435097,parallel_run_20260509_134027,kbs_adaptive16_ettm1_pl720_seed2033,frwkv_crossbranchperiodicpositiongate_adaptive
ETTm1,720,Adaptive PhaseGate,2034,0.455896,0.428495,parallel_run_20260509_134027,kbs_adaptive16_ettm1_pl720_seed2034,frwkv_crossbranchperiodicpositiongate_adaptive
ETTm1,720,Adaptive PhaseGate,2035,0.453624,0.429465,parallel_run_20260509_134027,kbs_adaptive16_ettm1_pl720_seed2035,frwkv_crossbranchperiodicpositiongate_adaptive
ETTm1,720,Adaptive PhaseGate,2036,0.462372,0.435331,parallel_run_20260509_134027,kbs_adaptive16_ettm1_pl720_seed2036,frwkv_crossbranchperiodicpositiongate_adaptive
ETTm1,720,Adaptive PhaseGate,2037,0.464144,0.435104,parallel_run_20260509_134027,kbs_adaptive16_ettm1_pl720_seed2037,frwkv_crossbranchperiodicpositiongate_adaptive
ETTm1,720,Adaptive PhaseGate,2038,0.454764,0.430912,parallel_run_20260509_134027,kbs_adaptive16_ettm1_pl720_seed2038,frwkv_crossbranchperiodicpositiongate_adaptive
ETTm1,720,Adaptive PhaseGate,2039,0.458266,0.431109,parallel_run_20260509_134027,kbs_adaptive16_ettm1_pl720_seed2039,frwkv_crossbranchperiodicpositiongate_adaptive
ETTm1,720,CrossBranchGate,2024,0.456406,0.429509,parallel_run_20260503_131828,kbs_fullabl16_crossbranchgate_ettm1_pl720_seed2024,frwkv_crossbranchgate
ETTm1,720,CrossBranchGate,2025,0.458721,0.4314,parallel_run_20260503_131828,kbs_fullabl16_crossbranchgate_ettm1_pl720_seed2025,frwkv_crossbranchgate
ETTm1,720,CrossBranchGate,2026,0.455816,0.429521,parallel_run_20260503_131828,kbs_fullabl16_crossbranchgate_ettm1_pl720_seed2026,frwkv_crossbranchgate
ETTm1,720,CrossBranchGate,2027,0.454901,0.430802,parallel_run_20260503_131828,kbs_fullabl16_crossbranchgate_ettm1_pl720_seed2027,frwkv_crossbranchgate
ETTm1,720,CrossBranchGate,2028,0.461919,0.43472,parallel_run_20260503_131828,kbs_fullabl16_crossbranchgate_ettm1_pl720_seed2028,frwkv_crossbranchgate
ETTm1,720,CrossBranchGate,2029,0.455005,0.428225,parallel_run_20260503_131828,kbs_fullabl16_crossbranchgate_ettm1_pl720_seed2029,frwkv_crossbranchgate
ETTm1,720,CrossBranchGate,2030,0.454468,0.430234,parallel_run_20260503_131828,kbs_fullabl16_crossbranchgate_ettm1_pl720_seed2030,frwkv_crossbranchgate
ETTm1,720,CrossBranchGate,2031,0.462274,0.432868,parallel_run_20260503_131828,kbs_fullabl16_crossbranchgate_ettm1_pl720_seed2031,frwkv_crossbranchgate
ETTm1,720,CrossBranchGate,2032,0.454216,0.427359,parallel_run_20260503_131828,kbs_fullabl16_crossbranchgate_ettm1_pl720_seed2032,frwkv_crossbranchgate
ETTm1,720,CrossBranchGate,2033,0.459068,0.430948,parallel_run_20260503_131828,kbs_fullabl16_crossbranchgate_ettm1_pl720_seed2033,frwkv_crossbranchgate
ETTm1,720,CrossBranchGate,2034,0.4567,0.429586,parallel_run_20260503_131828,kbs_fullabl16_crossbranchgate_ettm1_pl720_seed2034,frwkv_crossbranchgate
ETTm1,720,CrossBranchGate,2035,0.455807,0.430295,parallel_run_20260503_131828,kbs_fullabl16_crossbranchgate_ettm1_pl720_seed2035,frwkv_crossbranchgate
ETTm1,720,CrossBranchGate,2036,0.464726,0.434876,parallel_run_20260503_131828,kbs_fullabl16_crossbranchgate_ettm1_pl720_seed2036,frwkv_crossbranchgate
ETTm1,720,CrossBranchGate,2037,0.465477,0.438051,parallel_run_20260503_131828,kbs_fullabl16_crossbranchgate_ettm1_pl720_seed2037,frwkv_crossbranchgate
ETTm1,720,CrossBranchGate,2038,0.462896,0.434454,parallel_run_20260503_131828,kbs_fullabl16_crossbranchgate_ettm1_pl720_seed2038,frwkv_crossbranchgate
ETTm1,720,CrossBranchGate,2039,0.463225,0.433418,parallel_run_20260503_131828,kbs_fullabl16_crossbranchgate_ettm1_pl720_seed2039,frwkv_crossbranchgate
ETTm1,720,CrossBranchPhaseGate,2024,0.457759,0.431012,parallel_run_20260503_131828,kbs_fullabl16_crossbranchphasegate_ettm1_pl720_seed2024,frwkv_crossbranchphasegate
ETTm1,720,CrossBranchPhaseGate,2025,0.46268,0.434911,parallel_run_20260503_131828,kbs_fullabl16_crossbranchphasegate_ettm1_pl720_seed2025,frwkv_crossbranchphasegate
ETTm1,720,CrossBranchPhaseGate,2026,0.453759,0.428833,parallel_run_20260503_131828,kbs_fullabl16_crossbranchphasegate_ettm1_pl720_seed2026,frwkv_crossbranchphasegate
ETTm1,720,CrossBranchPhaseGate,2027,0.454549,0.429357,parallel_run_20260503_131828,kbs_fullabl16_crossbranchphasegate_ettm1_pl720_seed2027,frwkv_crossbranchphasegate
ETTm1,720,CrossBranchPhaseGate,2028,0.457706,0.431228,parallel_run_20260503_131828,kbs_fullabl16_crossbranchphasegate_ettm1_pl720_seed2028,frwkv_crossbranchphasegate
ETTm1,720,CrossBranchPhaseGate,2029,0.454725,0.427367,parallel_run_20260503_131828,kbs_fullabl16_crossbranchphasegate_ettm1_pl720_seed2029,frwkv_crossbranchphasegate
ETTm1,720,CrossBranchPhaseGate,2030,0.459677,0.432231,parallel_run_20260503_131828,kbs_fullabl16_crossbranchphasegate_ettm1_pl720_seed2030,frwkv_crossbranchphasegate
ETTm1,720,CrossBranchPhaseGate,2031,0.458232,0.431127,parallel_run_20260503_131828,kbs_fullabl16_crossbranchphasegate_ettm1_pl720_seed2031,frwkv_crossbranchphasegate
ETTm1,720,CrossBranchPhaseGate,2032,0.459891,0.430973,parallel_run_20260503_131828,kbs_fullabl16_crossbranchphasegate_ettm1_pl720_seed2032,frwkv_crossbranchphasegate
ETTm1,720,CrossBranchPhaseGate,2033,0.454517,0.428406,parallel_run_20260503_131828,kbs_fullabl16_crossbranchphasegate_ettm1_pl720_seed2033,frwkv_crossbranchphasegate
ETTm1,720,CrossBranchPhaseGate,2034,0.456556,0.429703,parallel_run_20260503_131828,kbs_fullabl16_crossbranchphasegate_ettm1_pl720_seed2034,frwkv_crossbranchphasegate
ETTm1,720,CrossBranchPhaseGate,2035,0.457028,0.428876,parallel_run_20260503_131828,kbs_fullabl16_crossbranchphasegate_ettm1_pl720_seed2035,frwkv_crossbranchphasegate
ETTm1,720,CrossBranchPhaseGate,2036,0.456601,0.429873,parallel_run_20260503_131828,kbs_fullabl16_crossbranchphasegate_ettm1_pl720_seed2036,frwkv_crossbranchphasegate
ETTm1,720,CrossBranchPhaseGate,2037,0.455992,0.430966,parallel_run_20260503_131828,kbs_fullabl16_crossbranchphasegate_ettm1_pl720_seed2037,frwkv_crossbranchphasegate
ETTm1,720,CrossBranchPhaseGate,2038,0.462382,0.433735,parallel_run_20260503_131828,kbs_fullabl16_crossbranchphasegate_ettm1_pl720_seed2038,frwkv_crossbranchphasegate
ETTm1,720,CrossBranchPhaseGate,2039,0.45784,0.429052,parallel_run_20260503_131828,kbs_fullabl16_crossbranchphasegate_ettm1_pl720_seed2039,frwkv_crossbranchphasegate
ETTm1,720,FRWKV,2024,0.459222,0.430457,parallel_run_20260503_131828,kbs_fullabl16_frwkv_ettm1_pl720_seed2024,frwkv
ETTm1,720,FRWKV,2025,0.453812,0.427153,parallel_run_20260503_131828,kbs_fullabl16_frwkv_ettm1_pl720_seed2025,frwkv
ETTm1,720,FRWKV,2026,0.457709,0.430057,parallel_run_20260503_131828,kbs_fullabl16_frwkv_ettm1_pl720_seed2026,frwkv
ETTm1,720,FRWKV,2027,0.460636,0.433911,parallel_run_20260503_131828,kbs_fullabl16_frwkv_ettm1_pl720_seed2027,frwkv
ETTm1,720,FRWKV,2028,0.459026,0.430338,parallel_run_20260503_131828,kbs_fullabl16_frwkv_ettm1_pl720_seed2028,frwkv
ETTm1,720,FRWKV,2029,0.45652,0.430558,parallel_run_20260503_131828,kbs_fullabl16_frwkv_ettm1_pl720_seed2029,frwkv
ETTm1,720,FRWKV,2030,0.455755,0.430832,parallel_run_20260503_131828,kbs_fullabl16_frwkv_ettm1_pl720_seed2030,frwkv
ETTm1,720,FRWKV,2031,0.45659,0.429912,parallel_run_20260503_131828,kbs_fullabl16_frwkv_ettm1_pl720_seed2031,frwkv
ETTm1,720,FRWKV,2032,0.459365,0.428835,parallel_run_20260503_131828,kbs_fullabl16_frwkv_ettm1_pl720_seed2032,frwkv
ETTm1,720,FRWKV,2033,0.461247,0.432993,parallel_run_20260503_131828,kbs_fullabl16_frwkv_ettm1_pl720_seed2033,frwkv
ETTm1,720,FRWKV,2034,0.456098,0.428059,parallel_run_20260503_131828,kbs_fullabl16_frwkv_ettm1_pl720_seed2034,frwkv
ETTm1,720,FRWKV,2035,0.462365,0.435926,parallel_run_20260503_131828,kbs_fullabl16_frwkv_ettm1_pl720_seed2035,frwkv
ETTm1,720,FRWKV,2036,0.455981,0.429894,parallel_run_20260503_131828,kbs_fullabl16_frwkv_ettm1_pl720_seed2036,frwkv
ETTm1,720,FRWKV,2037,0.456742,0.42973,parallel_run_20260503_131828,kbs_fullabl16_frwkv_ettm1_pl720_seed2037,frwkv
ETTm1,720,FRWKV,2038,0.458756,0.431348,parallel_run_20260503_131828,kbs_fullabl16_frwkv_ettm1_pl720_seed2038,frwkv
ETTm1,720,FRWKV,2039,0.45526,0.427112,parallel_run_20260503_131828,kbs_fullabl16_frwkv_ettm1_pl720_seed2039,frwkv
ETTm1,720,FullContextDelta,2024,0.460527,0.432332,parallel_run_20260508_212616,kbs_fullctxdelta16_fullctxdelta_ettm1_pl720_seed2024,frwkv_crossbranchphasegate_fullcontextdelta
ETTm1,720,FullContextDelta,2025,0.463141,0.435049,parallel_run_20260508_212616,kbs_fullctxdelta16_fullctxdelta_ettm1_pl720_seed2025,frwkv_crossbranchphasegate_fullcontextdelta
ETTm1,720,FullContextDelta,2026,0.459949,0.433983,parallel_run_20260508_212616,kbs_fullctxdelta16_fullctxdelta_ettm1_pl720_seed2026,frwkv_crossbranchphasegate_fullcontextdelta
ETTm1,720,FullContextDelta,2027,0.454569,0.430362,parallel_run_20260508_212616,kbs_fullctxdelta16_fullctxdelta_ettm1_pl720_seed2027,frwkv_crossbranchphasegate_fullcontextdelta
ETTm1,720,FullContextDelta,2028,0.459426,0.431308,parallel_run_20260508_212616,kbs_fullctxdelta16_fullctxdelta_ettm1_pl720_seed2028,frwkv_crossbranchphasegate_fullcontextdelta
ETTm1,720,FullContextDelta,2029,0.455195,0.429192,parallel_run_20260508_212616,kbs_fullctxdelta16_fullctxdelta_ettm1_pl720_seed2029,frwkv_crossbranchphasegate_fullcontextdelta
ETTm1,720,FullContextDelta,2030,0.457643,0.428967,parallel_run_20260508_212616,kbs_fullctxdelta16_fullctxdelta_ettm1_pl720_seed2030,frwkv_crossbranchphasegate_fullcontextdelta
ETTm1,720,FullContextDelta,2031,0.45422,0.428974,parallel_run_20260508_212616,kbs_fullctxdelta16_fullctxdelta_ettm1_pl720_seed2031,frwkv_crossbranchphasegate_fullcontextdelta
ETTm1,720,FullContextDelta,2032,0.459588,0.431398,parallel_run_20260508_212616,kbs_fullctxdelta16_fullctxdelta_ettm1_pl720_seed2032,frwkv_crossbranchphasegate_fullcontextdelta
ETTm1,720,FullContextDelta,2033,0.458728,0.432427,parallel_run_20260508_212616,kbs_fullctxdelta16_fullctxdelta_ettm1_pl720_seed2033,frwkv_crossbranchphasegate_fullcontextdelta
ETTm1,720,FullContextDelta,2034,0.453955,0.428331,parallel_run_20260508_212616,kbs_fullctxdelta16_fullctxdelta_ettm1_pl720_seed2034,frwkv_crossbranchphasegate_fullcontextdelta
ETTm1,720,FullContextDelta,2035,0.454147,0.428293,parallel_run_20260508_212616,kbs_fullctxdelta16_fullctxdelta_ettm1_pl720_seed2035,frwkv_crossbranchphasegate_fullcontextdelta
ETTm1,720,FullContextDelta,2036,0.463097,0.436032,parallel_run_20260508_212616,kbs_fullctxdelta16_fullctxdelta_ettm1_pl720_seed2036,frwkv_crossbranchphasegate_fullcontextdelta
ETTm1,720,FullContextDelta,2037,0.456864,0.429097,parallel_run_20260508_212616,kbs_fullctxdelta16_fullctxdelta_ettm1_pl720_seed2037,frwkv_crossbranchphasegate_fullcontextdelta
ETTm1,720,FullContextDelta,2038,0.457265,0.428592,parallel_run_20260508_212616,kbs_fullctxdelta16_fullctxdelta_ettm1_pl720_seed2038,frwkv_crossbranchphasegate_fullcontextdelta
ETTm1,720,FullContextDelta,2039,0.455576,0.429909,parallel_run_20260508_212616,kbs_fullctxdelta16_fullctxdelta_ettm1_pl720_seed2039,frwkv_crossbranchphasegate_fullcontextdelta
ETTm2,96,Adaptive PhaseGate,2024,0.172129,0.250133,parallel_run_20260509_134027,kbs_adaptive16_ettm2_pl96_seed2024,frwkv_crossbranchperiodicpositiongate_adaptive
ETTm2,96,Adaptive PhaseGate,2025,0.171525,0.249579,parallel_run_20260509_134027,kbs_adaptive16_ettm2_pl96_seed2025,frwkv_crossbranchperiodicpositiongate_adaptive
ETTm2,96,Adaptive PhaseGate,2026,0.173886,0.251034,parallel_run_20260509_134027,kbs_adaptive16_ettm2_pl96_seed2026,frwkv_crossbranchperiodicpositiongate_adaptive
ETTm2,96,Adaptive PhaseGate,2027,0.172186,0.250593,parallel_run_20260509_134027,kbs_adaptive16_ettm2_pl96_seed2027,frwkv_crossbranchperiodicpositiongate_adaptive
ETTm2,96,Adaptive PhaseGate,2028,0.172222,0.249945,parallel_run_20260509_134027,kbs_adaptive16_ettm2_pl96_seed2028,frwkv_crossbranchperiodicpositiongate_adaptive
ETTm2,96,Adaptive PhaseGate,2029,0.17287,0.250784,parallel_run_20260509_134027,kbs_adaptive16_ettm2_pl96_seed2029,frwkv_crossbranchperiodicpositiongate_adaptive
ETTm2,96,Adaptive PhaseGate,2030,0.17076,0.248822,parallel_run_20260509_134027,kbs_adaptive16_ettm2_pl96_seed2030,frwkv_crossbranchperiodicpositiongate_adaptive
ETTm2,96,Adaptive PhaseGate,2031,0.175371,0.252049,parallel_run_20260509_134027,kbs_adaptive16_ettm2_pl96_seed2031,frwkv_crossbranchperiodicpositiongate_adaptive
ETTm2,96,Adaptive PhaseGate,2032,0.173466,0.250209,parallel_run_20260509_134027,kbs_adaptive16_ettm2_pl96_seed2032,frwkv_crossbranchperiodicpositiongate_adaptive
ETTm2,96,Adaptive PhaseGate,2033,0.176845,0.252527,parallel_run_20260509_134027,kbs_adaptive16_ettm2_pl96_seed2033,frwkv_crossbranchperiodicpositiongate_adaptive
ETTm2,96,Adaptive PhaseGate,2034,0.175214,0.251737,parallel_run_20260509_134027,kbs_adaptive16_ettm2_pl96_seed2034,frwkv_crossbranchperiodicpositiongate_adaptive
ETTm2,96,Adaptive PhaseGate,2035,0.172778,0.250108,parallel_run_20260509_134027,kbs_adaptive16_ettm2_pl96_seed2035,frwkv_crossbranchperiodicpositiongate_adaptive
ETTm2,96,Adaptive PhaseGate,2036,0.171588,0.249598,parallel_run_20260509_134027,kbs_adaptive16_ettm2_pl96_seed2036,frwkv_crossbranchperiodicpositiongate_adaptive
ETTm2,96,Adaptive PhaseGate,2037,0.173021,0.250512,parallel_run_20260509_134027,kbs_adaptive16_ettm2_pl96_seed2037,frwkv_crossbranchperiodicpositiongate_adaptive
ETTm2,96,Adaptive PhaseGate,2038,0.170927,0.249949,parallel_run_20260509_134027,kbs_adaptive16_ettm2_pl96_seed2038,frwkv_crossbranchperiodicpositiongate_adaptive
ETTm2,96,Adaptive PhaseGate,2039,0.171579,0.249913,parallel_run_20260509_134027,kbs_adaptive16_ettm2_pl96_seed2039,frwkv_crossbranchperiodicpositiongate_adaptive
ETTm2,96,CrossBranchGate,2024,0.170719,0.249356,parallel_run_20260503_131828,kbs_fullabl16_crossbranchgate_ettm2_pl96_seed2024,frwkv_crossbranchgate
ETTm2,96,CrossBranchGate,2025,0.173716,0.250709,parallel_run_20260503_131828,kbs_fullabl16_crossbranchgate_ettm2_pl96_seed2025,frwkv_crossbranchgate
ETTm2,96,CrossBranchGate,2026,0.17343,0.250817,parallel_run_20260503_131828,kbs_fullabl16_crossbranchgate_ettm2_pl96_seed2026,frwkv_crossbranchgate
ETTm2,96,CrossBranchGate,2027,0.176529,0.252119,parallel_run_20260503_131828,kbs_fullabl16_crossbranchgate_ettm2_pl96_seed2027,frwkv_crossbranchgate
ETTm2,96,CrossBranchGate,2028,0.171648,0.249494,parallel_run_20260503_131828,kbs_fullabl16_crossbranchgate_ettm2_pl96_seed2028,frwkv_crossbranchgate
ETTm2,96,CrossBranchGate,2029,0.173946,0.250661,parallel_run_20260503_131828,kbs_fullabl16_crossbranchgate_ettm2_pl96_seed2029,frwkv_crossbranchgate
ETTm2,96,CrossBranchGate,2030,0.171703,0.249634,parallel_run_20260503_131828,kbs_fullabl16_crossbranchgate_ettm2_pl96_seed2030,frwkv_crossbranchgate
ETTm2,96,CrossBranchGate,2031,0.171904,0.250201,parallel_run_20260503_131828,kbs_fullabl16_crossbranchgate_ettm2_pl96_seed2031,frwkv_crossbranchgate
ETTm2,96,CrossBranchGate,2032,0.174249,0.251268,parallel_run_20260503_131828,kbs_fullabl16_crossbranchgate_ettm2_pl96_seed2032,frwkv_crossbranchgate
ETTm2,96,CrossBranchGate,2033,0.17517,0.251995,parallel_run_20260503_131828,kbs_fullabl16_crossbranchgate_ettm2_pl96_seed2033,frwkv_crossbranchgate
ETTm2,96,CrossBranchGate,2034,0.172367,0.24986,parallel_run_20260503_131828,kbs_fullabl16_crossbranchgate_ettm2_pl96_seed2034,frwkv_crossbranchgate
ETTm2,96,CrossBranchGate,2035,0.170652,0.248331,parallel_run_20260503_131828,kbs_fullabl16_crossbranchgate_ettm2_pl96_seed2035,frwkv_crossbranchgate
ETTm2,96,CrossBranchGate,2036,0.172507,0.2497,parallel_run_20260503_131828,kbs_fullabl16_crossbranchgate_ettm2_pl96_seed2036,frwkv_crossbranchgate
ETTm2,96,CrossBranchGate,2037,0.17349,0.250322,parallel_run_20260503_131828,kbs_fullabl16_crossbranchgate_ettm2_pl96_seed2037,frwkv_crossbranchgate
ETTm2,96,CrossBranchGate,2038,0.17606,0.252947,parallel_run_20260503_131828,kbs_fullabl16_crossbranchgate_ettm2_pl96_seed2038,frwkv_crossbranchgate
ETTm2,96,CrossBranchGate,2039,0.171339,0.248925,parallel_run_20260503_131828,kbs_fullabl16_crossbranchgate_ettm2_pl96_seed2039,frwkv_crossbranchgate
ETTm2,96,CrossBranchPhaseGate,2024,0.171498,0.249311,parallel_run_20260503_131828,kbs_fullabl16_crossbranchphasegate_ettm2_pl96_seed2024,frwkv_crossbranchphasegate
ETTm2,96,CrossBranchPhaseGate,2025,0.176241,0.252712,parallel_run_20260503_131828,kbs_fullabl16_crossbranchphasegate_ettm2_pl96_seed2025,frwkv_crossbranchphasegate
ETTm2,96,CrossBranchPhaseGate,2026,0.175392,0.252028,parallel_run_20260503_131828,kbs_fullabl16_crossbranchphasegate_ettm2_pl96_seed2026,frwkv_crossbranchphasegate
ETTm2,96,CrossBranchPhaseGate,2027,0.172643,0.250051,parallel_run_20260503_131828,kbs_fullabl16_crossbranchphasegate_ettm2_pl96_seed2027,frwkv_crossbranchphasegate
ETTm2,96,CrossBranchPhaseGate,2028,0.170073,0.248964,parallel_run_20260503_131828,kbs_fullabl16_crossbranchphasegate_ettm2_pl96_seed2028,frwkv_crossbranchphasegate
ETTm2,96,CrossBranchPhaseGate,2029,0.173908,0.250655,parallel_run_20260503_131828,kbs_fullabl16_crossbranchphasegate_ettm2_pl96_seed2029,frwkv_crossbranchphasegate
ETTm2,96,CrossBranchPhaseGate,2030,0.17348,0.251033,parallel_run_20260503_131828,kbs_fullabl16_crossbranchphasegate_ettm2_pl96_seed2030,frwkv_crossbranchphasegate
ETTm2,96,CrossBranchPhaseGate,2031,0.173088,0.250507,parallel_run_20260503_131828,kbs_fullabl16_crossbranchphasegate_ettm2_pl96_seed2031,frwkv_crossbranchphasegate
ETTm2,96,CrossBranchPhaseGate,2032,0.172903,0.25092,parallel_run_20260503_131828,kbs_fullabl16_crossbranchphasegate_ettm2_pl96_seed2032,frwkv_crossbranchphasegate
ETTm2,96,CrossBranchPhaseGate,2033,0.172576,0.250122,parallel_run_20260503_131828,kbs_fullabl16_crossbranchphasegate_ettm2_pl96_seed2033,frwkv_crossbranchphasegate
ETTm2,96,CrossBranchPhaseGate,2034,0.1733,0.250397,parallel_run_20260503_131828,kbs_fullabl16_crossbranchphasegate_ettm2_pl96_seed2034,frwkv_crossbranchphasegate
ETTm2,96,CrossBranchPhaseGate,2035,0.169214,0.248667,parallel_run_20260503_131828,kbs_fullabl16_crossbranchphasegate_ettm2_pl96_seed2035,frwkv_crossbranchphasegate
ETTm2,96,CrossBranchPhaseGate,2036,0.170511,0.248925,parallel_run_20260503_131828,kbs_fullabl16_crossbranchphasegate_ettm2_pl96_seed2036,frwkv_crossbranchphasegate
ETTm2,96,CrossBranchPhaseGate,2037,0.170974,0.249131,parallel_run_20260503_131828,kbs_fullabl16_crossbranchphasegate_ettm2_pl96_seed2037,frwkv_crossbranchphasegate
ETTm2,96,CrossBranchPhaseGate,2038,0.171843,0.249911,parallel_run_20260503_131828,kbs_fullabl16_crossbranchphasegate_ettm2_pl96_seed2038,frwkv_crossbranchphasegate
ETTm2,96,CrossBranchPhaseGate,2039,0.174604,0.250971,parallel_run_20260503_131828,kbs_fullabl16_crossbranchphasegate_ettm2_pl96_seed2039,frwkv_crossbranchphasegate
ETTm2,96,FRWKV,2024,0.170802,0.249263,parallel_run_20260503_131828,kbs_fullabl16_frwkv_ettm2_pl96_seed2024,frwkv
ETTm2,96,FRWKV,2025,0.170987,0.249173,parallel_run_20260503_131828,kbs_fullabl16_frwkv_ettm2_pl96_seed2025,frwkv
ETTm2,96,FRWKV,2026,0.17046,0.24811,parallel_run_20260503_131828,kbs_fullabl16_frwkv_ettm2_pl96_seed2026,frwkv
ETTm2,96,FRWKV,2027,0.173301,0.250722,parallel_run_20260503_131828,kbs_fullabl16_frwkv_ettm2_pl96_seed2027,frwkv
ETTm2,96,FRWKV,2028,0.172283,0.249835,parallel_run_20260503_131828,kbs_fullabl16_frwkv_ettm2_pl96_seed2028,frwkv
ETTm2,96,FRWKV,2029,0.174394,0.251331,parallel_run_20260503_131828,kbs_fullabl16_frwkv_ettm2_pl96_seed2029,frwkv
ETTm2,96,FRWKV,2030,0.1726,0.250053,parallel_run_20260503_131828,kbs_fullabl16_frwkv_ettm2_pl96_seed2030,frwkv
ETTm2,96,FRWKV,2031,0.174172,0.251141,parallel_run_20260503_131828,kbs_fullabl16_frwkv_ettm2_pl96_seed2031,frwkv
ETTm2,96,FRWKV,2032,0.171712,0.249647,parallel_run_20260503_131828,kbs_fullabl16_frwkv_ettm2_pl96_seed2032,frwkv
ETTm2,96,FRWKV,2033,0.171748,0.249528,parallel_run_20260503_131828,kbs_fullabl16_frwkv_ettm2_pl96_seed2033,frwkv
ETTm2,96,FRWKV,2034,0.169811,0.24853,parallel_run_20260503_131828,kbs_fullabl16_frwkv_ettm2_pl96_seed2034,frwkv
ETTm2,96,FRWKV,2035,0.173554,0.25066,parallel_run_20260503_131828,kbs_fullabl16_frwkv_ettm2_pl96_seed2035,frwkv
ETTm2,96,FRWKV,2036,0.172957,0.249954,parallel_run_20260503_131828,kbs_fullabl16_frwkv_ettm2_pl96_seed2036,frwkv
ETTm2,96,FRWKV,2037,0.172308,0.249813,parallel_run_20260503_131828,kbs_fullabl16_frwkv_ettm2_pl96_seed2037,frwkv
ETTm2,96,FRWKV,2038,0.172954,0.250437,parallel_run_20260503_131828,kbs_fullabl16_frwkv_ettm2_pl96_seed2038,frwkv
ETTm2,96,FRWKV,2039,0.172627,0.250227,parallel_run_20260503_131828,kbs_fullabl16_frwkv_ettm2_pl96_seed2039,frwkv
ETTm2,96,FullContextDelta,2024,0.171041,0.248738,parallel_run_20260508_212616,kbs_fullctxdelta16_fullctxdelta_ettm2_pl96_seed2024,frwkv_crossbranchphasegate_fullcontextdelta
ETTm2,96,FullContextDelta,2025,0.17435,0.251646,parallel_run_20260508_212616,kbs_fullctxdelta16_fullctxdelta_ettm2_pl96_seed2025,frwkv_crossbranchphasegate_fullcontextdelta
ETTm2,96,FullContextDelta,2026,0.171257,0.249735,parallel_run_20260508_212616,kbs_fullctxdelta16_fullctxdelta_ettm2_pl96_seed2026,frwkv_crossbranchphasegate_fullcontextdelta
ETTm2,96,FullContextDelta,2027,0.172127,0.249654,parallel_run_20260508_212616,kbs_fullctxdelta16_fullctxdelta_ettm2_pl96_seed2027,frwkv_crossbranchphasegate_fullcontextdelta
ETTm2,96,FullContextDelta,2028,0.172069,0.249473,parallel_run_20260508_212616,kbs_fullctxdelta16_fullctxdelta_ettm2_pl96_seed2028,frwkv_crossbranchphasegate_fullcontextdelta
ETTm2,96,FullContextDelta,2029,0.172465,0.25069,parallel_run_20260508_212616,kbs_fullctxdelta16_fullctxdelta_ettm2_pl96_seed2029,frwkv_crossbranchphasegate_fullcontextdelta
ETTm2,96,FullContextDelta,2030,0.171649,0.249462,parallel_run_20260508_212616,kbs_fullctxdelta16_fullctxdelta_ettm2_pl96_seed2030,frwkv_crossbranchphasegate_fullcontextdelta
ETTm2,96,FullContextDelta,2031,0.173207,0.250825,parallel_run_20260508_212616,kbs_fullctxdelta16_fullctxdelta_ettm2_pl96_seed2031,frwkv_crossbranchphasegate_fullcontextdelta
ETTm2,96,FullContextDelta,2032,0.171944,0.250196,parallel_run_20260508_212616,kbs_fullctxdelta16_fullctxdelta_ettm2_pl96_seed2032,frwkv_crossbranchphasegate_fullcontextdelta
ETTm2,96,FullContextDelta,2033,0.172719,0.249965,parallel_run_20260508_212616,kbs_fullctxdelta16_fullctxdelta_ettm2_pl96_seed2033,frwkv_crossbranchphasegate_fullcontextdelta
ETTm2,96,FullContextDelta,2034,0.170698,0.249347,parallel_run_20260508_212616,kbs_fullctxdelta16_fullctxdelta_ettm2_pl96_seed2034,frwkv_crossbranchphasegate_fullcontextdelta
ETTm2,96,FullContextDelta,2035,0.176338,0.252145,parallel_run_20260508_212616,kbs_fullctxdelta16_fullctxdelta_ettm2_pl96_seed2035,frwkv_crossbranchphasegate_fullcontextdelta
ETTm2,96,FullContextDelta,2036,0.171946,0.249928,parallel_run_20260508_212616,kbs_fullctxdelta16_fullctxdelta_ettm2_pl96_seed2036,frwkv_crossbranchphasegate_fullcontextdelta
ETTm2,96,FullContextDelta,2037,0.171469,0.249868,parallel_run_20260508_212616,kbs_fullctxdelta16_fullctxdelta_ettm2_pl96_seed2037,frwkv_crossbranchphasegate_fullcontextdelta
ETTm2,96,FullContextDelta,2038,0.172935,0.249973,parallel_run_20260508_212616,kbs_fullctxdelta16_fullctxdelta_ettm2_pl96_seed2038,frwkv_crossbranchphasegate_fullcontextdelta
ETTm2,96,FullContextDelta,2039,0.17581,0.252716,parallel_run_20260508_212616,kbs_fullctxdelta16_fullctxdelta_ettm2_pl96_seed2039,frwkv_crossbranchphasegate_fullcontextdelta
ETTm2,192,Adaptive PhaseGate,2024,0.23739,0.292897,parallel_run_20260509_134027,kbs_adaptive16_ettm2_pl192_seed2024,frwkv_crossbranchperiodicpositiongate_adaptive
ETTm2,192,Adaptive PhaseGate,2025,0.234845,0.291143,parallel_run_20260509_134027,kbs_adaptive16_ettm2_pl192_seed2025,frwkv_crossbranchperiodicpositiongate_adaptive
ETTm2,192,Adaptive PhaseGate,2026,0.239937,0.295047,parallel_run_20260509_134027,kbs_adaptive16_ettm2_pl192_seed2026,frwkv_crossbranchperiodicpositiongate_adaptive
ETTm2,192,Adaptive PhaseGate,2027,0.235065,0.291773,parallel_run_20260509_134027,kbs_adaptive16_ettm2_pl192_seed2027,frwkv_crossbranchperiodicpositiongate_adaptive
ETTm2,192,Adaptive PhaseGate,2028,0.238004,0.293949,parallel_run_20260509_134027,kbs_adaptive16_ettm2_pl192_seed2028,frwkv_crossbranchperiodicpositiongate_adaptive
ETTm2,192,Adaptive PhaseGate,2029,0.236729,0.292458,parallel_run_20260509_134027,kbs_adaptive16_ettm2_pl192_seed2029,frwkv_crossbranchperiodicpositiongate_adaptive
ETTm2,192,Adaptive PhaseGate,2030,0.235175,0.292174,parallel_run_20260509_134027,kbs_adaptive16_ettm2_pl192_seed2030,frwkv_crossbranchperiodicpositiongate_adaptive
ETTm2,192,Adaptive PhaseGate,2031,0.238174,0.293304,parallel_run_20260509_134027,kbs_adaptive16_ettm2_pl192_seed2031,frwkv_crossbranchperiodicpositiongate_adaptive
ETTm2,192,Adaptive PhaseGate,2032,0.236925,0.29279,parallel_run_20260509_134027,kbs_adaptive16_ettm2_pl192_seed2032,frwkv_crossbranchperiodicpositiongate_adaptive
ETTm2,192,Adaptive PhaseGate,2033,0.237086,0.29303,parallel_run_20260509_134027,kbs_adaptive16_ettm2_pl192_seed2033,frwkv_crossbranchperiodicpositiongate_adaptive
ETTm2,192,Adaptive PhaseGate,2034,0.235461,0.292044,parallel_run_20260509_134027,kbs_adaptive16_ettm2_pl192_seed2034,frwkv_crossbranchperiodicpositiongate_adaptive
ETTm2,192,Adaptive PhaseGate,2035,0.238625,0.293892,parallel_run_20260509_134027,kbs_adaptive16_ettm2_pl192_seed2035,frwkv_crossbranchperiodicpositiongate_adaptive
ETTm2,192,Adaptive PhaseGate,2036,0.23957,0.294592,parallel_run_20260509_134027,kbs_adaptive16_ettm2_pl192_seed2036,frwkv_crossbranchperiodicpositiongate_adaptive
ETTm2,192,Adaptive PhaseGate,2037,0.237813,0.293207,parallel_run_20260509_134027,kbs_adaptive16_ettm2_pl192_seed2037,frwkv_crossbranchperiodicpositiongate_adaptive
ETTm2,192,Adaptive PhaseGate,2038,0.237813,0.293591,parallel_run_20260509_134027,kbs_adaptive16_ettm2_pl192_seed2038,frwkv_crossbranchperiodicpositiongate_adaptive
ETTm2,192,Adaptive PhaseGate,2039,0.236354,0.293634,parallel_run_20260509_134027,kbs_adaptive16_ettm2_pl192_seed2039,frwkv_crossbranchperiodicpositiongate_adaptive
ETTm2,192,CrossBranchGate,2024,0.237488,0.293194,parallel_run_20260503_131828,kbs_fullabl16_crossbranchgate_ettm2_pl192_seed2024,frwkv_crossbranchgate
ETTm2,192,CrossBranchGate,2025,0.239331,0.294992,parallel_run_20260503_131828,kbs_fullabl16_crossbranchgate_ettm2_pl192_seed2025,frwkv_crossbranchgate
ETTm2,192,CrossBranchGate,2026,0.237049,0.292816,parallel_run_20260503_131828,kbs_fullabl16_crossbranchgate_ettm2_pl192_seed2026,frwkv_crossbranchgate
ETTm2,192,CrossBranchGate,2027,0.242421,0.296407,parallel_run_20260503_131828,kbs_fullabl16_crossbranchgate_ettm2_pl192_seed2027,frwkv_crossbranchgate
ETTm2,192,CrossBranchGate,2028,0.234504,0.291617,parallel_run_20260503_131828,kbs_fullabl16_crossbranchgate_ettm2_pl192_seed2028,frwkv_crossbranchgate
ETTm2,192,CrossBranchGate,2029,0.237133,0.292788,parallel_run_20260503_131828,kbs_fullabl16_crossbranchgate_ettm2_pl192_seed2029,frwkv_crossbranchgate
ETTm2,192,CrossBranchGate,2030,0.237273,0.293348,parallel_run_20260503_131828,kbs_fullabl16_crossbranchgate_ettm2_pl192_seed2030,frwkv_crossbranchgate
ETTm2,192,CrossBranchGate,2031,0.236796,0.293295,parallel_run_20260503_131828,kbs_fullabl16_crossbranchgate_ettm2_pl192_seed2031,frwkv_crossbranchgate
ETTm2,192,CrossBranchGate,2032,0.244244,0.297964,parallel_run_20260503_131828,kbs_fullabl16_crossbranchgate_ettm2_pl192_seed2032,frwkv_crossbranchgate
ETTm2,192,CrossBranchGate,2033,0.237307,0.293286,parallel_run_20260503_131828,kbs_fullabl16_crossbranchgate_ettm2_pl192_seed2033,frwkv_crossbranchgate
ETTm2,192,CrossBranchGate,2034,0.236036,0.29235,parallel_run_20260503_131828,kbs_fullabl16_crossbranchgate_ettm2_pl192_seed2034,frwkv_crossbranchgate
ETTm2,192,CrossBranchGate,2035,0.241141,0.295666,parallel_run_20260503_131828,kbs_fullabl16_crossbranchgate_ettm2_pl192_seed2035,frwkv_crossbranchgate
ETTm2,192,CrossBranchGate,2036,0.239543,0.294287,parallel_run_20260503_131828,kbs_fullabl16_crossbranchgate_ettm2_pl192_seed2036,frwkv_crossbranchgate
ETTm2,192,CrossBranchGate,2037,0.236768,0.292962,parallel_run_20260503_131828,kbs_fullabl16_crossbranchgate_ettm2_pl192_seed2037,frwkv_crossbranchgate
ETTm2,192,CrossBranchGate,2038,0.242051,0.296298,parallel_run_20260503_131828,kbs_fullabl16_crossbranchgate_ettm2_pl192_seed2038,frwkv_crossbranchgate
ETTm2,192,CrossBranchGate,2039,0.237532,0.293322,parallel_run_20260503_131828,kbs_fullabl16_crossbranchgate_ettm2_pl192_seed2039,frwkv_crossbranchgate
ETTm2,192,CrossBranchPhaseGate,2024,0.237145,0.293367,parallel_run_20260503_131828,kbs_fullabl16_crossbranchphasegate_ettm2_pl192_seed2024,frwkv_crossbranchphasegate
ETTm2,192,CrossBranchPhaseGate,2025,0.238778,0.295341,parallel_run_20260503_131828,kbs_fullabl16_crossbranchphasegate_ettm2_pl192_seed2025,frwkv_crossbranchphasegate
ETTm2,192,CrossBranchPhaseGate,2026,0.234994,0.291265,parallel_run_20260503_131828,kbs_fullabl16_crossbranchphasegate_ettm2_pl192_seed2026,frwkv_crossbranchphasegate
ETTm2,192,CrossBranchPhaseGate,2027,0.235932,0.291987,parallel_run_20260503_131828,kbs_fullabl16_crossbranchphasegate_ettm2_pl192_seed2027,frwkv_crossbranchphasegate
ETTm2,192,CrossBranchPhaseGate,2028,0.234922,0.291695,parallel_run_20260503_131828,kbs_fullabl16_crossbranchphasegate_ettm2_pl192_seed2028,frwkv_crossbranchphasegate
ETTm2,192,CrossBranchPhaseGate,2029,0.240865,0.295764,parallel_run_20260503_131828,kbs_fullabl16_crossbranchphasegate_ettm2_pl192_seed2029,frwkv_crossbranchphasegate
ETTm2,192,CrossBranchPhaseGate,2030,0.235492,0.292527,parallel_run_20260503_131828,kbs_fullabl16_crossbranchphasegate_ettm2_pl192_seed2030,frwkv_crossbranchphasegate
ETTm2,192,CrossBranchPhaseGate,2031,0.237738,0.293488,parallel_run_20260503_131828,kbs_fullabl16_crossbranchphasegate_ettm2_pl192_seed2031,frwkv_crossbranchphasegate
ETTm2,192,CrossBranchPhaseGate,2032,0.237583,0.293461,parallel_run_20260503_131828,kbs_fullabl16_crossbranchphasegate_ettm2_pl192_seed2032,frwkv_crossbranchphasegate
ETTm2,192,CrossBranchPhaseGate,2033,0.236152,0.292277,parallel_run_20260503_131828,kbs_fullabl16_crossbranchphasegate_ettm2_pl192_seed2033,frwkv_crossbranchphasegate
ETTm2,192,CrossBranchPhaseGate,2034,0.240282,0.295384,parallel_run_20260503_131828,kbs_fullabl16_crossbranchphasegate_ettm2_pl192_seed2034,frwkv_crossbranchphasegate
ETTm2,192,CrossBranchPhaseGate,2035,0.238598,0.294447,parallel_run_20260503_131828,kbs_fullabl16_crossbranchphasegate_ettm2_pl192_seed2035,frwkv_crossbranchphasegate
ETTm2,192,CrossBranchPhaseGate,2036,0.234149,0.291112,parallel_run_20260503_131828,kbs_fullabl16_crossbranchphasegate_ettm2_pl192_seed2036,frwkv_crossbranchphasegate
ETTm2,192,CrossBranchPhaseGate,2037,0.234782,0.291461,parallel_run_20260503_131828,kbs_fullabl16_crossbranchphasegate_ettm2_pl192_seed2037,frwkv_crossbranchphasegate
ETTm2,192,CrossBranchPhaseGate,2038,0.237823,0.293661,parallel_run_20260503_131828,kbs_fullabl16_crossbranchphasegate_ettm2_pl192_seed2038,frwkv_crossbranchphasegate
ETTm2,192,CrossBranchPhaseGate,2039,0.241636,0.296156,parallel_run_20260503_131828,kbs_fullabl16_crossbranchphasegate_ettm2_pl192_seed2039,frwkv_crossbranchphasegate
ETTm2,192,FRWKV,2024,0.236628,0.292671,parallel_run_20260503_131828,kbs_fullabl16_frwkv_ettm2_pl192_seed2024,frwkv
ETTm2,192,FRWKV,2025,0.236945,0.29318,parallel_run_20260503_131828,kbs_fullabl16_frwkv_ettm2_pl192_seed2025,frwkv
ETTm2,192,FRWKV,2026,0.23536,0.291781,parallel_run_20260503_131828,kbs_fullabl16_frwkv_ettm2_pl192_seed2026,frwkv
ETTm2,192,FRWKV,2027,0.237491,0.29334,parallel_run_20260503_131828,kbs_fullabl16_frwkv_ettm2_pl192_seed2027,frwkv
ETTm2,192,FRWKV,2028,0.235952,0.292608,parallel_run_20260503_131828,kbs_fullabl16_frwkv_ettm2_pl192_seed2028,frwkv
ETTm2,192,FRWKV,2029,0.236145,0.292964,parallel_run_20260503_131828,kbs_fullabl16_frwkv_ettm2_pl192_seed2029,frwkv
ETTm2,192,FRWKV,2030,0.23709,0.292856,parallel_run_20260503_131828,kbs_fullabl16_frwkv_ettm2_pl192_seed2030,frwkv
ETTm2,192,FRWKV,2031,0.23833,0.294369,parallel_run_20260503_131828,kbs_fullabl16_frwkv_ettm2_pl192_seed2031,frwkv
ETTm2,192,FRWKV,2032,0.234651,0.291304,parallel_run_20260503_131828,kbs_fullabl16_frwkv_ettm2_pl192_seed2032,frwkv
ETTm2,192,FRWKV,2033,0.236711,0.293514,parallel_run_20260503_131828,kbs_fullabl16_frwkv_ettm2_pl192_seed2033,frwkv
ETTm2,192,FRWKV,2034,0.24113,0.296159,parallel_run_20260503_131828,kbs_fullabl16_frwkv_ettm2_pl192_seed2034,frwkv
ETTm2,192,FRWKV,2035,0.238301,0.29375,parallel_run_20260503_131828,kbs_fullabl16_frwkv_ettm2_pl192_seed2035,frwkv
ETTm2,192,FRWKV,2036,0.236414,0.29232,parallel_run_20260503_131828,kbs_fullabl16_frwkv_ettm2_pl192_seed2036,frwkv
ETTm2,192,FRWKV,2037,0.236953,0.292941,parallel_run_20260503_131828,kbs_fullabl16_frwkv_ettm2_pl192_seed2037,frwkv
ETTm2,192,FRWKV,2038,0.23588,0.292757,parallel_run_20260503_131828,kbs_fullabl16_frwkv_ettm2_pl192_seed2038,frwkv
ETTm2,192,FRWKV,2039,0.237134,0.293338,parallel_run_20260503_131828,kbs_fullabl16_frwkv_ettm2_pl192_seed2039,frwkv
ETTm2,192,FullContextDelta,2024,0.23822,0.293858,parallel_run_20260508_212616,kbs_fullctxdelta16_fullctxdelta_ettm2_pl192_seed2024,frwkv_crossbranchphasegate_fullcontextdelta
ETTm2,192,FullContextDelta,2025,0.235123,0.291707,parallel_run_20260508_212616,kbs_fullctxdelta16_fullctxdelta_ettm2_pl192_seed2025,frwkv_crossbranchphasegate_fullcontextdelta
ETTm2,192,FullContextDelta,2026,0.237423,0.293387,parallel_run_20260508_212616,kbs_fullctxdelta16_fullctxdelta_ettm2_pl192_seed2026,frwkv_crossbranchphasegate_fullcontextdelta
ETTm2,192,FullContextDelta,2027,0.237563,0.292885,parallel_run_20260508_212616,kbs_fullctxdelta16_fullctxdelta_ettm2_pl192_seed2027,frwkv_crossbranchphasegate_fullcontextdelta
ETTm2,192,FullContextDelta,2028,0.240379,0.295664,parallel_run_20260508_212616,kbs_fullctxdelta16_fullctxdelta_ettm2_pl192_seed2028,frwkv_crossbranchphasegate_fullcontextdelta
ETTm2,192,FullContextDelta,2029,0.241681,0.296312,parallel_run_20260508_212616,kbs_fullctxdelta16_fullctxdelta_ettm2_pl192_seed2029,frwkv_crossbranchphasegate_fullcontextdelta
ETTm2,192,FullContextDelta,2030,0.237018,0.293053,parallel_run_20260508_212616,kbs_fullctxdelta16_fullctxdelta_ettm2_pl192_seed2030,frwkv_crossbranchphasegate_fullcontextdelta
ETTm2,192,FullContextDelta,2031,0.239958,0.29498,parallel_run_20260508_212616,kbs_fullctxdelta16_fullctxdelta_ettm2_pl192_seed2031,frwkv_crossbranchphasegate_fullcontextdelta
ETTm2,192,FullContextDelta,2032,0.238348,0.293363,parallel_run_20260508_212616,kbs_fullctxdelta16_fullctxdelta_ettm2_pl192_seed2032,frwkv_crossbranchphasegate_fullcontextdelta
ETTm2,192,FullContextDelta,2033,0.240682,0.29575,parallel_run_20260508_212616,kbs_fullctxdelta16_fullctxdelta_ettm2_pl192_seed2033,frwkv_crossbranchphasegate_fullcontextdelta
ETTm2,192,FullContextDelta,2034,0.236607,0.292265,parallel_run_20260508_212616,kbs_fullctxdelta16_fullctxdelta_ettm2_pl192_seed2034,frwkv_crossbranchphasegate_fullcontextdelta
ETTm2,192,FullContextDelta,2035,0.239355,0.294323,parallel_run_20260508_212616,kbs_fullctxdelta16_fullctxdelta_ettm2_pl192_seed2035,frwkv_crossbranchphasegate_fullcontextdelta
ETTm2,192,FullContextDelta,2036,0.236609,0.293081,parallel_run_20260508_212616,kbs_fullctxdelta16_fullctxdelta_ettm2_pl192_seed2036,frwkv_crossbranchphasegate_fullcontextdelta
ETTm2,192,FullContextDelta,2037,0.238602,0.294159,parallel_run_20260508_212616,kbs_fullctxdelta16_fullctxdelta_ettm2_pl192_seed2037,frwkv_crossbranchphasegate_fullcontextdelta
ETTm2,192,FullContextDelta,2038,0.236977,0.293557,parallel_run_20260508_212616,kbs_fullctxdelta16_fullctxdelta_ettm2_pl192_seed2038,frwkv_crossbranchphasegate_fullcontextdelta
ETTm2,192,FullContextDelta,2039,0.238775,0.29425,parallel_run_20260508_212616,kbs_fullctxdelta16_fullctxdelta_ettm2_pl192_seed2039,frwkv_crossbranchphasegate_fullcontextdelta
ETTm2,336,Adaptive PhaseGate,2024,0.299496,0.333962,parallel_run_20260509_134027,kbs_adaptive16_ettm2_pl336_seed2024,frwkv_crossbranchperiodicpositiongate_adaptive
ETTm2,336,Adaptive PhaseGate,2025,0.293164,0.329657,parallel_run_20260509_134027,kbs_adaptive16_ettm2_pl336_seed2025,frwkv_crossbranchperiodicpositiongate_adaptive
ETTm2,336,Adaptive PhaseGate,2026,0.296421,0.332483,parallel_run_20260509_134027,kbs_adaptive16_ettm2_pl336_seed2026,frwkv_crossbranchperiodicpositiongate_adaptive
ETTm2,336,Adaptive PhaseGate,2027,0.299422,0.334726,parallel_run_20260509_134027,kbs_adaptive16_ettm2_pl336_seed2027,frwkv_crossbranchperiodicpositiongate_adaptive
ETTm2,336,Adaptive PhaseGate,2028,0.298965,0.334485,parallel_run_20260509_134027,kbs_adaptive16_ettm2_pl336_seed2028,frwkv_crossbranchperiodicpositiongate_adaptive
ETTm2,336,Adaptive PhaseGate,2029,0.294458,0.330621,parallel_run_20260509_134027,kbs_adaptive16_ettm2_pl336_seed2029,frwkv_crossbranchperiodicpositiongate_adaptive
ETTm2,336,Adaptive PhaseGate,2030,0.293853,0.330767,parallel_run_20260509_134027,kbs_adaptive16_ettm2_pl336_seed2030,frwkv_crossbranchperiodicpositiongate_adaptive
ETTm2,336,Adaptive PhaseGate,2031,0.298044,0.332717,parallel_run_20260509_134027,kbs_adaptive16_ettm2_pl336_seed2031,frwkv_crossbranchperiodicpositiongate_adaptive
ETTm2,336,Adaptive PhaseGate,2032,0.299768,0.333991,parallel_run_20260509_134027,kbs_adaptive16_ettm2_pl336_seed2032,frwkv_crossbranchperiodicpositiongate_adaptive
ETTm2,336,Adaptive PhaseGate,2033,0.294676,0.331411,parallel_run_20260509_134027,kbs_adaptive16_ettm2_pl336_seed2033,frwkv_crossbranchperiodicpositiongate_adaptive
ETTm2,336,Adaptive PhaseGate,2034,0.295908,0.332203,parallel_run_20260509_134027,kbs_adaptive16_ettm2_pl336_seed2034,frwkv_crossbranchperiodicpositiongate_adaptive
ETTm2,336,Adaptive PhaseGate,2035,0.297792,0.332662,parallel_run_20260509_134027,kbs_adaptive16_ettm2_pl336_seed2035,frwkv_crossbranchperiodicpositiongate_adaptive
ETTm2,336,Adaptive PhaseGate,2036,0.295116,0.330439,parallel_run_20260509_134027,kbs_adaptive16_ettm2_pl336_seed2036,frwkv_crossbranchperiodicpositiongate_adaptive
ETTm2,336,Adaptive PhaseGate,2037,0.292179,0.329675,parallel_run_20260509_134027,kbs_adaptive16_ettm2_pl336_seed2037,frwkv_crossbranchperiodicpositiongate_adaptive
ETTm2,336,Adaptive PhaseGate,2038,0.294371,0.330687,parallel_run_20260509_134027,kbs_adaptive16_ettm2_pl336_seed2038,frwkv_crossbranchperiodicpositiongate_adaptive
ETTm2,336,Adaptive PhaseGate,2039,0.296926,0.332259,parallel_run_20260509_134027,kbs_adaptive16_ettm2_pl336_seed2039,frwkv_crossbranchperiodicpositiongate_adaptive
ETTm2,336,CrossBranchGate,2024,0.292883,0.330117,parallel_run_20260503_131828,kbs_fullabl16_crossbranchgate_ettm2_pl336_seed2024,frwkv_crossbranchgate
ETTm2,336,CrossBranchGate,2025,0.299224,0.333771,parallel_run_20260503_131828,kbs_fullabl16_crossbranchgate_ettm2_pl336_seed2025,frwkv_crossbranchgate
ETTm2,336,CrossBranchGate,2026,0.294415,0.330018,parallel_run_20260503_131828,kbs_fullabl16_crossbranchgate_ettm2_pl336_seed2026,frwkv_crossbranchgate
ETTm2,336,CrossBranchGate,2027,0.299063,0.333454,parallel_run_20260503_131828,kbs_fullabl16_crossbranchgate_ettm2_pl336_seed2027,frwkv_crossbranchgate
ETTm2,336,CrossBranchGate,2028,0.296433,0.331863,parallel_run_20260503_131828,kbs_fullabl16_crossbranchgate_ettm2_pl336_seed2028,frwkv_crossbranchgate
ETTm2,336,CrossBranchGate,2029,0.29464,0.331212,parallel_run_20260503_131828,kbs_fullabl16_crossbranchgate_ettm2_pl336_seed2029,frwkv_crossbranchgate
ETTm2,336,CrossBranchGate,2030,0.293055,0.329071,parallel_run_20260503_131828,kbs_fullabl16_crossbranchgate_ettm2_pl336_seed2030,frwkv_crossbranchgate
ETTm2,336,CrossBranchGate,2031,0.295631,0.330579,parallel_run_20260503_131828,kbs_fullabl16_crossbranchgate_ettm2_pl336_seed2031,frwkv_crossbranchgate
ETTm2,336,CrossBranchGate,2032,0.299176,0.333682,parallel_run_20260503_131828,kbs_fullabl16_crossbranchgate_ettm2_pl336_seed2032,frwkv_crossbranchgate
ETTm2,336,CrossBranchGate,2033,0.294293,0.331181,parallel_run_20260503_131828,kbs_fullabl16_crossbranchgate_ettm2_pl336_seed2033,frwkv_crossbranchgate
ETTm2,336,CrossBranchGate,2034,0.293739,0.330098,parallel_run_20260503_131828,kbs_fullabl16_crossbranchgate_ettm2_pl336_seed2034,frwkv_crossbranchgate
ETTm2,336,CrossBranchGate,2035,0.29688,0.332488,parallel_run_20260503_131828,kbs_fullabl16_crossbranchgate_ettm2_pl336_seed2035,frwkv_crossbranchgate
ETTm2,336,CrossBranchGate,2036,0.292056,0.329219,parallel_run_20260503_131828,kbs_fullabl16_crossbranchgate_ettm2_pl336_seed2036,frwkv_crossbranchgate
ETTm2,336,CrossBranchGate,2037,0.297222,0.332948,parallel_run_20260503_131828,kbs_fullabl16_crossbranchgate_ettm2_pl336_seed2037,frwkv_crossbranchgate
ETTm2,336,CrossBranchGate,2038,0.292819,0.329716,parallel_run_20260503_131828,kbs_fullabl16_crossbranchgate_ettm2_pl336_seed2038,frwkv_crossbranchgate
ETTm2,336,CrossBranchGate,2039,0.297522,0.332695,parallel_run_20260503_131828,kbs_fullabl16_crossbranchgate_ettm2_pl336_seed2039,frwkv_crossbranchgate
ETTm2,336,CrossBranchPhaseGate,2024,0.296459,0.332057,parallel_run_20260503_131828,kbs_fullabl16_crossbranchphasegate_ettm2_pl336_seed2024,frwkv_crossbranchphasegate
ETTm2,336,CrossBranchPhaseGate,2025,0.295648,0.332227,parallel_run_20260503_131828,kbs_fullabl16_crossbranchphasegate_ettm2_pl336_seed2025,frwkv_crossbranchphasegate
ETTm2,336,CrossBranchPhaseGate,2026,0.29623,0.332024,parallel_run_20260503_131828,kbs_fullabl16_crossbranchphasegate_ettm2_pl336_seed2026,frwkv_crossbranchphasegate
ETTm2,336,CrossBranchPhaseGate,2027,0.293837,0.330577,parallel_run_20260503_131828,kbs_fullabl16_crossbranchphasegate_ettm2_pl336_seed2027,frwkv_crossbranchphasegate
ETTm2,336,CrossBranchPhaseGate,2028,0.294255,0.330183,parallel_run_20260503_131828,kbs_fullabl16_crossbranchphasegate_ettm2_pl336_seed2028,frwkv_crossbranchphasegate
ETTm2,336,CrossBranchPhaseGate,2029,0.296716,0.332222,parallel_run_20260503_131828,kbs_fullabl16_crossbranchphasegate_ettm2_pl336_seed2029,frwkv_crossbranchphasegate
ETTm2,336,CrossBranchPhaseGate,2030,0.298303,0.333035,parallel_run_20260503_131828,kbs_fullabl16_crossbranchphasegate_ettm2_pl336_seed2030,frwkv_crossbranchphasegate
ETTm2,336,CrossBranchPhaseGate,2031,0.292784,0.329521,parallel_run_20260503_131828,kbs_fullabl16_crossbranchphasegate_ettm2_pl336_seed2031,frwkv_crossbranchphasegate
ETTm2,336,CrossBranchPhaseGate,2032,0.297255,0.333022,parallel_run_20260503_131828,kbs_fullabl16_crossbranchphasegate_ettm2_pl336_seed2032,frwkv_crossbranchphasegate
ETTm2,336,CrossBranchPhaseGate,2033,0.292038,0.329016,parallel_run_20260503_131828,kbs_fullabl16_crossbranchphasegate_ettm2_pl336_seed2033,frwkv_crossbranchphasegate
ETTm2,336,CrossBranchPhaseGate,2034,0.295626,0.331752,parallel_run_20260503_131828,kbs_fullabl16_crossbranchphasegate_ettm2_pl336_seed2034,frwkv_crossbranchphasegate
ETTm2,336,CrossBranchPhaseGate,2035,0.29403,0.330944,parallel_run_20260503_131828,kbs_fullabl16_crossbranchphasegate_ettm2_pl336_seed2035,frwkv_crossbranchphasegate
ETTm2,336,CrossBranchPhaseGate,2036,0.295561,0.331829,parallel_run_20260503_131828,kbs_fullabl16_crossbranchphasegate_ettm2_pl336_seed2036,frwkv_crossbranchphasegate
ETTm2,336,CrossBranchPhaseGate,2037,0.296285,0.332028,parallel_run_20260503_131828,kbs_fullabl16_crossbranchphasegate_ettm2_pl336_seed2037,frwkv_crossbranchphasegate
ETTm2,336,CrossBranchPhaseGate,2038,0.300651,0.334662,parallel_run_20260503_131828,kbs_fullabl16_crossbranchphasegate_ettm2_pl336_seed2038,frwkv_crossbranchphasegate
ETTm2,336,CrossBranchPhaseGate,2039,0.295413,0.331388,parallel_run_20260503_131828,kbs_fullabl16_crossbranchphasegate_ettm2_pl336_seed2039,frwkv_crossbranchphasegate
ETTm2,336,FRWKV,2024,0.294817,0.330308,parallel_run_20260503_131828,kbs_fullabl16_frwkv_ettm2_pl336_seed2024,frwkv
ETTm2,336,FRWKV,2025,0.295196,0.330801,parallel_run_20260503_131828,kbs_fullabl16_frwkv_ettm2_pl336_seed2025,frwkv
ETTm2,336,FRWKV,2026,0.295706,0.33128,parallel_run_20260503_131828,kbs_fullabl16_frwkv_ettm2_pl336_seed2026,frwkv
ETTm2,336,FRWKV,2027,0.295686,0.331737,parallel_run_20260503_131828,kbs_fullabl16_frwkv_ettm2_pl336_seed2027,frwkv
ETTm2,336,FRWKV,2028,0.29593,0.331952,parallel_run_20260503_131828,kbs_fullabl16_frwkv_ettm2_pl336_seed2028,frwkv
ETTm2,336,FRWKV,2029,0.295643,0.331507,parallel_run_20260503_131828,kbs_fullabl16_frwkv_ettm2_pl336_seed2029,frwkv
ETTm2,336,FRWKV,2030,0.294251,0.33059,parallel_run_20260503_131828,kbs_fullabl16_frwkv_ettm2_pl336_seed2030,frwkv
ETTm2,336,FRWKV,2031,0.293984,0.330121,parallel_run_20260503_131828,kbs_fullabl16_frwkv_ettm2_pl336_seed2031,frwkv
ETTm2,336,FRWKV,2032,0.295137,0.330574,parallel_run_20260503_131828,kbs_fullabl16_frwkv_ettm2_pl336_seed2032,frwkv
ETTm2,336,FRWKV,2033,0.295912,0.332493,parallel_run_20260503_131828,kbs_fullabl16_frwkv_ettm2_pl336_seed2033,frwkv
ETTm2,336,FRWKV,2034,0.30513,0.3375,parallel_run_20260503_131828,kbs_fullabl16_frwkv_ettm2_pl336_seed2034,frwkv
ETTm2,336,FRWKV,2035,0.295644,0.331167,parallel_run_20260503_131828,kbs_fullabl16_frwkv_ettm2_pl336_seed2035,frwkv
ETTm2,336,FRWKV,2036,0.29129,0.328843,parallel_run_20260503_131828,kbs_fullabl16_frwkv_ettm2_pl336_seed2036,frwkv
ETTm2,336,FRWKV,2037,0.296755,0.331876,parallel_run_20260503_131828,kbs_fullabl16_frwkv_ettm2_pl336_seed2037,frwkv
ETTm2,336,FRWKV,2038,0.295467,0.331052,parallel_run_20260503_131828,kbs_fullabl16_frwkv_ettm2_pl336_seed2038,frwkv
ETTm2,336,FRWKV,2039,0.293173,0.329581,parallel_run_20260503_131828,kbs_fullabl16_frwkv_ettm2_pl336_seed2039,frwkv
ETTm2,336,FullContextDelta,2024,0.296215,0.331731,parallel_run_20260508_212616,kbs_fullctxdelta16_fullctxdelta_ettm2_pl336_seed2024,frwkv_crossbranchphasegate_fullcontextdelta
ETTm2,336,FullContextDelta,2025,0.297741,0.33304,parallel_run_20260508_212616,kbs_fullctxdelta16_fullctxdelta_ettm2_pl336_seed2025,frwkv_crossbranchphasegate_fullcontextdelta
ETTm2,336,FullContextDelta,2026,0.299049,0.334084,parallel_run_20260508_212616,kbs_fullctxdelta16_fullctxdelta_ettm2_pl336_seed2026,frwkv_crossbranchphasegate_fullcontextdelta
ETTm2,336,FullContextDelta,2027,0.300706,0.335282,parallel_run_20260508_212616,kbs_fullctxdelta16_fullctxdelta_ettm2_pl336_seed2027,frwkv_crossbranchphasegate_fullcontextdelta
ETTm2,336,FullContextDelta,2028,0.296946,0.332387,parallel_run_20260508_212616,kbs_fullctxdelta16_fullctxdelta_ettm2_pl336_seed2028,frwkv_crossbranchphasegate_fullcontextdelta
ETTm2,336,FullContextDelta,2029,0.297336,0.333158,parallel_run_20260508_212616,kbs_fullctxdelta16_fullctxdelta_ettm2_pl336_seed2029,frwkv_crossbranchphasegate_fullcontextdelta
ETTm2,336,FullContextDelta,2030,0.297209,0.332433,parallel_run_20260508_212616,kbs_fullctxdelta16_fullctxdelta_ettm2_pl336_seed2030,frwkv_crossbranchphasegate_fullcontextdelta
ETTm2,336,FullContextDelta,2031,0.29926,0.334643,parallel_run_20260508_212616,kbs_fullctxdelta16_fullctxdelta_ettm2_pl336_seed2031,frwkv_crossbranchphasegate_fullcontextdelta
ETTm2,336,FullContextDelta,2032,0.298519,0.333076,parallel_run_20260508_212616,kbs_fullctxdelta16_fullctxdelta_ettm2_pl336_seed2032,frwkv_crossbranchphasegate_fullcontextdelta
ETTm2,336,FullContextDelta,2033,0.297032,0.332327,parallel_run_20260508_212616,kbs_fullctxdelta16_fullctxdelta_ettm2_pl336_seed2033,frwkv_crossbranchphasegate_fullcontextdelta
ETTm2,336,FullContextDelta,2034,0.294659,0.331787,parallel_run_20260508_212616,kbs_fullctxdelta16_fullctxdelta_ettm2_pl336_seed2034,frwkv_crossbranchphasegate_fullcontextdelta
ETTm2,336,FullContextDelta,2035,0.300699,0.334969,parallel_run_20260508_212616,kbs_fullctxdelta16_fullctxdelta_ettm2_pl336_seed2035,frwkv_crossbranchphasegate_fullcontextdelta
ETTm2,336,FullContextDelta,2036,0.295363,0.33157,parallel_run_20260508_212616,kbs_fullctxdelta16_fullctxdelta_ettm2_pl336_seed2036,frwkv_crossbranchphasegate_fullcontextdelta
ETTm2,336,FullContextDelta,2037,0.29304,0.330221,parallel_run_20260508_212616,kbs_fullctxdelta16_fullctxdelta_ettm2_pl336_seed2037,frwkv_crossbranchphasegate_fullcontextdelta
ETTm2,336,FullContextDelta,2038,0.295005,0.331508,parallel_run_20260508_212616,kbs_fullctxdelta16_fullctxdelta_ettm2_pl336_seed2038,frwkv_crossbranchphasegate_fullcontextdelta
ETTm2,336,FullContextDelta,2039,0.29388,0.330725,parallel_run_20260508_212616,kbs_fullctxdelta16_fullctxdelta_ettm2_pl336_seed2039,frwkv_crossbranchphasegate_fullcontextdelta
ETTm2,720,Adaptive PhaseGate,2024,0.398205,0.392474,parallel_run_20260509_134027,kbs_adaptive16_ettm2_pl720_seed2024,frwkv_crossbranchperiodicpositiongate_adaptive
ETTm2,720,Adaptive PhaseGate,2025,0.39511,0.391387,parallel_run_20260509_134027,kbs_adaptive16_ettm2_pl720_seed2025,frwkv_crossbranchperiodicpositiongate_adaptive
ETTm2,720,Adaptive PhaseGate,2026,0.390116,0.387115,parallel_run_20260509_134027,kbs_adaptive16_ettm2_pl720_seed2026,frwkv_crossbranchperiodicpositiongate_adaptive
ETTm2,720,Adaptive PhaseGate,2027,0.396487,0.391106,parallel_run_20260509_134027,kbs_adaptive16_ettm2_pl720_seed2027,frwkv_crossbranchperiodicpositiongate_adaptive
ETTm2,720,Adaptive PhaseGate,2028,0.392387,0.38996,parallel_run_20260509_134027,kbs_adaptive16_ettm2_pl720_seed2028,frwkv_crossbranchperiodicpositiongate_adaptive
ETTm2,720,Adaptive PhaseGate,2029,0.392758,0.388987,parallel_run_20260509_134027,kbs_adaptive16_ettm2_pl720_seed2029,frwkv_crossbranchperiodicpositiongate_adaptive
ETTm2,720,Adaptive PhaseGate,2030,0.39662,0.391412,parallel_run_20260509_134027,kbs_adaptive16_ettm2_pl720_seed2030,frwkv_crossbranchperiodicpositiongate_adaptive
ETTm2,720,Adaptive PhaseGate,2031,0.393431,0.389158,parallel_run_20260509_134027,kbs_adaptive16_ettm2_pl720_seed2031,frwkv_crossbranchperiodicpositiongate_adaptive
ETTm2,720,Adaptive PhaseGate,2032,0.396935,0.392242,parallel_run_20260509_134027,kbs_adaptive16_ettm2_pl720_seed2032,frwkv_crossbranchperiodicpositiongate_adaptive
ETTm2,720,Adaptive PhaseGate,2033,0.390279,0.387744,parallel_run_20260509_134027,kbs_adaptive16_ettm2_pl720_seed2033,frwkv_crossbranchperiodicpositiongate_adaptive
ETTm2,720,Adaptive PhaseGate,2034,0.395452,0.390358,parallel_run_20260509_134027,kbs_adaptive16_ettm2_pl720_seed2034,frwkv_crossbranchperiodicpositiongate_adaptive
ETTm2,720,Adaptive PhaseGate,2035,0.393815,0.390333,parallel_run_20260509_134027,kbs_adaptive16_ettm2_pl720_seed2035,frwkv_crossbranchperiodicpositiongate_adaptive
ETTm2,720,Adaptive PhaseGate,2036,0.389763,0.387946,parallel_run_20260509_134027,kbs_adaptive16_ettm2_pl720_seed2036,frwkv_crossbranchperiodicpositiongate_adaptive
ETTm2,720,Adaptive PhaseGate,2037,0.391219,0.388494,parallel_run_20260509_134027,kbs_adaptive16_ettm2_pl720_seed2037,frwkv_crossbranchperiodicpositiongate_adaptive
ETTm2,720,Adaptive PhaseGate,2038,0.394652,0.389978,parallel_run_20260509_134027,kbs_adaptive16_ettm2_pl720_seed2038,frwkv_crossbranchperiodicpositiongate_adaptive
ETTm2,720,Adaptive PhaseGate,2039,0.398664,0.392486,parallel_run_20260509_134027,kbs_adaptive16_ettm2_pl720_seed2039,frwkv_crossbranchperiodicpositiongate_adaptive
ETTm2,720,CrossBranchGate,2024,0.392058,0.38864,parallel_run_20260503_131828,kbs_fullabl16_crossbranchgate_ettm2_pl720_seed2024,frwkv_crossbranchgate
ETTm2,720,CrossBranchGate,2025,0.396953,0.392909,parallel_run_20260503_131828,kbs_fullabl16_crossbranchgate_ettm2_pl720_seed2025,frwkv_crossbranchgate
ETTm2,720,CrossBranchGate,2026,0.389563,0.387606,parallel_run_20260503_131828,kbs_fullabl16_crossbranchgate_ettm2_pl720_seed2026,frwkv_crossbranchgate
ETTm2,720,CrossBranchGate,2027,0.396872,0.391257,parallel_run_20260503_131828,kbs_fullabl16_crossbranchgate_ettm2_pl720_seed2027,frwkv_crossbranchgate
ETTm2,720,CrossBranchGate,2028,0.396555,0.391134,parallel_run_20260503_131828,kbs_fullabl16_crossbranchgate_ettm2_pl720_seed2028,frwkv_crossbranchgate
ETTm2,720,CrossBranchGate,2029,0.401968,0.395086,parallel_run_20260503_131828,kbs_fullabl16_crossbranchgate_ettm2_pl720_seed2029,frwkv_crossbranchgate
ETTm2,720,CrossBranchGate,2030,0.396955,0.392095,parallel_run_20260503_131828,kbs_fullabl16_crossbranchgate_ettm2_pl720_seed2030,frwkv_crossbranchgate
ETTm2,720,CrossBranchGate,2031,0.392242,0.38865,parallel_run_20260503_131828,kbs_fullabl16_crossbranchgate_ettm2_pl720_seed2031,frwkv_crossbranchgate
ETTm2,720,CrossBranchGate,2032,0.394944,0.390023,parallel_run_20260503_131828,kbs_fullabl16_crossbranchgate_ettm2_pl720_seed2032,frwkv_crossbranchgate
ETTm2,720,CrossBranchGate,2033,0.400905,0.393659,parallel_run_20260503_131828,kbs_fullabl16_crossbranchgate_ettm2_pl720_seed2033,frwkv_crossbranchgate
ETTm2,720,CrossBranchGate,2034,0.392048,0.388292,parallel_run_20260503_131828,kbs_fullabl16_crossbranchgate_ettm2_pl720_seed2034,frwkv_crossbranchgate
ETTm2,720,CrossBranchGate,2035,0.392405,0.38892,parallel_run_20260503_131828,kbs_fullabl16_crossbranchgate_ettm2_pl720_seed2035,frwkv_crossbranchgate
ETTm2,720,CrossBranchGate,2036,0.390412,0.388507,parallel_run_20260503_131828,kbs_fullabl16_crossbranchgate_ettm2_pl720_seed2036,frwkv_crossbranchgate
ETTm2,720,CrossBranchGate,2037,0.396152,0.39144,parallel_run_20260503_131828,kbs_fullabl16_crossbranchgate_ettm2_pl720_seed2037,frwkv_crossbranchgate
ETTm2,720,CrossBranchGate,2038,0.400002,0.393292,parallel_run_20260503_131828,kbs_fullabl16_crossbranchgate_ettm2_pl720_seed2038,frwkv_crossbranchgate
ETTm2,720,CrossBranchGate,2039,0.389705,0.387248,parallel_run_20260503_131828,kbs_fullabl16_crossbranchgate_ettm2_pl720_seed2039,frwkv_crossbranchgate
ETTm2,720,CrossBranchPhaseGate,2024,0.391624,0.388938,parallel_run_20260503_131828,kbs_fullabl16_crossbranchphasegate_ettm2_pl720_seed2024,frwkv_crossbranchphasegate
ETTm2,720,CrossBranchPhaseGate,2025,0.39183,0.388834,parallel_run_20260503_131828,kbs_fullabl16_crossbranchphasegate_ettm2_pl720_seed2025,frwkv_crossbranchphasegate
ETTm2,720,CrossBranchPhaseGate,2026,0.393089,0.390077,parallel_run_20260503_131828,kbs_fullabl16_crossbranchphasegate_ettm2_pl720_seed2026,frwkv_crossbranchphasegate
ETTm2,720,CrossBranchPhaseGate,2027,0.393059,0.389628,parallel_run_20260503_131828,kbs_fullabl16_crossbranchphasegate_ettm2_pl720_seed2027,frwkv_crossbranchphasegate
ETTm2,720,CrossBranchPhaseGate,2028,0.397653,0.391613,parallel_run_20260503_131828,kbs_fullabl16_crossbranchphasegate_ettm2_pl720_seed2028,frwkv_crossbranchphasegate
ETTm2,720,CrossBranchPhaseGate,2029,0.395738,0.390694,parallel_run_20260503_131828,kbs_fullabl16_crossbranchphasegate_ettm2_pl720_seed2029,frwkv_crossbranchphasegate
ETTm2,720,CrossBranchPhaseGate,2030,0.394112,0.390139,parallel_run_20260503_131828,kbs_fullabl16_crossbranchphasegate_ettm2_pl720_seed2030,frwkv_crossbranchphasegate
ETTm2,720,CrossBranchPhaseGate,2031,0.393253,0.389641,parallel_run_20260503_131828,kbs_fullabl16_crossbranchphasegate_ettm2_pl720_seed2031,frwkv_crossbranchphasegate
ETTm2,720,CrossBranchPhaseGate,2032,0.389405,0.38751,parallel_run_20260503_131828,kbs_fullabl16_crossbranchphasegate_ettm2_pl720_seed2032,frwkv_crossbranchphasegate
ETTm2,720,CrossBranchPhaseGate,2033,0.400003,0.393513,parallel_run_20260503_131828,kbs_fullabl16_crossbranchphasegate_ettm2_pl720_seed2033,frwkv_crossbranchphasegate
ETTm2,720,CrossBranchPhaseGate,2034,0.391163,0.388661,parallel_run_20260503_131828,kbs_fullabl16_crossbranchphasegate_ettm2_pl720_seed2034,frwkv_crossbranchphasegate
ETTm2,720,CrossBranchPhaseGate,2035,0.391642,0.388688,parallel_run_20260503_131828,kbs_fullabl16_crossbranchphasegate_ettm2_pl720_seed2035,frwkv_crossbranchphasegate
ETTm2,720,CrossBranchPhaseGate,2036,0.38739,0.386488,parallel_run_20260503_131828,kbs_fullabl16_crossbranchphasegate_ettm2_pl720_seed2036,frwkv_crossbranchphasegate
ETTm2,720,CrossBranchPhaseGate,2037,0.394306,0.389788,parallel_run_20260503_131828,kbs_fullabl16_crossbranchphasegate_ettm2_pl720_seed2037,frwkv_crossbranchphasegate
ETTm2,720,CrossBranchPhaseGate,2038,0.394186,0.390054,parallel_run_20260503_131828,kbs_fullabl16_crossbranchphasegate_ettm2_pl720_seed2038,frwkv_crossbranchphasegate
ETTm2,720,CrossBranchPhaseGate,2039,0.393805,0.389877,parallel_run_20260503_131828,kbs_fullabl16_crossbranchphasegate_ettm2_pl720_seed2039,frwkv_crossbranchphasegate
ETTm2,720,FRWKV,2024,0.396983,0.391798,parallel_run_20260503_131828,kbs_fullabl16_frwkv_ettm2_pl720_seed2024,frwkv
ETTm2,720,FRWKV,2025,0.390752,0.388099,parallel_run_20260503_131828,kbs_fullabl16_frwkv_ettm2_pl720_seed2025,frwkv
ETTm2,720,FRWKV,2026,0.394762,0.390151,parallel_run_20260503_131828,kbs_fullabl16_frwkv_ettm2_pl720_seed2026,frwkv
ETTm2,720,FRWKV,2027,0.392958,0.389663,parallel_run_20260503_131828,kbs_fullabl16_frwkv_ettm2_pl720_seed2027,frwkv
ETTm2,720,FRWKV,2028,0.397719,0.391213,parallel_run_20260503_131828,kbs_fullabl16_frwkv_ettm2_pl720_seed2028,frwkv
ETTm2,720,FRWKV,2029,0.398207,0.391977,parallel_run_20260503_131828,kbs_fullabl16_frwkv_ettm2_pl720_seed2029,frwkv
ETTm2,720,FRWKV,2030,0.393036,0.388779,parallel_run_20260503_131828,kbs_fullabl16_frwkv_ettm2_pl720_seed2030,frwkv
ETTm2,720,FRWKV,2031,0.390068,0.387438,parallel_run_20260503_131828,kbs_fullabl16_frwkv_ettm2_pl720_seed2031,frwkv
ETTm2,720,FRWKV,2032,0.392236,0.387974,parallel_run_20260503_131828,kbs_fullabl16_frwkv_ettm2_pl720_seed2032,frwkv
ETTm2,720,FRWKV,2033,0.396356,0.390792,parallel_run_20260503_131828,kbs_fullabl16_frwkv_ettm2_pl720_seed2033,frwkv
ETTm2,720,FRWKV,2034,0.393443,0.389729,parallel_run_20260503_131828,kbs_fullabl16_frwkv_ettm2_pl720_seed2034,frwkv
ETTm2,720,FRWKV,2035,0.397868,0.391967,parallel_run_20260503_131828,kbs_fullabl16_frwkv_ettm2_pl720_seed2035,frwkv
ETTm2,720,FRWKV,2036,0.395047,0.390641,parallel_run_20260503_131828,kbs_fullabl16_frwkv_ettm2_pl720_seed2036,frwkv
ETTm2,720,FRWKV,2037,0.393429,0.389379,parallel_run_20260503_131828,kbs_fullabl16_frwkv_ettm2_pl720_seed2037,frwkv
ETTm2,720,FRWKV,2038,0.398457,0.392594,parallel_run_20260503_131828,kbs_fullabl16_frwkv_ettm2_pl720_seed2038,frwkv
ETTm2,720,FRWKV,2039,0.404371,0.395887,parallel_run_20260503_131828,kbs_fullabl16_frwkv_ettm2_pl720_seed2039,frwkv
ETTm2,720,FullContextDelta,2024,0.395585,0.390414,parallel_run_20260508_212616,kbs_fullctxdelta16_fullctxdelta_ettm2_pl720_seed2024,frwkv_crossbranchphasegate_fullcontextdelta
ETTm2,720,FullContextDelta,2025,0.389614,0.387583,parallel_run_20260508_212616,kbs_fullctxdelta16_fullctxdelta_ettm2_pl720_seed2025,frwkv_crossbranchphasegate_fullcontextdelta
ETTm2,720,FullContextDelta,2026,0.393318,0.389545,parallel_run_20260508_212616,kbs_fullctxdelta16_fullctxdelta_ettm2_pl720_seed2026,frwkv_crossbranchphasegate_fullcontextdelta
ETTm2,720,FullContextDelta,2027,0.390226,0.388103,parallel_run_20260508_212616,kbs_fullctxdelta16_fullctxdelta_ettm2_pl720_seed2027,frwkv_crossbranchphasegate_fullcontextdelta
ETTm2,720,FullContextDelta,2028,0.393615,0.389704,parallel_run_20260508_212616,kbs_fullctxdelta16_fullctxdelta_ettm2_pl720_seed2028,frwkv_crossbranchphasegate_fullcontextdelta
ETTm2,720,FullContextDelta,2029,0.398926,0.393089,parallel_run_20260508_212616,kbs_fullctxdelta16_fullctxdelta_ettm2_pl720_seed2029,frwkv_crossbranchphasegate_fullcontextdelta
ETTm2,720,FullContextDelta,2030,0.400723,0.393458,parallel_run_20260508_212616,kbs_fullctxdelta16_fullctxdelta_ettm2_pl720_seed2030,frwkv_crossbranchphasegate_fullcontextdelta
ETTm2,720,FullContextDelta,2031,0.393609,0.390071,parallel_run_20260508_212616,kbs_fullctxdelta16_fullctxdelta_ettm2_pl720_seed2031,frwkv_crossbranchphasegate_fullcontextdelta
ETTm2,720,FullContextDelta,2032,0.396592,0.390766,parallel_run_20260508_212616,kbs_fullctxdelta16_fullctxdelta_ettm2_pl720_seed2032,frwkv_crossbranchphasegate_fullcontextdelta
ETTm2,720,FullContextDelta,2033,0.393423,0.389517,parallel_run_20260508_212616,kbs_fullctxdelta16_fullctxdelta_ettm2_pl720_seed2033,frwkv_crossbranchphasegate_fullcontextdelta
ETTm2,720,FullContextDelta,2034,0.391876,0.388361,parallel_run_20260508_212616,kbs_fullctxdelta16_fullctxdelta_ettm2_pl720_seed2034,frwkv_crossbranchphasegate_fullcontextdelta
ETTm2,720,FullContextDelta,2035,0.394957,0.390155,parallel_run_20260508_212616,kbs_fullctxdelta16_fullctxdelta_ettm2_pl720_seed2035,frwkv_crossbranchphasegate_fullcontextdelta
ETTm2,720,FullContextDelta,2036,0.390343,0.387219,parallel_run_20260508_212616,kbs_fullctxdelta16_fullctxdelta_ettm2_pl720_seed2036,frwkv_crossbranchphasegate_fullcontextdelta
ETTm2,720,FullContextDelta,2037,0.395831,0.391463,parallel_run_20260508_212616,kbs_fullctxdelta16_fullctxdelta_ettm2_pl720_seed2037,frwkv_crossbranchphasegate_fullcontextdelta
ETTm2,720,FullContextDelta,2038,0.390764,0.388549,parallel_run_20260508_212616,kbs_fullctxdelta16_fullctxdelta_ettm2_pl720_seed2038,frwkv_crossbranchphasegate_fullcontextdelta
ETTm2,720,FullContextDelta,2039,0.390479,0.388255,parallel_run_20260508_212616,kbs_fullctxdelta16_fullctxdelta_ettm2_pl720_seed2039,frwkv_crossbranchphasegate_fullcontextdelta
Exchange,96,Adaptive PhaseGate,2024,0.08507,0.20323,parallel_run_20260509_134027,kbs_adaptive16_exchange_pl96_seed2024,frwkv_crossbranchperiodicpositiongate_adaptive
Exchange,96,Adaptive PhaseGate,2025,0.094105,0.21645,parallel_run_20260509_134027,kbs_adaptive16_exchange_pl96_seed2025,frwkv_crossbranchperiodicpositiongate_adaptive
Exchange,96,Adaptive PhaseGate,2026,0.085102,0.203139,parallel_run_20260509_134027,kbs_adaptive16_exchange_pl96_seed2026,frwkv_crossbranchperiodicpositiongate_adaptive
Exchange,96,Adaptive PhaseGate,2027,0.081822,0.198915,parallel_run_20260509_134027,kbs_adaptive16_exchange_pl96_seed2027,frwkv_crossbranchperiodicpositiongate_adaptive
Exchange,96,Adaptive PhaseGate,2028,0.083845,0.201339,parallel_run_20260509_134027,kbs_adaptive16_exchange_pl96_seed2028,frwkv_crossbranchperiodicpositiongate_adaptive
Exchange,96,Adaptive PhaseGate,2029,0.086442,0.205378,parallel_run_20260509_134027,kbs_adaptive16_exchange_pl96_seed2029,frwkv_crossbranchperiodicpositiongate_adaptive
Exchange,96,Adaptive PhaseGate,2030,0.083204,0.200398,parallel_run_20260509_134027,kbs_adaptive16_exchange_pl96_seed2030,frwkv_crossbranchperiodicpositiongate_adaptive
Exchange,96,Adaptive PhaseGate,2031,0.087795,0.207531,parallel_run_20260509_134027,kbs_adaptive16_exchange_pl96_seed2031,frwkv_crossbranchperiodicpositiongate_adaptive
Exchange,96,Adaptive PhaseGate,2032,0.088707,0.208713,parallel_run_20260509_134027,kbs_adaptive16_exchange_pl96_seed2032,frwkv_crossbranchperiodicpositiongate_adaptive
Exchange,96,Adaptive PhaseGate,2033,0.082354,0.200195,parallel_run_20260509_134027,kbs_adaptive16_exchange_pl96_seed2033,frwkv_crossbranchperiodicpositiongate_adaptive
Exchange,96,Adaptive PhaseGate,2034,0.086415,0.20488,parallel_run_20260509_134027,kbs_adaptive16_exchange_pl96_seed2034,frwkv_crossbranchperiodicpositiongate_adaptive
Exchange,96,Adaptive PhaseGate,2035,0.083386,0.202899,parallel_run_20260509_134027,kbs_adaptive16_exchange_pl96_seed2035,frwkv_crossbranchperiodicpositiongate_adaptive
Exchange,96,Adaptive PhaseGate,2036,0.081414,0.198838,parallel_run_20260509_134027,kbs_adaptive16_exchange_pl96_seed2036,frwkv_crossbranchperiodicpositiongate_adaptive
Exchange,96,Adaptive PhaseGate,2037,0.083992,0.202445,parallel_run_20260509_134027,kbs_adaptive16_exchange_pl96_seed2037,frwkv_crossbranchperiodicpositiongate_adaptive
Exchange,96,Adaptive PhaseGate,2038,0.085363,0.203499,parallel_run_20260509_134027,kbs_adaptive16_exchange_pl96_seed2038,frwkv_crossbranchperiodicpositiongate_adaptive
Exchange,96,Adaptive PhaseGate,2039,0.084426,0.202555,parallel_run_20260509_134027,kbs_adaptive16_exchange_pl96_seed2039,frwkv_crossbranchperiodicpositiongate_adaptive
Exchange,96,CrossBranchGate,2024,0.086526,0.204487,parallel_run_20260503_131828,kbs_fullabl16_crossbranchgate_exchange_pl96_seed2024,frwkv_crossbranchgate
Exchange,96,CrossBranchGate,2025,0.081486,0.198743,parallel_run_20260503_131828,kbs_fullabl16_crossbranchgate_exchange_pl96_seed2025,frwkv_crossbranchgate
Exchange,96,CrossBranchGate,2026,0.080592,0.197849,parallel_run_20260503_131828,kbs_fullabl16_crossbranchgate_exchange_pl96_seed2026,frwkv_crossbranchgate
Exchange,96,CrossBranchGate,2027,0.084164,0.203072,parallel_run_20260503_131828,kbs_fullabl16_crossbranchgate_exchange_pl96_seed2027,frwkv_crossbranchgate
Exchange,96,CrossBranchGate,2028,0.083177,0.201663,parallel_run_20260503_131828,kbs_fullabl16_crossbranchgate_exchange_pl96_seed2028,frwkv_crossbranchgate
Exchange,96,CrossBranchGate,2029,0.082544,0.199949,parallel_run_20260503_131828,kbs_fullabl16_crossbranchgate_exchange_pl96_seed2029,frwkv_crossbranchgate
Exchange,96,CrossBranchGate,2030,0.08207,0.199853,parallel_run_20260503_131828,kbs_fullabl16_crossbranchgate_exchange_pl96_seed2030,frwkv_crossbranchgate
Exchange,96,CrossBranchGate,2031,0.08605,0.203565,parallel_run_20260503_131828,kbs_fullabl16_crossbranchgate_exchange_pl96_seed2031,frwkv_crossbranchgate
Exchange,96,CrossBranchGate,2032,0.085029,0.203633,parallel_run_20260503_131828,kbs_fullabl16_crossbranchgate_exchange_pl96_seed2032,frwkv_crossbranchgate
Exchange,96,CrossBranchGate,2033,0.083113,0.200604,parallel_run_20260503_131828,kbs_fullabl16_crossbranchgate_exchange_pl96_seed2033,frwkv_crossbranchgate
Exchange,96,CrossBranchGate,2034,0.084476,0.202226,parallel_run_20260503_131828,kbs_fullabl16_crossbranchgate_exchange_pl96_seed2034,frwkv_crossbranchgate
Exchange,96,CrossBranchGate,2035,0.087519,0.206953,parallel_run_20260503_131828,kbs_fullabl16_crossbranchgate_exchange_pl96_seed2035,frwkv_crossbranchgate
Exchange,96,CrossBranchGate,2036,0.085888,0.203576,parallel_run_20260503_131828,kbs_fullabl16_crossbranchgate_exchange_pl96_seed2036,frwkv_crossbranchgate
Exchange,96,CrossBranchGate,2037,0.080274,0.19779,parallel_run_20260503_131828,kbs_fullabl16_crossbranchgate_exchange_pl96_seed2037,frwkv_crossbranchgate
Exchange,96,CrossBranchGate,2038,0.085972,0.205626,parallel_run_20260503_131828,kbs_fullabl16_crossbranchgate_exchange_pl96_seed2038,frwkv_crossbranchgate
Exchange,96,CrossBranchGate,2039,0.081472,0.199547,parallel_run_20260503_131828,kbs_fullabl16_crossbranchgate_exchange_pl96_seed2039,frwkv_crossbranchgate
Exchange,96,CrossBranchPhaseGate,2024,0.079549,0.196594,parallel_run_20260503_131828,kbs_fullabl16_crossbranchphasegate_exchange_pl96_seed2024,frwkv_crossbranchphasegate
Exchange,96,CrossBranchPhaseGate,2025,0.083226,0.200642,parallel_run_20260503_131828,kbs_fullabl16_crossbranchphasegate_exchange_pl96_seed2025,frwkv_crossbranchphasegate
Exchange,96,CrossBranchPhaseGate,2026,0.085189,0.202853,parallel_run_20260503_131828,kbs_fullabl16_crossbranchphasegate_exchange_pl96_seed2026,frwkv_crossbranchphasegate
Exchange,96,CrossBranchPhaseGate,2027,0.084043,0.202959,parallel_run_20260503_131828,kbs_fullabl16_crossbranchphasegate_exchange_pl96_seed2027,frwkv_crossbranchphasegate
Exchange,96,CrossBranchPhaseGate,2028,0.082532,0.200282,parallel_run_20260503_131828,kbs_fullabl16_crossbranchphasegate_exchange_pl96_seed2028,frwkv_crossbranchphasegate
Exchange,96,CrossBranchPhaseGate,2029,0.087485,0.206723,parallel_run_20260503_131828,kbs_fullabl16_crossbranchphasegate_exchange_pl96_seed2029,frwkv_crossbranchphasegate
Exchange,96,CrossBranchPhaseGate,2030,0.086643,0.204547,parallel_run_20260503_131828,kbs_fullabl16_crossbranchphasegate_exchange_pl96_seed2030,frwkv_crossbranchphasegate
Exchange,96,CrossBranchPhaseGate,2031,0.079946,0.19678,parallel_run_20260503_131828,kbs_fullabl16_crossbranchphasegate_exchange_pl96_seed2031,frwkv_crossbranchphasegate
Exchange,96,CrossBranchPhaseGate,2032,0.088003,0.20579,parallel_run_20260503_131828,kbs_fullabl16_crossbranchphasegate_exchange_pl96_seed2032,frwkv_crossbranchphasegate
Exchange,96,CrossBranchPhaseGate,2033,0.084942,0.202992,parallel_run_20260503_131828,kbs_fullabl16_crossbranchphasegate_exchange_pl96_seed2033,frwkv_crossbranchphasegate
Exchange,96,CrossBranchPhaseGate,2034,0.084635,0.202601,parallel_run_20260503_131828,kbs_fullabl16_crossbranchphasegate_exchange_pl96_seed2034,frwkv_crossbranchphasegate
Exchange,96,CrossBranchPhaseGate,2035,0.082695,0.200449,parallel_run_20260503_131828,kbs_fullabl16_crossbranchphasegate_exchange_pl96_seed2035,frwkv_crossbranchphasegate
Exchange,96,CrossBranchPhaseGate,2036,0.083684,0.201816,parallel_run_20260503_131828,kbs_fullabl16_crossbranchphasegate_exchange_pl96_seed2036,frwkv_crossbranchphasegate
Exchange,96,CrossBranchPhaseGate,2037,0.083575,0.200879,parallel_run_20260503_131828,kbs_fullabl16_crossbranchphasegate_exchange_pl96_seed2037,frwkv_crossbranchphasegate
Exchange,96,CrossBranchPhaseGate,2038,0.094514,0.216102,parallel_run_20260503_131828,kbs_fullabl16_crossbranchphasegate_exchange_pl96_seed2038,frwkv_crossbranchphasegate
Exchange,96,CrossBranchPhaseGate,2039,0.086702,0.205726,parallel_run_20260503_131828,kbs_fullabl16_crossbranchphasegate_exchange_pl96_seed2039,frwkv_crossbranchphasegate
Exchange,96,FRWKV,2024,0.082431,0.20114,parallel_run_20260503_131828,kbs_fullabl16_frwkv_exchange_pl96_seed2024,frwkv
Exchange,96,FRWKV,2025,0.085674,0.205536,parallel_run_20260503_131828,kbs_fullabl16_frwkv_exchange_pl96_seed2025,frwkv
Exchange,96,FRWKV,2026,0.083366,0.2007,parallel_run_20260503_131828,kbs_fullabl16_frwkv_exchange_pl96_seed2026,frwkv
Exchange,96,FRWKV,2027,0.085356,0.20327,parallel_run_20260503_131828,kbs_fullabl16_frwkv_exchange_pl96_seed2027,frwkv
Exchange,96,FRWKV,2028,0.082795,0.199964,parallel_run_20260503_131828,kbs_fullabl16_frwkv_exchange_pl96_seed2028,frwkv
Exchange,96,FRWKV,2029,0.084057,0.203064,parallel_run_20260503_131828,kbs_fullabl16_frwkv_exchange_pl96_seed2029,frwkv
Exchange,96,FRWKV,2030,0.084788,0.203401,parallel_run_20260503_131828,kbs_fullabl16_frwkv_exchange_pl96_seed2030,frwkv
Exchange,96,FRWKV,2031,0.083264,0.200264,parallel_run_20260503_131828,kbs_fullabl16_frwkv_exchange_pl96_seed2031,frwkv
Exchange,96,FRWKV,2032,0.083687,0.201174,parallel_run_20260503_131828,kbs_fullabl16_frwkv_exchange_pl96_seed2032,frwkv
Exchange,96,FRWKV,2033,0.082425,0.200522,parallel_run_20260503_131828,kbs_fullabl16_frwkv_exchange_pl96_seed2033,frwkv
Exchange,96,FRWKV,2034,0.082352,0.199133,parallel_run_20260503_131828,kbs_fullabl16_frwkv_exchange_pl96_seed2034,frwkv
Exchange,96,FRWKV,2035,0.085968,0.203781,parallel_run_20260503_131828,kbs_fullabl16_frwkv_exchange_pl96_seed2035,frwkv
Exchange,96,FRWKV,2036,0.085319,0.203541,parallel_run_20260503_131828,kbs_fullabl16_frwkv_exchange_pl96_seed2036,frwkv
Exchange,96,FRWKV,2037,0.084636,0.201781,parallel_run_20260503_131828,kbs_fullabl16_frwkv_exchange_pl96_seed2037,frwkv
Exchange,96,FRWKV,2038,0.081817,0.199296,parallel_run_20260503_131828,kbs_fullabl16_frwkv_exchange_pl96_seed2038,frwkv
Exchange,96,FRWKV,2039,0.083057,0.201018,parallel_run_20260503_131828,kbs_fullabl16_frwkv_exchange_pl96_seed2039,frwkv
Exchange,96,FullContextDelta,2024,0.086389,0.205756,parallel_run_20260508_212616,kbs_fullctxdelta16_fullctxdelta_exchange_pl96_seed2024,frwkv_crossbranchphasegate_fullcontextdelta
Exchange,96,FullContextDelta,2025,0.079976,0.197597,parallel_run_20260508_212616,kbs_fullctxdelta16_fullctxdelta_exchange_pl96_seed2025,frwkv_crossbranchphasegate_fullcontextdelta
Exchange,96,FullContextDelta,2026,0.082818,0.199702,parallel_run_20260508_212616,kbs_fullctxdelta16_fullctxdelta_exchange_pl96_seed2026,frwkv_crossbranchphasegate_fullcontextdelta
Exchange,96,FullContextDelta,2027,0.087287,0.205536,parallel_run_20260508_212616,kbs_fullctxdelta16_fullctxdelta_exchange_pl96_seed2027,frwkv_crossbranchphasegate_fullcontextdelta
Exchange,96,FullContextDelta,2028,0.090908,0.210368,parallel_run_20260508_212616,kbs_fullctxdelta16_fullctxdelta_exchange_pl96_seed2028,frwkv_crossbranchphasegate_fullcontextdelta
Exchange,96,FullContextDelta,2029,0.087342,0.205334,parallel_run_20260508_212616,kbs_fullctxdelta16_fullctxdelta_exchange_pl96_seed2029,frwkv_crossbranchphasegate_fullcontextdelta
Exchange,96,FullContextDelta,2030,0.082863,0.201123,parallel_run_20260508_212616,kbs_fullctxdelta16_fullctxdelta_exchange_pl96_seed2030,frwkv_crossbranchphasegate_fullcontextdelta
Exchange,96,FullContextDelta,2031,0.082618,0.200389,parallel_run_20260508_212616,kbs_fullctxdelta16_fullctxdelta_exchange_pl96_seed2031,frwkv_crossbranchphasegate_fullcontextdelta
Exchange,96,FullContextDelta,2032,0.085282,0.204137,parallel_run_20260508_212616,kbs_fullctxdelta16_fullctxdelta_exchange_pl96_seed2032,frwkv_crossbranchphasegate_fullcontextdelta
Exchange,96,FullContextDelta,2033,0.085625,0.204097,parallel_run_20260508_212616,kbs_fullctxdelta16_fullctxdelta_exchange_pl96_seed2033,frwkv_crossbranchphasegate_fullcontextdelta
Exchange,96,FullContextDelta,2034,0.089662,0.209877,parallel_run_20260508_212616,kbs_fullctxdelta16_fullctxdelta_exchange_pl96_seed2034,frwkv_crossbranchphasegate_fullcontextdelta
Exchange,96,FullContextDelta,2035,0.081505,0.197988,parallel_run_20260508_212616,kbs_fullctxdelta16_fullctxdelta_exchange_pl96_seed2035,frwkv_crossbranchphasegate_fullcontextdelta
Exchange,96,FullContextDelta,2036,0.083254,0.200376,parallel_run_20260508_212616,kbs_fullctxdelta16_fullctxdelta_exchange_pl96_seed2036,frwkv_crossbranchphasegate_fullcontextdelta
Exchange,96,FullContextDelta,2037,0.079698,0.196553,parallel_run_20260508_212616,kbs_fullctxdelta16_fullctxdelta_exchange_pl96_seed2037,frwkv_crossbranchphasegate_fullcontextdelta
Exchange,96,FullContextDelta,2038,0.079849,0.197356,parallel_run_20260508_212616,kbs_fullctxdelta16_fullctxdelta_exchange_pl96_seed2038,frwkv_crossbranchphasegate_fullcontextdelta
Exchange,96,FullContextDelta,2039,0.086519,0.206003,parallel_run_20260508_212616,kbs_fullctxdelta16_fullctxdelta_exchange_pl96_seed2039,frwkv_crossbranchphasegate_fullcontextdelta
Exchange,192,Adaptive PhaseGate,2024,0.182414,0.303457,parallel_run_20260509_134027,kbs_adaptive16_exchange_pl192_seed2024,frwkv_crossbranchperiodicpositiongate_adaptive
Exchange,192,Adaptive PhaseGate,2025,0.185077,0.306114,parallel_run_20260509_134027,kbs_adaptive16_exchange_pl192_seed2025,frwkv_crossbranchperiodicpositiongate_adaptive
Exchange,192,Adaptive PhaseGate,2026,0.175545,0.296777,parallel_run_20260509_134027,kbs_adaptive16_exchange_pl192_seed2026,frwkv_crossbranchperiodicpositiongate_adaptive
Exchange,192,Adaptive PhaseGate,2027,0.181576,0.302511,parallel_run_20260509_134027,kbs_adaptive16_exchange_pl192_seed2027,frwkv_crossbranchperiodicpositiongate_adaptive
Exchange,192,Adaptive PhaseGate,2028,0.178923,0.299409,parallel_run_20260509_134027,kbs_adaptive16_exchange_pl192_seed2028,frwkv_crossbranchperiodicpositiongate_adaptive
Exchange,192,Adaptive PhaseGate,2029,0.192307,0.312528,parallel_run_20260509_134027,kbs_adaptive16_exchange_pl192_seed2029,frwkv_crossbranchperiodicpositiongate_adaptive
Exchange,192,Adaptive PhaseGate,2030,0.180376,0.303576,parallel_run_20260509_134027,kbs_adaptive16_exchange_pl192_seed2030,frwkv_crossbranchperiodicpositiongate_adaptive
Exchange,192,Adaptive PhaseGate,2031,0.178517,0.29958,parallel_run_20260509_134027,kbs_adaptive16_exchange_pl192_seed2031,frwkv_crossbranchperiodicpositiongate_adaptive
Exchange,192,Adaptive PhaseGate,2032,0.174229,0.296198,parallel_run_20260509_134027,kbs_adaptive16_exchange_pl192_seed2032,frwkv_crossbranchperiodicpositiongate_adaptive
Exchange,192,Adaptive PhaseGate,2033,0.182181,0.304447,parallel_run_20260509_134027,kbs_adaptive16_exchange_pl192_seed2033,frwkv_crossbranchperiodicpositiongate_adaptive
Exchange,192,Adaptive PhaseGate,2034,0.17381,0.297402,parallel_run_20260509_134027,kbs_adaptive16_exchange_pl192_seed2034,frwkv_crossbranchperiodicpositiongate_adaptive
Exchange,192,Adaptive PhaseGate,2035,0.185873,0.308698,parallel_run_20260509_134027,kbs_adaptive16_exchange_pl192_seed2035,frwkv_crossbranchperiodicpositiongate_adaptive
Exchange,192,Adaptive PhaseGate,2036,0.183176,0.304721,parallel_run_20260509_134027,kbs_adaptive16_exchange_pl192_seed2036,frwkv_crossbranchperiodicpositiongate_adaptive
Exchange,192,Adaptive PhaseGate,2037,0.175994,0.298943,parallel_run_20260509_134027,kbs_adaptive16_exchange_pl192_seed2037,frwkv_crossbranchperiodicpositiongate_adaptive
Exchange,192,Adaptive PhaseGate,2038,0.18893,0.310714,parallel_run_20260509_134027,kbs_adaptive16_exchange_pl192_seed2038,frwkv_crossbranchperiodicpositiongate_adaptive
Exchange,192,Adaptive PhaseGate,2039,0.18316,0.304625,parallel_run_20260509_134027,kbs_adaptive16_exchange_pl192_seed2039,frwkv_crossbranchperiodicpositiongate_adaptive
Exchange,192,CrossBranchGate,2024,0.181008,0.303932,parallel_run_20260503_131828,kbs_fullabl16_crossbranchgate_exchange_pl192_seed2024,frwkv_crossbranchgate
Exchange,192,CrossBranchGate,2025,0.193547,0.314198,parallel_run_20260503_131828,kbs_fullabl16_crossbranchgate_exchange_pl192_seed2025,frwkv_crossbranchgate
Exchange,192,CrossBranchGate,2026,0.21244,0.330607,parallel_run_20260503_131828,kbs_fullabl16_crossbranchgate_exchange_pl192_seed2026,frwkv_crossbranchgate
Exchange,192,CrossBranchGate,2027,0.177954,0.299172,parallel_run_20260503_131828,kbs_fullabl16_crossbranchgate_exchange_pl192_seed2027,frwkv_crossbranchgate
Exchange,192,CrossBranchGate,2028,0.175983,0.297772,parallel_run_20260503_131828,kbs_fullabl16_crossbranchgate_exchange_pl192_seed2028,frwkv_crossbranchgate
Exchange,192,CrossBranchGate,2029,0.173569,0.296024,parallel_run_20260503_131828,kbs_fullabl16_crossbranchgate_exchange_pl192_seed2029,frwkv_crossbranchgate
Exchange,192,CrossBranchGate,2030,0.18047,0.301962,parallel_run_20260503_131828,kbs_fullabl16_crossbranchgate_exchange_pl192_seed2030,frwkv_crossbranchgate
Exchange,192,CrossBranchGate,2031,0.178528,0.301844,parallel_run_20260503_131828,kbs_fullabl16_crossbranchgate_exchange_pl192_seed2031,frwkv_crossbranchgate
Exchange,192,CrossBranchGate,2032,0.189945,0.310542,parallel_run_20260503_131828,kbs_fullabl16_crossbranchgate_exchange_pl192_seed2032,frwkv_crossbranchgate
Exchange,192,CrossBranchGate,2033,0.191107,0.312337,parallel_run_20260503_131828,kbs_fullabl16_crossbranchgate_exchange_pl192_seed2033,frwkv_crossbranchgate
Exchange,192,CrossBranchGate,2034,0.18987,0.312482,parallel_run_20260503_131828,kbs_fullabl16_crossbranchgate_exchange_pl192_seed2034,frwkv_crossbranchgate
Exchange,192,CrossBranchGate,2035,0.183104,0.305788,parallel_run_20260503_131828,kbs_fullabl16_crossbranchgate_exchange_pl192_seed2035,frwkv_crossbranchgate
Exchange,192,CrossBranchGate,2036,0.176537,0.300727,parallel_run_20260503_131828,kbs_fullabl16_crossbranchgate_exchange_pl192_seed2036,frwkv_crossbranchgate
Exchange,192,CrossBranchGate,2037,0.180176,0.301193,parallel_run_20260503_131828,kbs_fullabl16_crossbranchgate_exchange_pl192_seed2037,frwkv_crossbranchgate
Exchange,192,CrossBranchGate,2038,0.174749,0.29671,parallel_run_20260503_131828,kbs_fullabl16_crossbranchgate_exchange_pl192_seed2038,frwkv_crossbranchgate
Exchange,192,CrossBranchGate,2039,0.178857,0.300845,parallel_run_20260503_131828,kbs_fullabl16_crossbranchgate_exchange_pl192_seed2039,frwkv_crossbranchgate
Exchange,192,CrossBranchPhaseGate,2024,0.208463,0.325791,parallel_run_20260503_131828,kbs_fullabl16_crossbranchphasegate_exchange_pl192_seed2024,frwkv_crossbranchphasegate
Exchange,192,CrossBranchPhaseGate,2025,0.185942,0.30745,parallel_run_20260503_131828,kbs_fullabl16_crossbranchphasegate_exchange_pl192_seed2025,frwkv_crossbranchphasegate
Exchange,192,CrossBranchPhaseGate,2026,0.191123,0.312022,parallel_run_20260503_131828,kbs_fullabl16_crossbranchphasegate_exchange_pl192_seed2026,frwkv_crossbranchphasegate
Exchange,192,CrossBranchPhaseGate,2027,0.188816,0.308361,parallel_run_20260503_131828,kbs_fullabl16_crossbranchphasegate_exchange_pl192_seed2027,frwkv_crossbranchphasegate
Exchange,192,CrossBranchPhaseGate,2028,0.205167,0.322074,parallel_run_20260503_131828,kbs_fullabl16_crossbranchphasegate_exchange_pl192_seed2028,frwkv_crossbranchphasegate
Exchange,192,CrossBranchPhaseGate,2029,0.189911,0.31257,parallel_run_20260503_131828,kbs_fullabl16_crossbranchphasegate_exchange_pl192_seed2029,frwkv_crossbranchphasegate
Exchange,192,CrossBranchPhaseGate,2030,0.181041,0.304693,parallel_run_20260503_131828,kbs_fullabl16_crossbranchphasegate_exchange_pl192_seed2030,frwkv_crossbranchphasegate
Exchange,192,CrossBranchPhaseGate,2031,0.186362,0.307806,parallel_run_20260503_131828,kbs_fullabl16_crossbranchphasegate_exchange_pl192_seed2031,frwkv_crossbranchphasegate
Exchange,192,CrossBranchPhaseGate,2032,0.182326,0.304584,parallel_run_20260503_131828,kbs_fullabl16_crossbranchphasegate_exchange_pl192_seed2032,frwkv_crossbranchphasegate
Exchange,192,CrossBranchPhaseGate,2033,0.180637,0.302988,parallel_run_20260503_131828,kbs_fullabl16_crossbranchphasegate_exchange_pl192_seed2033,frwkv_crossbranchphasegate
Exchange,192,CrossBranchPhaseGate,2034,0.190351,0.312782,parallel_run_20260503_131828,kbs_fullabl16_crossbranchphasegate_exchange_pl192_seed2034,frwkv_crossbranchphasegate
Exchange,192,CrossBranchPhaseGate,2035,0.183635,0.305697,parallel_run_20260503_131828,kbs_fullabl16_crossbranchphasegate_exchange_pl192_seed2035,frwkv_crossbranchphasegate
Exchange,192,CrossBranchPhaseGate,2036,0.179763,0.301163,parallel_run_20260503_131828,kbs_fullabl16_crossbranchphasegate_exchange_pl192_seed2036,frwkv_crossbranchphasegate
Exchange,192,CrossBranchPhaseGate,2037,0.180809,0.303198,parallel_run_20260503_131828,kbs_fullabl16_crossbranchphasegate_exchange_pl192_seed2037,frwkv_crossbranchphasegate
Exchange,192,CrossBranchPhaseGate,2038,0.183836,0.305356,parallel_run_20260503_131828,kbs_fullabl16_crossbranchphasegate_exchange_pl192_seed2038,frwkv_crossbranchphasegate
Exchange,192,CrossBranchPhaseGate,2039,0.176584,0.299595,parallel_run_20260503_131828,kbs_fullabl16_crossbranchphasegate_exchange_pl192_seed2039,frwkv_crossbranchphasegate
Exchange,192,FRWKV,2024,0.189423,0.311977,parallel_run_20260503_131828,kbs_fullabl16_frwkv_exchange_pl192_seed2024,frwkv
Exchange,192,FRWKV,2025,0.192912,0.314139,parallel_run_20260503_131828,kbs_fullabl16_frwkv_exchange_pl192_seed2025,frwkv
Exchange,192,FRWKV,2026,0.180738,0.302082,parallel_run_20260503_131828,kbs_fullabl16_frwkv_exchange_pl192_seed2026,frwkv
Exchange,192,FRWKV,2027,0.173776,0.296273,parallel_run_20260503_131828,kbs_fullabl16_frwkv_exchange_pl192_seed2027,frwkv
Exchange,192,FRWKV,2028,0.198057,0.319688,parallel_run_20260503_131828,kbs_fullabl16_frwkv_exchange_pl192_seed2028,frwkv
Exchange,192,FRWKV,2029,0.182918,0.305298,parallel_run_20260503_131828,kbs_fullabl16_frwkv_exchange_pl192_seed2029,frwkv
Exchange,192,FRWKV,2030,0.178891,0.300496,parallel_run_20260503_131828,kbs_fullabl16_frwkv_exchange_pl192_seed2030,frwkv
Exchange,192,FRWKV,2031,0.171451,0.293754,parallel_run_20260503_131828,kbs_fullabl16_frwkv_exchange_pl192_seed2031,frwkv
Exchange,192,FRWKV,2032,0.195764,0.315512,parallel_run_20260503_131828,kbs_fullabl16_frwkv_exchange_pl192_seed2032,frwkv
Exchange,192,FRWKV,2033,0.181126,0.302612,parallel_run_20260503_131828,kbs_fullabl16_frwkv_exchange_pl192_seed2033,frwkv
Exchange,192,FRWKV,2034,0.183815,0.305485,parallel_run_20260503_131828,kbs_fullabl16_frwkv_exchange_pl192_seed2034,frwkv
Exchange,192,FRWKV,2035,0.183794,0.306246,parallel_run_20260503_131828,kbs_fullabl16_frwkv_exchange_pl192_seed2035,frwkv
Exchange,192,FRWKV,2036,0.180114,0.301649,parallel_run_20260503_131828,kbs_fullabl16_frwkv_exchange_pl192_seed2036,frwkv
Exchange,192,FRWKV,2037,0.186942,0.307898,parallel_run_20260503_131828,kbs_fullabl16_frwkv_exchange_pl192_seed2037,frwkv
Exchange,192,FRWKV,2038,0.177432,0.29854,parallel_run_20260503_131828,kbs_fullabl16_frwkv_exchange_pl192_seed2038,frwkv
Exchange,192,FRWKV,2039,0.179574,0.30097,parallel_run_20260503_131828,kbs_fullabl16_frwkv_exchange_pl192_seed2039,frwkv
Exchange,192,FullContextDelta,2024,0.210199,0.327391,parallel_run_20260508_212616,kbs_fullctxdelta16_fullctxdelta_exchange_pl192_seed2024,frwkv_crossbranchphasegate_fullcontextdelta
Exchange,192,FullContextDelta,2025,0.177869,0.300916,parallel_run_20260508_212616,kbs_fullctxdelta16_fullctxdelta_exchange_pl192_seed2025,frwkv_crossbranchphasegate_fullcontextdelta
Exchange,192,FullContextDelta,2026,0.184789,0.305558,parallel_run_20260508_212616,kbs_fullctxdelta16_fullctxdelta_exchange_pl192_seed2026,frwkv_crossbranchphasegate_fullcontextdelta
Exchange,192,FullContextDelta,2027,0.176943,0.299806,parallel_run_20260508_212616,kbs_fullctxdelta16_fullctxdelta_exchange_pl192_seed2027,frwkv_crossbranchphasegate_fullcontextdelta
Exchange,192,FullContextDelta,2028,0.176262,0.296706,parallel_run_20260508_212616,kbs_fullctxdelta16_fullctxdelta_exchange_pl192_seed2028,frwkv_crossbranchphasegate_fullcontextdelta
Exchange,192,FullContextDelta,2029,0.196977,0.316288,parallel_run_20260508_212616,kbs_fullctxdelta16_fullctxdelta_exchange_pl192_seed2029,frwkv_crossbranchphasegate_fullcontextdelta
Exchange,192,FullContextDelta,2030,0.175757,0.296831,parallel_run_20260508_212616,kbs_fullctxdelta16_fullctxdelta_exchange_pl192_seed2030,frwkv_crossbranchphasegate_fullcontextdelta
Exchange,192,FullContextDelta,2031,0.180246,0.30259,parallel_run_20260508_212616,kbs_fullctxdelta16_fullctxdelta_exchange_pl192_seed2031,frwkv_crossbranchphasegate_fullcontextdelta
Exchange,192,FullContextDelta,2032,0.185391,0.305343,parallel_run_20260508_212616,kbs_fullctxdelta16_fullctxdelta_exchange_pl192_seed2032,frwkv_crossbranchphasegate_fullcontextdelta
Exchange,192,FullContextDelta,2033,0.184066,0.305352,parallel_run_20260508_212616,kbs_fullctxdelta16_fullctxdelta_exchange_pl192_seed2033,frwkv_crossbranchphasegate_fullcontextdelta
Exchange,192,FullContextDelta,2034,0.178885,0.30126,parallel_run_20260508_212616,kbs_fullctxdelta16_fullctxdelta_exchange_pl192_seed2034,frwkv_crossbranchphasegate_fullcontextdelta
Exchange,192,FullContextDelta,2035,0.202051,0.321747,parallel_run_20260508_212616,kbs_fullctxdelta16_fullctxdelta_exchange_pl192_seed2035,frwkv_crossbranchphasegate_fullcontextdelta
Exchange,192,FullContextDelta,2036,0.184938,0.304884,parallel_run_20260508_212616,kbs_fullctxdelta16_fullctxdelta_exchange_pl192_seed2036,frwkv_crossbranchphasegate_fullcontextdelta
Exchange,192,FullContextDelta,2037,0.176137,0.297507,parallel_run_20260508_212616,kbs_fullctxdelta16_fullctxdelta_exchange_pl192_seed2037,frwkv_crossbranchphasegate_fullcontextdelta
Exchange,192,FullContextDelta,2038,0.171604,0.294595,parallel_run_20260508_212616,kbs_fullctxdelta16_fullctxdelta_exchange_pl192_seed2038,frwkv_crossbranchphasegate_fullcontextdelta
Exchange,192,FullContextDelta,2039,0.17382,0.295955,parallel_run_20260508_212616,kbs_fullctxdelta16_fullctxdelta_exchange_pl192_seed2039,frwkv_crossbranchphasegate_fullcontextdelta
Exchange,336,Adaptive PhaseGate,2024,0.354581,0.43097,parallel_run_20260509_134027,kbs_adaptive16_exchange_pl336_seed2024,frwkv_crossbranchperiodicpositiongate_adaptive
Exchange,336,Adaptive PhaseGate,2025,0.352535,0.428626,parallel_run_20260509_134027,kbs_adaptive16_exchange_pl336_seed2025,frwkv_crossbranchperiodicpositiongate_adaptive
Exchange,336,Adaptive PhaseGate,2026,0.339677,0.419106,parallel_run_20260509_134027,kbs_adaptive16_exchange_pl336_seed2026,frwkv_crossbranchperiodicpositiongate_adaptive
Exchange,336,Adaptive PhaseGate,2027,0.361973,0.435554,parallel_run_20260509_134027,kbs_adaptive16_exchange_pl336_seed2027,frwkv_crossbranchperiodicpositiongate_adaptive
Exchange,336,Adaptive PhaseGate,2028,0.378513,0.446145,parallel_run_20260509_134027,kbs_adaptive16_exchange_pl336_seed2028,frwkv_crossbranchperiodicpositiongate_adaptive
Exchange,336,Adaptive PhaseGate,2029,0.369871,0.439581,parallel_run_20260509_134027,kbs_adaptive16_exchange_pl336_seed2029,frwkv_crossbranchperiodicpositiongate_adaptive
Exchange,336,Adaptive PhaseGate,2030,0.347626,0.426017,parallel_run_20260509_134027,kbs_adaptive16_exchange_pl336_seed2030,frwkv_crossbranchperiodicpositiongate_adaptive
Exchange,336,Adaptive PhaseGate,2031,0.330241,0.413296,parallel_run_20260509_134027,kbs_adaptive16_exchange_pl336_seed2031,frwkv_crossbranchperiodicpositiongate_adaptive
Exchange,336,Adaptive PhaseGate,2032,0.354954,0.432293,parallel_run_20260509_134027,kbs_adaptive16_exchange_pl336_seed2032,frwkv_crossbranchperiodicpositiongate_adaptive
Exchange,336,Adaptive PhaseGate,2033,0.343309,0.422771,parallel_run_20260509_134027,kbs_adaptive16_exchange_pl336_seed2033,frwkv_crossbranchperiodicpositiongate_adaptive
Exchange,336,Adaptive PhaseGate,2034,0.386685,0.448935,parallel_run_20260509_134027,kbs_adaptive16_exchange_pl336_seed2034,frwkv_crossbranchperiodicpositiongate_adaptive
Exchange,336,Adaptive PhaseGate,2035,0.371033,0.44201,parallel_run_20260509_134027,kbs_adaptive16_exchange_pl336_seed2035,frwkv_crossbranchperiodicpositiongate_adaptive
Exchange,336,Adaptive PhaseGate,2036,0.341623,0.421584,parallel_run_20260509_134027,kbs_adaptive16_exchange_pl336_seed2036,frwkv_crossbranchperiodicpositiongate_adaptive
Exchange,336,Adaptive PhaseGate,2037,0.330919,0.41403,parallel_run_20260509_134027,kbs_adaptive16_exchange_pl336_seed2037,frwkv_crossbranchperiodicpositiongate_adaptive
Exchange,336,Adaptive PhaseGate,2038,0.330233,0.413345,parallel_run_20260509_134027,kbs_adaptive16_exchange_pl336_seed2038,frwkv_crossbranchperiodicpositiongate_adaptive
Exchange,336,Adaptive PhaseGate,2039,0.38011,0.447885,parallel_run_20260509_134027,kbs_adaptive16_exchange_pl336_seed2039,frwkv_crossbranchperiodicpositiongate_adaptive
Exchange,336,CrossBranchGate,2024,0.400308,0.458729,parallel_run_20260503_131828,kbs_fullabl16_crossbranchgate_exchange_pl336_seed2024,frwkv_crossbranchgate
Exchange,336,CrossBranchGate,2025,0.332495,0.415168,parallel_run_20260503_131828,kbs_fullabl16_crossbranchgate_exchange_pl336_seed2025,frwkv_crossbranchgate
Exchange,336,CrossBranchGate,2026,0.380209,0.447611,parallel_run_20260503_131828,kbs_fullabl16_crossbranchgate_exchange_pl336_seed2026,frwkv_crossbranchgate
Exchange,336,CrossBranchGate,2027,0.334533,0.416129,parallel_run_20260503_131828,kbs_fullabl16_crossbranchgate_exchange_pl336_seed2027,frwkv_crossbranchgate
Exchange,336,CrossBranchGate,2028,0.358168,0.43367,parallel_run_20260503_131828,kbs_fullabl16_crossbranchgate_exchange_pl336_seed2028,frwkv_crossbranchgate
Exchange,336,CrossBranchGate,2029,0.350679,0.427413,parallel_run_20260503_131828,kbs_fullabl16_crossbranchgate_exchange_pl336_seed2029,frwkv_crossbranchgate
Exchange,336,CrossBranchGate,2030,0.33734,0.418332,parallel_run_20260503_131828,kbs_fullabl16_crossbranchgate_exchange_pl336_seed2030,frwkv_crossbranchgate
Exchange,336,CrossBranchGate,2031,0.359049,0.432784,parallel_run_20260503_131828,kbs_fullabl16_crossbranchgate_exchange_pl336_seed2031,frwkv_crossbranchgate
Exchange,336,CrossBranchGate,2032,0.353668,0.430084,parallel_run_20260503_131828,kbs_fullabl16_crossbranchgate_exchange_pl336_seed2032,frwkv_crossbranchgate
Exchange,336,CrossBranchGate,2033,0.350919,0.427892,parallel_run_20260503_131828,kbs_fullabl16_crossbranchgate_exchange_pl336_seed2033,frwkv_crossbranchgate
Exchange,336,CrossBranchGate,2034,0.360841,0.434305,parallel_run_20260503_131828,kbs_fullabl16_crossbranchgate_exchange_pl336_seed2034,frwkv_crossbranchgate
Exchange,336,CrossBranchGate,2035,0.35424,0.430388,parallel_run_20260503_131828,kbs_fullabl16_crossbranchgate_exchange_pl336_seed2035,frwkv_crossbranchgate
Exchange,336,CrossBranchGate,2036,0.357148,0.431782,parallel_run_20260503_131828,kbs_fullabl16_crossbranchgate_exchange_pl336_seed2036,frwkv_crossbranchgate
Exchange,336,CrossBranchGate,2037,0.367698,0.440381,parallel_run_20260503_131828,kbs_fullabl16_crossbranchgate_exchange_pl336_seed2037,frwkv_crossbranchgate
Exchange,336,CrossBranchGate,2038,0.345158,0.424421,parallel_run_20260503_131828,kbs_fullabl16_crossbranchgate_exchange_pl336_seed2038,frwkv_crossbranchgate
Exchange,336,CrossBranchGate,2039,0.341128,0.421641,parallel_run_20260503_131828,kbs_fullabl16_crossbranchgate_exchange_pl336_seed2039,frwkv_crossbranchgate
Exchange,336,CrossBranchPhaseGate,2024,0.366968,0.439527,parallel_run_20260503_131828,kbs_fullabl16_crossbranchphasegate_exchange_pl336_seed2024,frwkv_crossbranchphasegate
Exchange,336,CrossBranchPhaseGate,2025,0.343501,0.423011,parallel_run_20260503_131828,kbs_fullabl16_crossbranchphasegate_exchange_pl336_seed2025,frwkv_crossbranchphasegate
Exchange,336,CrossBranchPhaseGate,2026,0.368846,0.439799,parallel_run_20260503_131828,kbs_fullabl16_crossbranchphasegate_exchange_pl336_seed2026,frwkv_crossbranchphasegate
Exchange,336,CrossBranchPhaseGate,2027,0.334371,0.417134,parallel_run_20260503_131828,kbs_fullabl16_crossbranchphasegate_exchange_pl336_seed2027,frwkv_crossbranchphasegate
Exchange,336,CrossBranchPhaseGate,2028,0.334501,0.416052,parallel_run_20260503_131828,kbs_fullabl16_crossbranchphasegate_exchange_pl336_seed2028,frwkv_crossbranchphasegate
Exchange,336,CrossBranchPhaseGate,2029,0.374823,0.445219,parallel_run_20260503_131828,kbs_fullabl16_crossbranchphasegate_exchange_pl336_seed2029,frwkv_crossbranchphasegate
Exchange,336,CrossBranchPhaseGate,2030,0.333297,0.415448,parallel_run_20260503_131828,kbs_fullabl16_crossbranchphasegate_exchange_pl336_seed2030,frwkv_crossbranchphasegate
Exchange,336,CrossBranchPhaseGate,2031,0.377824,0.446091,parallel_run_20260503_131828,kbs_fullabl16_crossbranchphasegate_exchange_pl336_seed2031,frwkv_crossbranchphasegate
Exchange,336,CrossBranchPhaseGate,2032,0.346044,0.425857,parallel_run_20260503_131828,kbs_fullabl16_crossbranchphasegate_exchange_pl336_seed2032,frwkv_crossbranchphasegate
Exchange,336,CrossBranchPhaseGate,2033,0.345647,0.423454,parallel_run_20260503_131828,kbs_fullabl16_crossbranchphasegate_exchange_pl336_seed2033,frwkv_crossbranchphasegate
Exchange,336,CrossBranchPhaseGate,2034,0.352741,0.430198,parallel_run_20260503_131828,kbs_fullabl16_crossbranchphasegate_exchange_pl336_seed2034,frwkv_crossbranchphasegate
Exchange,336,CrossBranchPhaseGate,2035,0.350659,0.427737,parallel_run_20260503_131828,kbs_fullabl16_crossbranchphasegate_exchange_pl336_seed2035,frwkv_crossbranchphasegate
Exchange,336,CrossBranchPhaseGate,2036,0.335617,0.417108,parallel_run_20260503_131828,kbs_fullabl16_crossbranchphasegate_exchange_pl336_seed2036,frwkv_crossbranchphasegate
Exchange,336,CrossBranchPhaseGate,2037,0.345409,0.424366,parallel_run_20260503_131828,kbs_fullabl16_crossbranchphasegate_exchange_pl336_seed2037,frwkv_crossbranchphasegate
Exchange,336,CrossBranchPhaseGate,2038,0.331565,0.415426,parallel_run_20260503_131828,kbs_fullabl16_crossbranchphasegate_exchange_pl336_seed2038,frwkv_crossbranchphasegate
Exchange,336,CrossBranchPhaseGate,2039,0.351023,0.427405,parallel_run_20260503_131828,kbs_fullabl16_crossbranchphasegate_exchange_pl336_seed2039,frwkv_crossbranchphasegate
Exchange,336,FRWKV,2024,0.335481,0.417372,parallel_run_20260503_131828,kbs_fullabl16_frwkv_exchange_pl336_seed2024,frwkv
Exchange,336,FRWKV,2025,0.366911,0.439222,parallel_run_20260503_131828,kbs_fullabl16_frwkv_exchange_pl336_seed2025,frwkv
Exchange,336,FRWKV,2026,0.321252,0.406821,parallel_run_20260503_131828,kbs_fullabl16_frwkv_exchange_pl336_seed2026,frwkv
Exchange,336,FRWKV,2027,0.352454,0.428415,parallel_run_20260503_131828,kbs_fullabl16_frwkv_exchange_pl336_seed2027,frwkv
Exchange,336,FRWKV,2028,0.353771,0.430399,parallel_run_20260503_131828,kbs_fullabl16_frwkv_exchange_pl336_seed2028,frwkv
Exchange,336,FRWKV,2029,0.369672,0.440485,parallel_run_20260503_131828,kbs_fullabl16_frwkv_exchange_pl336_seed2029,frwkv
Exchange,336,FRWKV,2030,0.344708,0.424054,parallel_run_20260503_131828,kbs_fullabl16_frwkv_exchange_pl336_seed2030,frwkv
Exchange,336,FRWKV,2031,0.332842,0.414792,parallel_run_20260503_131828,kbs_fullabl16_frwkv_exchange_pl336_seed2031,frwkv
Exchange,336,FRWKV,2032,0.357393,0.432448,parallel_run_20260503_131828,kbs_fullabl16_frwkv_exchange_pl336_seed2032,frwkv
Exchange,336,FRWKV,2033,0.354465,0.430934,parallel_run_20260503_131828,kbs_fullabl16_frwkv_exchange_pl336_seed2033,frwkv
Exchange,336,FRWKV,2034,0.352222,0.429367,parallel_run_20260503_131828,kbs_fullabl16_frwkv_exchange_pl336_seed2034,frwkv
Exchange,336,FRWKV,2035,0.353753,0.430199,parallel_run_20260503_131828,kbs_fullabl16_frwkv_exchange_pl336_seed2035,frwkv
Exchange,336,FRWKV,2036,0.325957,0.410436,parallel_run_20260503_131828,kbs_fullabl16_frwkv_exchange_pl336_seed2036,frwkv
Exchange,336,FRWKV,2037,0.337183,0.417555,parallel_run_20260503_131828,kbs_fullabl16_frwkv_exchange_pl336_seed2037,frwkv
Exchange,336,FRWKV,2038,0.337789,0.418758,parallel_run_20260503_131828,kbs_fullabl16_frwkv_exchange_pl336_seed2038,frwkv
Exchange,336,FRWKV,2039,0.37408,0.443344,parallel_run_20260503_131828,kbs_fullabl16_frwkv_exchange_pl336_seed2039,frwkv
Exchange,336,FullContextDelta,2024,0.367372,0.438517,parallel_run_20260508_212616,kbs_fullctxdelta16_fullctxdelta_exchange_pl336_seed2024,frwkv_crossbranchphasegate_fullcontextdelta
Exchange,336,FullContextDelta,2025,0.337528,0.418553,parallel_run_20260508_212616,kbs_fullctxdelta16_fullctxdelta_exchange_pl336_seed2025,frwkv_crossbranchphasegate_fullcontextdelta
Exchange,336,FullContextDelta,2026,0.355105,0.432518,parallel_run_20260508_212616,kbs_fullctxdelta16_fullctxdelta_exchange_pl336_seed2026,frwkv_crossbranchphasegate_fullcontextdelta
Exchange,336,FullContextDelta,2027,0.339202,0.419764,parallel_run_20260508_212616,kbs_fullctxdelta16_fullctxdelta_exchange_pl336_seed2027,frwkv_crossbranchphasegate_fullcontextdelta
Exchange,336,FullContextDelta,2028,0.369886,0.441462,parallel_run_20260508_212616,kbs_fullctxdelta16_fullctxdelta_exchange_pl336_seed2028,frwkv_crossbranchphasegate_fullcontextdelta
Exchange,336,FullContextDelta,2029,0.37998,0.447509,parallel_run_20260508_212616,kbs_fullctxdelta16_fullctxdelta_exchange_pl336_seed2029,frwkv_crossbranchphasegate_fullcontextdelta
Exchange,336,FullContextDelta,2030,0.349658,0.425612,parallel_run_20260508_212616,kbs_fullctxdelta16_fullctxdelta_exchange_pl336_seed2030,frwkv_crossbranchphasegate_fullcontextdelta
Exchange,336,FullContextDelta,2031,0.410423,0.464294,parallel_run_20260508_212616,kbs_fullctxdelta16_fullctxdelta_exchange_pl336_seed2031,frwkv_crossbranchphasegate_fullcontextdelta
Exchange,336,FullContextDelta,2032,0.335094,0.417302,parallel_run_20260508_212616,kbs_fullctxdelta16_fullctxdelta_exchange_pl336_seed2032,frwkv_crossbranchphasegate_fullcontextdelta
Exchange,336,FullContextDelta,2033,0.342206,0.422009,parallel_run_20260508_212616,kbs_fullctxdelta16_fullctxdelta_exchange_pl336_seed2033,frwkv_crossbranchphasegate_fullcontextdelta
Exchange,336,FullContextDelta,2034,0.350639,0.427018,parallel_run_20260508_212616,kbs_fullctxdelta16_fullctxdelta_exchange_pl336_seed2034,frwkv_crossbranchphasegate_fullcontextdelta
Exchange,336,FullContextDelta,2035,0.382044,0.448619,parallel_run_20260508_212616,kbs_fullctxdelta16_fullctxdelta_exchange_pl336_seed2035,frwkv_crossbranchphasegate_fullcontextdelta
Exchange,336,FullContextDelta,2036,0.330777,0.413491,parallel_run_20260508_212616,kbs_fullctxdelta16_fullctxdelta_exchange_pl336_seed2036,frwkv_crossbranchphasegate_fullcontextdelta
Exchange,336,FullContextDelta,2037,0.352642,0.430317,parallel_run_20260508_212616,kbs_fullctxdelta16_fullctxdelta_exchange_pl336_seed2037,frwkv_crossbranchphasegate_fullcontextdelta
Exchange,336,FullContextDelta,2038,0.34899,0.426949,parallel_run_20260508_212616,kbs_fullctxdelta16_fullctxdelta_exchange_pl336_seed2038,frwkv_crossbranchphasegate_fullcontextdelta
Exchange,336,FullContextDelta,2039,0.34535,0.424285,parallel_run_20260508_212616,kbs_fullctxdelta16_fullctxdelta_exchange_pl336_seed2039,frwkv_crossbranchphasegate_fullcontextdelta
Exchange,720,Adaptive PhaseGate,2024,0.944219,0.738527,parallel_run_20260509_134027,kbs_adaptive16_exchange_pl720_seed2024,frwkv_crossbranchperiodicpositiongate_adaptive
Exchange,720,Adaptive PhaseGate,2025,0.922102,0.728726,parallel_run_20260509_134027,kbs_adaptive16_exchange_pl720_seed2025,frwkv_crossbranchperiodicpositiongate_adaptive
Exchange,720,Adaptive PhaseGate,2026,0.978599,0.748521,parallel_run_20260509_134027,kbs_adaptive16_exchange_pl720_seed2026,frwkv_crossbranchperiodicpositiongate_adaptive
Exchange,720,Adaptive PhaseGate,2027,0.886847,0.709928,parallel_run_20260509_134027,kbs_adaptive16_exchange_pl720_seed2027,frwkv_crossbranchperiodicpositiongate_adaptive
Exchange,720,Adaptive PhaseGate,2028,0.890867,0.713612,parallel_run_20260509_134027,kbs_adaptive16_exchange_pl720_seed2028,frwkv_crossbranchperiodicpositiongate_adaptive
Exchange,720,Adaptive PhaseGate,2029,1.140553,0.788603,parallel_run_20260509_134027,kbs_adaptive16_exchange_pl720_seed2029,frwkv_crossbranchperiodicpositiongate_adaptive
Exchange,720,Adaptive PhaseGate,2030,1.004011,0.762939,parallel_run_20260509_134027,kbs_adaptive16_exchange_pl720_seed2030,frwkv_crossbranchperiodicpositiongate_adaptive
Exchange,720,Adaptive PhaseGate,2031,0.91755,0.722978,parallel_run_20260509_134027,kbs_adaptive16_exchange_pl720_seed2031,frwkv_crossbranchperiodicpositiongate_adaptive
Exchange,720,Adaptive PhaseGate,2032,0.89921,0.716144,parallel_run_20260509_134027,kbs_adaptive16_exchange_pl720_seed2032,frwkv_crossbranchperiodicpositiongate_adaptive
Exchange,720,Adaptive PhaseGate,2033,0.897764,0.715725,parallel_run_20260509_134027,kbs_adaptive16_exchange_pl720_seed2033,frwkv_crossbranchperiodicpositiongate_adaptive
Exchange,720,Adaptive PhaseGate,2034,0.871277,0.703393,parallel_run_20260509_134027,kbs_adaptive16_exchange_pl720_seed2034,frwkv_crossbranchperiodicpositiongate_adaptive
Exchange,720,Adaptive PhaseGate,2035,0.896154,0.715102,parallel_run_20260509_134027,kbs_adaptive16_exchange_pl720_seed2035,frwkv_crossbranchperiodicpositiongate_adaptive
Exchange,720,Adaptive PhaseGate,2036,1.137844,0.807506,parallel_run_20260509_134027,kbs_adaptive16_exchange_pl720_seed2036,frwkv_crossbranchperiodicpositiongate_adaptive
Exchange,720,Adaptive PhaseGate,2037,0.897435,0.719105,parallel_run_20260509_134027,kbs_adaptive16_exchange_pl720_seed2037,frwkv_crossbranchperiodicpositiongate_adaptive
Exchange,720,Adaptive PhaseGate,2038,1.207077,0.810644,parallel_run_20260509_134027,kbs_adaptive16_exchange_pl720_seed2038,frwkv_crossbranchperiodicpositiongate_adaptive
Exchange,720,Adaptive PhaseGate,2039,0.84908,0.693095,parallel_run_20260509_134027,kbs_adaptive16_exchange_pl720_seed2039,frwkv_crossbranchperiodicpositiongate_adaptive
Exchange,720,CrossBranchGate,2024,1.276199,0.829064,parallel_run_20260503_131828,kbs_fullabl16_crossbranchgate_exchange_pl720_seed2024,frwkv_crossbranchgate
Exchange,720,CrossBranchGate,2025,0.881761,0.706239,parallel_run_20260503_131828,kbs_fullabl16_crossbranchgate_exchange_pl720_seed2025,frwkv_crossbranchgate
Exchange,720,CrossBranchGate,2026,0.91403,0.723027,parallel_run_20260503_131828,kbs_fullabl16_crossbranchgate_exchange_pl720_seed2026,frwkv_crossbranchgate
Exchange,720,CrossBranchGate,2027,1.211479,0.810245,parallel_run_20260503_131828,kbs_fullabl16_crossbranchgate_exchange_pl720_seed2027,frwkv_crossbranchgate
Exchange,720,CrossBranchGate,2028,1.146969,0.793033,parallel_run_20260503_131828,kbs_fullabl16_crossbranchgate_exchange_pl720_seed2028,frwkv_crossbranchgate
Exchange,720,CrossBranchGate,2029,1.172736,0.799182,parallel_run_20260503_131828,kbs_fullabl16_crossbranchgate_exchange_pl720_seed2029,frwkv_crossbranchgate
Exchange,720,CrossBranchGate,2030,0.915666,0.724162,parallel_run_20260503_131828,kbs_fullabl16_crossbranchgate_exchange_pl720_seed2030,frwkv_crossbranchgate
Exchange,720,CrossBranchGate,2031,1.258202,0.817216,parallel_run_20260503_131828,kbs_fullabl16_crossbranchgate_exchange_pl720_seed2031,frwkv_crossbranchgate
Exchange,720,CrossBranchGate,2032,0.963356,0.743726,parallel_run_20260503_131828,kbs_fullabl16_crossbranchgate_exchange_pl720_seed2032,frwkv_crossbranchgate
Exchange,720,CrossBranchGate,2033,0.875872,0.704586,parallel_run_20260503_131828,kbs_fullabl16_crossbranchgate_exchange_pl720_seed2033,frwkv_crossbranchgate
Exchange,720,CrossBranchGate,2034,0.920301,0.728295,parallel_run_20260503_131828,kbs_fullabl16_crossbranchgate_exchange_pl720_seed2034,frwkv_crossbranchgate
Exchange,720,CrossBranchGate,2035,1.190165,0.811511,parallel_run_20260503_131828,kbs_fullabl16_crossbranchgate_exchange_pl720_seed2035,frwkv_crossbranchgate
Exchange,720,CrossBranchGate,2036,1.158432,0.794607,parallel_run_20260503_131828,kbs_fullabl16_crossbranchgate_exchange_pl720_seed2036,frwkv_crossbranchgate
Exchange,720,CrossBranchGate,2037,1.34383,0.840189,parallel_run_20260503_131828,kbs_fullabl16_crossbranchgate_exchange_pl720_seed2037,frwkv_crossbranchgate
Exchange,720,CrossBranchGate,2038,0.831508,0.685049,parallel_run_20260503_131828,kbs_fullabl16_crossbranchgate_exchange_pl720_seed2038,frwkv_crossbranchgate
Exchange,720,CrossBranchGate,2039,0.881626,0.707651,parallel_run_20260503_131828,kbs_fullabl16_crossbranchgate_exchange_pl720_seed2039,frwkv_crossbranchgate
Exchange,720,CrossBranchPhaseGate,2024,1.319032,0.839479,parallel_run_20260503_131828,kbs_fullabl16_crossbranchphasegate_exchange_pl720_seed2024,frwkv_crossbranchphasegate
Exchange,720,CrossBranchPhaseGate,2025,0.895752,0.712906,parallel_run_20260503_131828,kbs_fullabl16_crossbranchphasegate_exchange_pl720_seed2025,frwkv_crossbranchphasegate
Exchange,720,CrossBranchPhaseGate,2026,0.865993,0.700564,parallel_run_20260503_131828,kbs_fullabl16_crossbranchphasegate_exchange_pl720_seed2026,frwkv_crossbranchphasegate
Exchange,720,CrossBranchPhaseGate,2027,0.876922,0.706205,parallel_run_20260503_131828,kbs_fullabl16_crossbranchphasegate_exchange_pl720_seed2027,frwkv_crossbranchphasegate
Exchange,720,CrossBranchPhaseGate,2028,0.823743,0.681875,parallel_run_20260503_131828,kbs_fullabl16_crossbranchphasegate_exchange_pl720_seed2028,frwkv_crossbranchphasegate
Exchange,720,CrossBranchPhaseGate,2029,0.97904,0.740855,parallel_run_20260503_131828,kbs_fullabl16_crossbranchphasegate_exchange_pl720_seed2029,frwkv_crossbranchphasegate
Exchange,720,CrossBranchPhaseGate,2030,0.87672,0.706054,parallel_run_20260503_131828,kbs_fullabl16_crossbranchphasegate_exchange_pl720_seed2030,frwkv_crossbranchphasegate
Exchange,720,CrossBranchPhaseGate,2031,0.88477,0.711006,parallel_run_20260503_131828,kbs_fullabl16_crossbranchphasegate_exchange_pl720_seed2031,frwkv_crossbranchphasegate
Exchange,720,CrossBranchPhaseGate,2032,1.154024,0.798467,parallel_run_20260503_131828,kbs_fullabl16_crossbranchphasegate_exchange_pl720_seed2032,frwkv_crossbranchphasegate
Exchange,720,CrossBranchPhaseGate,2033,0.967558,0.73811,parallel_run_20260503_131828,kbs_fullabl16_crossbranchphasegate_exchange_pl720_seed2033,frwkv_crossbranchphasegate
Exchange,720,CrossBranchPhaseGate,2034,0.874098,0.705543,parallel_run_20260503_131828,kbs_fullabl16_crossbranchphasegate_exchange_pl720_seed2034,frwkv_crossbranchphasegate
Exchange,720,CrossBranchPhaseGate,2035,0.891257,0.712361,parallel_run_20260503_131828,kbs_fullabl16_crossbranchphasegate_exchange_pl720_seed2035,frwkv_crossbranchphasegate
Exchange,720,CrossBranchPhaseGate,2036,1.164134,0.804531,parallel_run_20260503_131828,kbs_fullabl16_crossbranchphasegate_exchange_pl720_seed2036,frwkv_crossbranchphasegate
Exchange,720,CrossBranchPhaseGate,2037,1.209335,0.808862,parallel_run_20260503_131828,kbs_fullabl16_crossbranchphasegate_exchange_pl720_seed2037,frwkv_crossbranchphasegate
Exchange,720,CrossBranchPhaseGate,2038,0.874327,0.704198,parallel_run_20260503_131828,kbs_fullabl16_crossbranchphasegate_exchange_pl720_seed2038,frwkv_crossbranchphasegate
Exchange,720,CrossBranchPhaseGate,2039,0.985832,0.752804,parallel_run_20260503_131828,kbs_fullabl16_crossbranchphasegate_exchange_pl720_seed2039,frwkv_crossbranchphasegate
Exchange,720,FRWKV,2024,0.978431,0.753264,parallel_run_20260503_131828,kbs_fullabl16_frwkv_exchange_pl720_seed2024,frwkv
Exchange,720,FRWKV,2025,0.905742,0.718623,parallel_run_20260503_131828,kbs_fullabl16_frwkv_exchange_pl720_seed2025,frwkv
Exchange,720,FRWKV,2026,0.921648,0.726442,parallel_run_20260503_131828,kbs_fullabl16_frwkv_exchange_pl720_seed2026,frwkv
Exchange,720,FRWKV,2027,0.93638,0.731024,parallel_run_20260503_131828,kbs_fullabl16_frwkv_exchange_pl720_seed2027,frwkv
Exchange,720,FRWKV,2028,0.86776,0.703191,parallel_run_20260503_131828,kbs_fullabl16_frwkv_exchange_pl720_seed2028,frwkv
Exchange,720,FRWKV,2029,1.381627,0.856672,parallel_run_20260503_131828,kbs_fullabl16_frwkv_exchange_pl720_seed2029,frwkv
Exchange,720,FRWKV,2030,0.955624,0.739098,parallel_run_20260503_131828,kbs_fullabl16_frwkv_exchange_pl720_seed2030,frwkv
Exchange,720,FRWKV,2031,0.86125,0.699358,parallel_run_20260503_131828,kbs_fullabl16_frwkv_exchange_pl720_seed2031,frwkv
Exchange,720,FRWKV,2032,0.85381,0.695181,parallel_run_20260503_131828,kbs_fullabl16_frwkv_exchange_pl720_seed2032,frwkv
Exchange,720,FRWKV,2033,1.287237,0.837898,parallel_run_20260503_131828,kbs_fullabl16_frwkv_exchange_pl720_seed2033,frwkv
Exchange,720,FRWKV,2034,1.204116,0.816212,parallel_run_20260503_131828,kbs_fullabl16_frwkv_exchange_pl720_seed2034,frwkv
Exchange,720,FRWKV,2035,0.97633,0.749799,parallel_run_20260503_131828,kbs_fullabl16_frwkv_exchange_pl720_seed2035,frwkv
Exchange,720,FRWKV,2036,0.879848,0.708057,parallel_run_20260503_131828,kbs_fullabl16_frwkv_exchange_pl720_seed2036,frwkv
Exchange,720,FRWKV,2037,0.877016,0.704811,parallel_run_20260503_131828,kbs_fullabl16_frwkv_exchange_pl720_seed2037,frwkv
Exchange,720,FRWKV,2038,0.879166,0.708018,parallel_run_20260503_131828,kbs_fullabl16_frwkv_exchange_pl720_seed2038,frwkv
Exchange,720,FRWKV,2039,1.053962,0.777788,parallel_run_20260503_131828,kbs_fullabl16_frwkv_exchange_pl720_seed2039,frwkv
Exchange,720,FullContextDelta,2024,0.89407,0.715228,parallel_run_20260508_212616,kbs_fullctxdelta16_fullctxdelta_exchange_pl720_seed2024,frwkv_crossbranchphasegate_fullcontextdelta
Exchange,720,FullContextDelta,2025,0.887533,0.711403,parallel_run_20260508_212616,kbs_fullctxdelta16_fullctxdelta_exchange_pl720_seed2025,frwkv_crossbranchphasegate_fullcontextdelta
Exchange,720,FullContextDelta,2026,0.916605,0.72502,parallel_run_20260508_212616,kbs_fullctxdelta16_fullctxdelta_exchange_pl720_seed2026,frwkv_crossbranchphasegate_fullcontextdelta
Exchange,720,FullContextDelta,2027,0.936271,0.731509,parallel_run_20260508_212616,kbs_fullctxdelta16_fullctxdelta_exchange_pl720_seed2027,frwkv_crossbranchphasegate_fullcontextdelta
Exchange,720,FullContextDelta,2028,0.878107,0.706455,parallel_run_20260508_212616,kbs_fullctxdelta16_fullctxdelta_exchange_pl720_seed2028,frwkv_crossbranchphasegate_fullcontextdelta
Exchange,720,FullContextDelta,2029,0.858174,0.698103,parallel_run_20260508_212616,kbs_fullctxdelta16_fullctxdelta_exchange_pl720_seed2029,frwkv_crossbranchphasegate_fullcontextdelta
Exchange,720,FullContextDelta,2030,0.947068,0.735992,parallel_run_20260508_212616,kbs_fullctxdelta16_fullctxdelta_exchange_pl720_seed2030,frwkv_crossbranchphasegate_fullcontextdelta
Exchange,720,FullContextDelta,2031,0.846062,0.693159,parallel_run_20260508_212616,kbs_fullctxdelta16_fullctxdelta_exchange_pl720_seed2031,frwkv_crossbranchphasegate_fullcontextdelta
Exchange,720,FullContextDelta,2032,0.891008,0.712846,parallel_run_20260508_212616,kbs_fullctxdelta16_fullctxdelta_exchange_pl720_seed2032,frwkv_crossbranchphasegate_fullcontextdelta
Exchange,720,FullContextDelta,2033,1.234829,0.817176,parallel_run_20260508_212616,kbs_fullctxdelta16_fullctxdelta_exchange_pl720_seed2033,frwkv_crossbranchphasegate_fullcontextdelta
Exchange,720,FullContextDelta,2034,1.1935,0.803905,parallel_run_20260508_212616,kbs_fullctxdelta16_fullctxdelta_exchange_pl720_seed2034,frwkv_crossbranchphasegate_fullcontextdelta
Exchange,720,FullContextDelta,2035,0.907236,0.719823,parallel_run_20260508_212616,kbs_fullctxdelta16_fullctxdelta_exchange_pl720_seed2035,frwkv_crossbranchphasegate_fullcontextdelta
Exchange,720,FullContextDelta,2036,0.877756,0.707063,parallel_run_20260508_212616,kbs_fullctxdelta16_fullctxdelta_exchange_pl720_seed2036,frwkv_crossbranchphasegate_fullcontextdelta
Exchange,720,FullContextDelta,2037,0.824117,0.682588,parallel_run_20260508_212616,kbs_fullctxdelta16_fullctxdelta_exchange_pl720_seed2037,frwkv_crossbranchphasegate_fullcontextdelta
Exchange,720,FullContextDelta,2038,0.867213,0.701966,parallel_run_20260508_212616,kbs_fullctxdelta16_fullctxdelta_exchange_pl720_seed2038,frwkv_crossbranchphasegate_fullcontextdelta
Exchange,720,FullContextDelta,2039,1.153768,0.799513,parallel_run_20260508_212616,kbs_fullctxdelta16_fullctxdelta_exchange_pl720_seed2039,frwkv_crossbranchphasegate_fullcontextdelta
ILI,24,Adaptive PhaseGate,2024,1.452958,0.717746,parallel_run_20260509_134027,kbs_adaptive16_ili_pl24_seed2024,frwkv_crossbranchperiodicpositiongate_adaptive
ILI,24,Adaptive PhaseGate,2025,1.436349,0.720771,parallel_run_20260509_134027,kbs_adaptive16_ili_pl24_seed2025,frwkv_crossbranchperiodicpositiongate_adaptive
ILI,24,Adaptive PhaseGate,2026,1.57551,0.748781,parallel_run_20260509_134027,kbs_adaptive16_ili_pl24_seed2026,frwkv_crossbranchperiodicpositiongate_adaptive
ILI,24,Adaptive PhaseGate,2027,1.574506,0.750291,parallel_run_20260509_134027,kbs_adaptive16_ili_pl24_seed2027,frwkv_crossbranchperiodicpositiongate_adaptive
ILI,24,Adaptive PhaseGate,2028,1.5155,0.730476,parallel_run_20260509_134027,kbs_adaptive16_ili_pl24_seed2028,frwkv_crossbranchperiodicpositiongate_adaptive
ILI,24,Adaptive PhaseGate,2029,1.562745,0.753763,parallel_run_20260509_134027,kbs_adaptive16_ili_pl24_seed2029,frwkv_crossbranchperiodicpositiongate_adaptive
ILI,24,Adaptive PhaseGate,2030,1.477808,0.735153,parallel_run_20260509_134027,kbs_adaptive16_ili_pl24_seed2030,frwkv_crossbranchperiodicpositiongate_adaptive
ILI,24,Adaptive PhaseGate,2031,1.454433,0.732024,parallel_run_20260509_134027,kbs_adaptive16_ili_pl24_seed2031,frwkv_crossbranchperiodicpositiongate_adaptive
ILI,24,Adaptive PhaseGate,2032,1.635188,0.773125,parallel_run_20260509_134027,kbs_adaptive16_ili_pl24_seed2032,frwkv_crossbranchperiodicpositiongate_adaptive
ILI,24,Adaptive PhaseGate,2033,1.510412,0.723291,parallel_run_20260509_134027,kbs_adaptive16_ili_pl24_seed2033,frwkv_crossbranchperiodicpositiongate_adaptive
ILI,24,Adaptive PhaseGate,2034,1.753323,0.790269,parallel_run_20260509_134027,kbs_adaptive16_ili_pl24_seed2034,frwkv_crossbranchperiodicpositiongate_adaptive
ILI,24,Adaptive PhaseGate,2035,1.5055,0.729024,parallel_run_20260509_134027,kbs_adaptive16_ili_pl24_seed2035,frwkv_crossbranchperiodicpositiongate_adaptive
ILI,24,Adaptive PhaseGate,2036,1.528771,0.734508,parallel_run_20260509_134027,kbs_adaptive16_ili_pl24_seed2036,frwkv_crossbranchperiodicpositiongate_adaptive
ILI,24,Adaptive PhaseGate,2037,1.498363,0.722423,parallel_run_20260509_134027,kbs_adaptive16_ili_pl24_seed2037,frwkv_crossbranchperiodicpositiongate_adaptive
ILI,24,Adaptive PhaseGate,2038,1.49272,0.735858,parallel_run_20260509_134027,kbs_adaptive16_ili_pl24_seed2038,frwkv_crossbranchperiodicpositiongate_adaptive
ILI,24,Adaptive PhaseGate,2039,1.568831,0.744466,parallel_run_20260509_134027,kbs_adaptive16_ili_pl24_seed2039,frwkv_crossbranchperiodicpositiongate_adaptive
ILI,24,CrossBranchGate,2024,1.429533,0.715614,parallel_run_20260503_131828,kbs_fullabl16_crossbranchgate_ili_pl24_seed2024,frwkv_crossbranchgate
ILI,24,CrossBranchGate,2025,1.516741,0.733278,parallel_run_20260503_131828,kbs_fullabl16_crossbranchgate_ili_pl24_seed2025,frwkv_crossbranchgate
ILI,24,CrossBranchGate,2026,1.898686,0.836099,parallel_run_20260503_131828,kbs_fullabl16_crossbranchgate_ili_pl24_seed2026,frwkv_crossbranchgate
ILI,24,CrossBranchGate,2027,1.400854,0.713519,parallel_run_20260503_131828,kbs_fullabl16_crossbranchgate_ili_pl24_seed2027,frwkv_crossbranchgate
ILI,24,CrossBranchGate,2028,1.456284,0.717419,parallel_run_20260503_131828,kbs_fullabl16_crossbranchgate_ili_pl24_seed2028,frwkv_crossbranchgate
ILI,24,CrossBranchGate,2029,1.423042,0.715876,parallel_run_20260503_131828,kbs_fullabl16_crossbranchgate_ili_pl24_seed2029,frwkv_crossbranchgate
ILI,24,CrossBranchGate,2030,1.507434,0.738929,parallel_run_20260503_131828,kbs_fullabl16_crossbranchgate_ili_pl24_seed2030,frwkv_crossbranchgate
ILI,24,CrossBranchGate,2031,1.380901,0.705901,parallel_run_20260503_131828,kbs_fullabl16_crossbranchgate_ili_pl24_seed2031,frwkv_crossbranchgate
ILI,24,CrossBranchGate,2032,1.472463,0.731481,parallel_run_20260503_131828,kbs_fullabl16_crossbranchgate_ili_pl24_seed2032,frwkv_crossbranchgate
ILI,24,CrossBranchGate,2033,1.423326,0.716737,parallel_run_20260503_131828,kbs_fullabl16_crossbranchgate_ili_pl24_seed2033,frwkv_crossbranchgate
ILI,24,CrossBranchGate,2034,1.452081,0.728085,parallel_run_20260503_131828,kbs_fullabl16_crossbranchgate_ili_pl24_seed2034,frwkv_crossbranchgate
ILI,24,CrossBranchGate,2035,1.523445,0.733804,parallel_run_20260503_131828,kbs_fullabl16_crossbranchgate_ili_pl24_seed2035,frwkv_crossbranchgate
ILI,24,CrossBranchGate,2036,1.474239,0.723221,parallel_run_20260503_131828,kbs_fullabl16_crossbranchgate_ili_pl24_seed2036,frwkv_crossbranchgate
ILI,24,CrossBranchGate,2037,1.498982,0.729427,parallel_run_20260503_131828,kbs_fullabl16_crossbranchgate_ili_pl24_seed2037,frwkv_crossbranchgate
ILI,24,CrossBranchGate,2038,1.497077,0.729191,parallel_run_20260503_131828,kbs_fullabl16_crossbranchgate_ili_pl24_seed2038,frwkv_crossbranchgate
ILI,24,CrossBranchGate,2039,1.500665,0.738855,parallel_run_20260503_131828,kbs_fullabl16_crossbranchgate_ili_pl24_seed2039,frwkv_crossbranchgate
ILI,24,CrossBranchPhaseGate,2024,1.476356,0.726161,parallel_run_20260503_131828,kbs_fullabl16_crossbranchphasegate_ili_pl24_seed2024,frwkv_crossbranchphasegate
ILI,24,CrossBranchPhaseGate,2025,1.43822,0.705787,parallel_run_20260503_131828,kbs_fullabl16_crossbranchphasegate_ili_pl24_seed2025,frwkv_crossbranchphasegate
ILI,24,CrossBranchPhaseGate,2026,1.536246,0.735118,parallel_run_20260503_131828,kbs_fullabl16_crossbranchphasegate_ili_pl24_seed2026,frwkv_crossbranchphasegate
ILI,24,CrossBranchPhaseGate,2027,1.470004,0.740347,parallel_run_20260503_131828,kbs_fullabl16_crossbranchphasegate_ili_pl24_seed2027,frwkv_crossbranchphasegate
ILI,24,CrossBranchPhaseGate,2028,1.555535,0.746444,parallel_run_20260503_131828,kbs_fullabl16_crossbranchphasegate_ili_pl24_seed2028,frwkv_crossbranchphasegate
ILI,24,CrossBranchPhaseGate,2029,1.622314,0.755065,parallel_run_20260503_131828,kbs_fullabl16_crossbranchphasegate_ili_pl24_seed2029,frwkv_crossbranchphasegate
ILI,24,CrossBranchPhaseGate,2030,1.44225,0.718702,parallel_run_20260503_131828,kbs_fullabl16_crossbranchphasegate_ili_pl24_seed2030,frwkv_crossbranchphasegate
ILI,24,CrossBranchPhaseGate,2031,1.439469,0.715929,parallel_run_20260503_131828,kbs_fullabl16_crossbranchphasegate_ili_pl24_seed2031,frwkv_crossbranchphasegate
ILI,24,CrossBranchPhaseGate,2032,1.537941,0.743485,parallel_run_20260503_131828,kbs_fullabl16_crossbranchphasegate_ili_pl24_seed2032,frwkv_crossbranchphasegate
ILI,24,CrossBranchPhaseGate,2033,1.520222,0.736279,parallel_run_20260503_131828,kbs_fullabl16_crossbranchphasegate_ili_pl24_seed2033,frwkv_crossbranchphasegate
ILI,24,CrossBranchPhaseGate,2034,1.49502,0.737583,parallel_run_20260503_131828,kbs_fullabl16_crossbranchphasegate_ili_pl24_seed2034,frwkv_crossbranchphasegate
ILI,24,CrossBranchPhaseGate,2035,1.5187,0.741278,parallel_run_20260503_131828,kbs_fullabl16_crossbranchphasegate_ili_pl24_seed2035,frwkv_crossbranchphasegate
ILI,24,CrossBranchPhaseGate,2036,1.440912,0.709122,parallel_run_20260503_131828,kbs_fullabl16_crossbranchphasegate_ili_pl24_seed2036,frwkv_crossbranchphasegate
ILI,24,CrossBranchPhaseGate,2037,1.440662,0.715044,parallel_run_20260503_131828,kbs_fullabl16_crossbranchphasegate_ili_pl24_seed2037,frwkv_crossbranchphasegate
ILI,24,CrossBranchPhaseGate,2038,1.606555,0.750579,parallel_run_20260503_131828,kbs_fullabl16_crossbranchphasegate_ili_pl24_seed2038,frwkv_crossbranchphasegate
ILI,24,CrossBranchPhaseGate,2039,1.593082,0.757761,parallel_run_20260503_131828,kbs_fullabl16_crossbranchphasegate_ili_pl24_seed2039,frwkv_crossbranchphasegate
ILI,24,FRWKV,2024,1.430052,0.711043,parallel_run_20260503_131828,kbs_fullabl16_frwkv_ili_pl24_seed2024,frwkv
ILI,24,FRWKV,2025,1.426529,0.719578,parallel_run_20260503_131828,kbs_fullabl16_frwkv_ili_pl24_seed2025,frwkv
ILI,24,FRWKV,2026,1.581703,0.756306,parallel_run_20260503_131828,kbs_fullabl16_frwkv_ili_pl24_seed2026,frwkv
ILI,24,FRWKV,2027,1.406218,0.713062,parallel_run_20260503_131828,kbs_fullabl16_frwkv_ili_pl24_seed2027,frwkv
ILI,24,FRWKV,2028,1.558063,0.738743,parallel_run_20260503_131828,kbs_fullabl16_frwkv_ili_pl24_seed2028,frwkv
ILI,24,FRWKV,2029,1.3948,0.710999,parallel_run_20260503_131828,kbs_fullabl16_frwkv_ili_pl24_seed2029,frwkv
ILI,24,FRWKV,2030,1.498732,0.735852,parallel_run_20260503_131828,kbs_fullabl16_frwkv_ili_pl24_seed2030,frwkv
ILI,24,FRWKV,2031,1.527711,0.748629,parallel_run_20260503_131828,kbs_fullabl16_frwkv_ili_pl24_seed2031,frwkv
ILI,24,FRWKV,2032,1.482717,0.738423,parallel_run_20260503_131828,kbs_fullabl16_frwkv_ili_pl24_seed2032,frwkv
ILI,24,FRWKV,2033,1.445029,0.728748,parallel_run_20260503_131828,kbs_fullabl16_frwkv_ili_pl24_seed2033,frwkv
ILI,24,FRWKV,2034,1.466017,0.72797,parallel_run_20260503_131828,kbs_fullabl16_frwkv_ili_pl24_seed2034,frwkv
ILI,24,FRWKV,2035,1.560327,0.759255,parallel_run_20260503_131828,kbs_fullabl16_frwkv_ili_pl24_seed2035,frwkv
ILI,24,FRWKV,2036,1.53653,0.736953,parallel_run_20260503_131828,kbs_fullabl16_frwkv_ili_pl24_seed2036,frwkv
ILI,24,FRWKV,2037,1.392144,0.708698,parallel_run_20260503_131828,kbs_fullabl16_frwkv_ili_pl24_seed2037,frwkv
ILI,24,FRWKV,2038,1.485371,0.731851,parallel_run_20260503_131828,kbs_fullabl16_frwkv_ili_pl24_seed2038,frwkv
ILI,24,FRWKV,2039,1.478935,0.728301,parallel_run_20260503_131828,kbs_fullabl16_frwkv_ili_pl24_seed2039,frwkv
ILI,24,FullContextDelta,2024,1.436306,0.723414,parallel_run_20260508_212616,kbs_fullctxdelta16_fullctxdelta_ili_pl24_seed2024,frwkv_crossbranchphasegate_fullcontextdelta
ILI,24,FullContextDelta,2025,1.480154,0.722222,parallel_run_20260508_212616,kbs_fullctxdelta16_fullctxdelta_ili_pl24_seed2025,frwkv_crossbranchphasegate_fullcontextdelta
ILI,24,FullContextDelta,2026,1.429598,0.719233,parallel_run_20260508_212616,kbs_fullctxdelta16_fullctxdelta_ili_pl24_seed2026,frwkv_crossbranchphasegate_fullcontextdelta
ILI,24,FullContextDelta,2027,1.602467,0.759449,parallel_run_20260508_212616,kbs_fullctxdelta16_fullctxdelta_ili_pl24_seed2027,frwkv_crossbranchphasegate_fullcontextdelta
ILI,24,FullContextDelta,2028,1.430389,0.721059,parallel_run_20260508_212616,kbs_fullctxdelta16_fullctxdelta_ili_pl24_seed2028,frwkv_crossbranchphasegate_fullcontextdelta
ILI,24,FullContextDelta,2029,1.662898,0.777834,parallel_run_20260508_212616,kbs_fullctxdelta16_fullctxdelta_ili_pl24_seed2029,frwkv_crossbranchphasegate_fullcontextdelta
ILI,24,FullContextDelta,2030,1.403325,0.70281,parallel_run_20260508_212616,kbs_fullctxdelta16_fullctxdelta_ili_pl24_seed2030,frwkv_crossbranchphasegate_fullcontextdelta
ILI,24,FullContextDelta,2031,1.505214,0.741163,parallel_run_20260508_212616,kbs_fullctxdelta16_fullctxdelta_ili_pl24_seed2031,frwkv_crossbranchphasegate_fullcontextdelta
ILI,24,FullContextDelta,2032,1.621742,0.771085,parallel_run_20260508_212616,kbs_fullctxdelta16_fullctxdelta_ili_pl24_seed2032,frwkv_crossbranchphasegate_fullcontextdelta
ILI,24,FullContextDelta,2033,1.64228,0.764893,parallel_run_20260508_212616,kbs_fullctxdelta16_fullctxdelta_ili_pl24_seed2033,frwkv_crossbranchphasegate_fullcontextdelta
ILI,24,FullContextDelta,2034,1.577514,0.755337,parallel_run_20260508_212616,kbs_fullctxdelta16_fullctxdelta_ili_pl24_seed2034,frwkv_crossbranchphasegate_fullcontextdelta
ILI,24,FullContextDelta,2035,1.496837,0.728652,parallel_run_20260508_212616,kbs_fullctxdelta16_fullctxdelta_ili_pl24_seed2035,frwkv_crossbranchphasegate_fullcontextdelta
ILI,24,FullContextDelta,2036,1.506032,0.737314,parallel_run_20260508_212616,kbs_fullctxdelta16_fullctxdelta_ili_pl24_seed2036,frwkv_crossbranchphasegate_fullcontextdelta
ILI,24,FullContextDelta,2037,1.572419,0.74734,parallel_run_20260508_212616,kbs_fullctxdelta16_fullctxdelta_ili_pl24_seed2037,frwkv_crossbranchphasegate_fullcontextdelta
ILI,24,FullContextDelta,2038,1.66622,0.776085,parallel_run_20260508_212616,kbs_fullctxdelta16_fullctxdelta_ili_pl24_seed2038,frwkv_crossbranchphasegate_fullcontextdelta
ILI,24,FullContextDelta,2039,1.489505,0.724761,parallel_run_20260508_212616,kbs_fullctxdelta16_fullctxdelta_ili_pl24_seed2039,frwkv_crossbranchphasegate_fullcontextdelta
ILI,36,Adaptive PhaseGate,2024,1.594897,0.760945,parallel_run_20260509_134027,kbs_adaptive16_ili_pl36_seed2024,frwkv_crossbranchperiodicpositiongate_adaptive
ILI,36,Adaptive PhaseGate,2025,1.413567,0.718766,parallel_run_20260509_134027,kbs_adaptive16_ili_pl36_seed2025,frwkv_crossbranchperiodicpositiongate_adaptive
ILI,36,Adaptive PhaseGate,2026,1.454667,0.727371,parallel_run_20260509_134027,kbs_adaptive16_ili_pl36_seed2026,frwkv_crossbranchperiodicpositiongate_adaptive
ILI,36,Adaptive PhaseGate,2027,1.441416,0.721455,parallel_run_20260509_134027,kbs_adaptive16_ili_pl36_seed2027,frwkv_crossbranchperiodicpositiongate_adaptive
ILI,36,Adaptive PhaseGate,2028,1.591893,0.763487,parallel_run_20260509_134027,kbs_adaptive16_ili_pl36_seed2028,frwkv_crossbranchperiodicpositiongate_adaptive
ILI,36,Adaptive PhaseGate,2029,1.506486,0.738822,parallel_run_20260509_134027,kbs_adaptive16_ili_pl36_seed2029,frwkv_crossbranchperiodicpositiongate_adaptive
ILI,36,Adaptive PhaseGate,2030,1.511694,0.747297,parallel_run_20260509_134027,kbs_adaptive16_ili_pl36_seed2030,frwkv_crossbranchperiodicpositiongate_adaptive
ILI,36,Adaptive PhaseGate,2031,1.512858,0.744601,parallel_run_20260509_134027,kbs_adaptive16_ili_pl36_seed2031,frwkv_crossbranchperiodicpositiongate_adaptive
ILI,36,Adaptive PhaseGate,2032,1.852234,0.814687,parallel_run_20260509_134027,kbs_adaptive16_ili_pl36_seed2032,frwkv_crossbranchperiodicpositiongate_adaptive
ILI,36,Adaptive PhaseGate,2033,1.494448,0.734335,parallel_run_20260509_134027,kbs_adaptive16_ili_pl36_seed2033,frwkv_crossbranchperiodicpositiongate_adaptive
ILI,36,Adaptive PhaseGate,2034,1.423995,0.726596,parallel_run_20260509_134027,kbs_adaptive16_ili_pl36_seed2034,frwkv_crossbranchperiodicpositiongate_adaptive
ILI,36,Adaptive PhaseGate,2035,1.407344,0.719887,parallel_run_20260509_134027,kbs_adaptive16_ili_pl36_seed2035,frwkv_crossbranchperiodicpositiongate_adaptive
ILI,36,Adaptive PhaseGate,2036,1.502869,0.735527,parallel_run_20260509_134027,kbs_adaptive16_ili_pl36_seed2036,frwkv_crossbranchperiodicpositiongate_adaptive
ILI,36,Adaptive PhaseGate,2037,1.423179,0.720231,parallel_run_20260509_134027,kbs_adaptive16_ili_pl36_seed2037,frwkv_crossbranchperiodicpositiongate_adaptive
ILI,36,Adaptive PhaseGate,2038,1.577129,0.758547,parallel_run_20260509_134027,kbs_adaptive16_ili_pl36_seed2038,frwkv_crossbranchperiodicpositiongate_adaptive
ILI,36,Adaptive PhaseGate,2039,1.579526,0.760988,parallel_run_20260509_134027,kbs_adaptive16_ili_pl36_seed2039,frwkv_crossbranchperiodicpositiongate_adaptive
ILI,36,CrossBranchGate,2024,1.53343,0.74098,parallel_run_20260503_131828,kbs_fullabl16_crossbranchgate_ili_pl36_seed2024,frwkv_crossbranchgate
ILI,36,CrossBranchGate,2025,1.574741,0.761138,parallel_run_20260503_131828,kbs_fullabl16_crossbranchgate_ili_pl36_seed2025,frwkv_crossbranchgate
ILI,36,CrossBranchGate,2026,1.621326,0.769692,parallel_run_20260503_131828,kbs_fullabl16_crossbranchgate_ili_pl36_seed2026,frwkv_crossbranchgate
ILI,36,CrossBranchGate,2027,1.519178,0.749602,parallel_run_20260503_131828,kbs_fullabl16_crossbranchgate_ili_pl36_seed2027,frwkv_crossbranchgate
ILI,36,CrossBranchGate,2028,1.483419,0.740157,parallel_run_20260503_131828,kbs_fullabl16_crossbranchgate_ili_pl36_seed2028,frwkv_crossbranchgate
ILI,36,CrossBranchGate,2029,1.570184,0.756334,parallel_run_20260503_131828,kbs_fullabl16_crossbranchgate_ili_pl36_seed2029,frwkv_crossbranchgate
ILI,36,CrossBranchGate,2030,1.551872,0.747717,parallel_run_20260503_131828,kbs_fullabl16_crossbranchgate_ili_pl36_seed2030,frwkv_crossbranchgate
ILI,36,CrossBranchGate,2031,1.496803,0.736822,parallel_run_20260503_131828,kbs_fullabl16_crossbranchgate_ili_pl36_seed2031,frwkv_crossbranchgate
ILI,36,CrossBranchGate,2032,1.506476,0.744795,parallel_run_20260503_131828,kbs_fullabl16_crossbranchgate_ili_pl36_seed2032,frwkv_crossbranchgate
ILI,36,CrossBranchGate,2033,1.655305,0.771394,parallel_run_20260503_131828,kbs_fullabl16_crossbranchgate_ili_pl36_seed2033,frwkv_crossbranchgate
ILI,36,CrossBranchGate,2034,1.474519,0.736556,parallel_run_20260503_131828,kbs_fullabl16_crossbranchgate_ili_pl36_seed2034,frwkv_crossbranchgate
ILI,36,CrossBranchGate,2035,1.442172,0.726942,parallel_run_20260503_131828,kbs_fullabl16_crossbranchgate_ili_pl36_seed2035,frwkv_crossbranchgate
ILI,36,CrossBranchGate,2036,1.74005,0.798166,parallel_run_20260503_131828,kbs_fullabl16_crossbranchgate_ili_pl36_seed2036,frwkv_crossbranchgate
ILI,36,CrossBranchGate,2037,1.552948,0.748512,parallel_run_20260503_131828,kbs_fullabl16_crossbranchgate_ili_pl36_seed2037,frwkv_crossbranchgate
ILI,36,CrossBranchGate,2038,1.69712,0.785228,parallel_run_20260503_131828,kbs_fullabl16_crossbranchgate_ili_pl36_seed2038,frwkv_crossbranchgate
ILI,36,CrossBranchGate,2039,1.632966,0.779125,parallel_run_20260503_131828,kbs_fullabl16_crossbranchgate_ili_pl36_seed2039,frwkv_crossbranchgate
ILI,36,CrossBranchPhaseGate,2024,1.530667,0.751104,parallel_run_20260503_131828,kbs_fullabl16_crossbranchphasegate_ili_pl36_seed2024,frwkv_crossbranchphasegate
ILI,36,CrossBranchPhaseGate,2025,1.577274,0.765936,parallel_run_20260503_131828,kbs_fullabl16_crossbranchphasegate_ili_pl36_seed2025,frwkv_crossbranchphasegate
ILI,36,CrossBranchPhaseGate,2026,1.470357,0.731024,parallel_run_20260503_131828,kbs_fullabl16_crossbranchphasegate_ili_pl36_seed2026,frwkv_crossbranchphasegate
ILI,36,CrossBranchPhaseGate,2027,1.647285,0.78897,parallel_run_20260503_131828,kbs_fullabl16_crossbranchphasegate_ili_pl36_seed2027,frwkv_crossbranchphasegate
ILI,36,CrossBranchPhaseGate,2028,1.936945,0.845369,parallel_run_20260503_131828,kbs_fullabl16_crossbranchphasegate_ili_pl36_seed2028,frwkv_crossbranchphasegate
ILI,36,CrossBranchPhaseGate,2029,1.557924,0.754543,parallel_run_20260503_131828,kbs_fullabl16_crossbranchphasegate_ili_pl36_seed2029,frwkv_crossbranchphasegate
ILI,36,CrossBranchPhaseGate,2030,1.528088,0.748596,parallel_run_20260503_131828,kbs_fullabl16_crossbranchphasegate_ili_pl36_seed2030,frwkv_crossbranchphasegate
ILI,36,CrossBranchPhaseGate,2031,1.503566,0.746256,parallel_run_20260503_131828,kbs_fullabl16_crossbranchphasegate_ili_pl36_seed2031,frwkv_crossbranchphasegate
ILI,36,CrossBranchPhaseGate,2032,1.58782,0.762194,parallel_run_20260503_131828,kbs_fullabl16_crossbranchphasegate_ili_pl36_seed2032,frwkv_crossbranchphasegate
ILI,36,CrossBranchPhaseGate,2033,1.544478,0.748855,parallel_run_20260503_131828,kbs_fullabl16_crossbranchphasegate_ili_pl36_seed2033,frwkv_crossbranchphasegate
ILI,36,CrossBranchPhaseGate,2034,1.491287,0.739711,parallel_run_20260503_131828,kbs_fullabl16_crossbranchphasegate_ili_pl36_seed2034,frwkv_crossbranchphasegate
ILI,36,CrossBranchPhaseGate,2035,1.454224,0.72435,parallel_run_20260503_131828,kbs_fullabl16_crossbranchphasegate_ili_pl36_seed2035,frwkv_crossbranchphasegate
ILI,36,CrossBranchPhaseGate,2036,1.631458,0.783894,parallel_run_20260503_131828,kbs_fullabl16_crossbranchphasegate_ili_pl36_seed2036,frwkv_crossbranchphasegate
ILI,36,CrossBranchPhaseGate,2037,1.49844,0.735066,parallel_run_20260503_131828,kbs_fullabl16_crossbranchphasegate_ili_pl36_seed2037,frwkv_crossbranchphasegate
ILI,36,CrossBranchPhaseGate,2038,1.595324,0.759471,parallel_run_20260503_131828,kbs_fullabl16_crossbranchphasegate_ili_pl36_seed2038,frwkv_crossbranchphasegate
ILI,36,CrossBranchPhaseGate,2039,1.500351,0.745598,parallel_run_20260503_131828,kbs_fullabl16_crossbranchphasegate_ili_pl36_seed2039,frwkv_crossbranchphasegate
ILI,36,FRWKV,2024,1.462683,0.736058,parallel_run_20260503_131828,kbs_fullabl16_frwkv_ili_pl36_seed2024,frwkv
ILI,36,FRWKV,2025,1.61253,0.769749,parallel_run_20260503_131828,kbs_fullabl16_frwkv_ili_pl36_seed2025,frwkv
ILI,36,FRWKV,2026,1.900687,0.824734,parallel_run_20260503_131828,kbs_fullabl16_frwkv_ili_pl36_seed2026,frwkv
ILI,36,FRWKV,2027,1.549136,0.754435,parallel_run_20260503_131828,kbs_fullabl16_frwkv_ili_pl36_seed2027,frwkv
ILI,36,FRWKV,2028,1.497882,0.736809,parallel_run_20260503_131828,kbs_fullabl16_frwkv_ili_pl36_seed2028,frwkv
ILI,36,FRWKV,2029,1.449791,0.732862,parallel_run_20260503_131828,kbs_fullabl16_frwkv_ili_pl36_seed2029,frwkv
ILI,36,FRWKV,2030,1.547612,0.753484,parallel_run_20260503_131828,kbs_fullabl16_frwkv_ili_pl36_seed2030,frwkv
ILI,36,FRWKV,2031,1.495967,0.741378,parallel_run_20260503_131828,kbs_fullabl16_frwkv_ili_pl36_seed2031,frwkv
ILI,36,FRWKV,2032,1.51851,0.742613,parallel_run_20260503_131828,kbs_fullabl16_frwkv_ili_pl36_seed2032,frwkv
ILI,36,FRWKV,2033,1.534239,0.747865,parallel_run_20260503_131828,kbs_fullabl16_frwkv_ili_pl36_seed2033,frwkv
ILI,36,FRWKV,2034,1.817249,0.804572,parallel_run_20260503_131828,kbs_fullabl16_frwkv_ili_pl36_seed2034,frwkv
ILI,36,FRWKV,2035,1.459334,0.728564,parallel_run_20260503_131828,kbs_fullabl16_frwkv_ili_pl36_seed2035,frwkv
ILI,36,FRWKV,2036,1.502267,0.742291,parallel_run_20260503_131828,kbs_fullabl16_frwkv_ili_pl36_seed2036,frwkv
ILI,36,FRWKV,2037,1.476487,0.733096,parallel_run_20260503_131828,kbs_fullabl16_frwkv_ili_pl36_seed2037,frwkv
ILI,36,FRWKV,2038,1.61884,0.773021,parallel_run_20260503_131828,kbs_fullabl16_frwkv_ili_pl36_seed2038,frwkv
ILI,36,FRWKV,2039,1.438807,0.727225,parallel_run_20260503_131828,kbs_fullabl16_frwkv_ili_pl36_seed2039,frwkv
ILI,36,FullContextDelta,2024,1.511646,0.749356,parallel_run_20260508_212616,kbs_fullctxdelta16_fullctxdelta_ili_pl36_seed2024,frwkv_crossbranchphasegate_fullcontextdelta
ILI,36,FullContextDelta,2025,1.55629,0.756721,parallel_run_20260508_212616,kbs_fullctxdelta16_fullctxdelta_ili_pl36_seed2025,frwkv_crossbranchphasegate_fullcontextdelta
ILI,36,FullContextDelta,2026,1.368297,0.710674,parallel_run_20260508_212616,kbs_fullctxdelta16_fullctxdelta_ili_pl36_seed2026,frwkv_crossbranchphasegate_fullcontextdelta
ILI,36,FullContextDelta,2027,1.567435,0.758013,parallel_run_20260508_212616,kbs_fullctxdelta16_fullctxdelta_ili_pl36_seed2027,frwkv_crossbranchphasegate_fullcontextdelta
ILI,36,FullContextDelta,2028,1.515624,0.74535,parallel_run_20260508_212616,kbs_fullctxdelta16_fullctxdelta_ili_pl36_seed2028,frwkv_crossbranchphasegate_fullcontextdelta
ILI,36,FullContextDelta,2029,1.509609,0.736559,parallel_run_20260508_212616,kbs_fullctxdelta16_fullctxdelta_ili_pl36_seed2029,frwkv_crossbranchphasegate_fullcontextdelta
ILI,36,FullContextDelta,2030,1.485372,0.727875,parallel_run_20260508_212616,kbs_fullctxdelta16_fullctxdelta_ili_pl36_seed2030,frwkv_crossbranchphasegate_fullcontextdelta
ILI,36,FullContextDelta,2031,1.749489,0.809514,parallel_run_20260508_212616,kbs_fullctxdelta16_fullctxdelta_ili_pl36_seed2031,frwkv_crossbranchphasegate_fullcontextdelta
ILI,36,FullContextDelta,2032,1.448183,0.73758,parallel_run_20260508_212616,kbs_fullctxdelta16_fullctxdelta_ili_pl36_seed2032,frwkv_crossbranchphasegate_fullcontextdelta
ILI,36,FullContextDelta,2033,1.508857,0.75427,parallel_run_20260508_212616,kbs_fullctxdelta16_fullctxdelta_ili_pl36_seed2033,frwkv_crossbranchphasegate_fullcontextdelta
ILI,36,FullContextDelta,2034,1.528747,0.743603,parallel_run_20260508_212616,kbs_fullctxdelta16_fullctxdelta_ili_pl36_seed2034,frwkv_crossbranchphasegate_fullcontextdelta
ILI,36,FullContextDelta,2035,1.564877,0.758948,parallel_run_20260508_212616,kbs_fullctxdelta16_fullctxdelta_ili_pl36_seed2035,frwkv_crossbranchphasegate_fullcontextdelta
ILI,36,FullContextDelta,2036,1.519687,0.749736,parallel_run_20260508_212616,kbs_fullctxdelta16_fullctxdelta_ili_pl36_seed2036,frwkv_crossbranchphasegate_fullcontextdelta
ILI,36,FullContextDelta,2037,1.396255,0.71474,parallel_run_20260508_212616,kbs_fullctxdelta16_fullctxdelta_ili_pl36_seed2037,frwkv_crossbranchphasegate_fullcontextdelta
ILI,36,FullContextDelta,2038,1.582634,0.761347,parallel_run_20260508_212616,kbs_fullctxdelta16_fullctxdelta_ili_pl36_seed2038,frwkv_crossbranchphasegate_fullcontextdelta
ILI,36,FullContextDelta,2039,1.501943,0.74263,parallel_run_20260508_212616,kbs_fullctxdelta16_fullctxdelta_ili_pl36_seed2039,frwkv_crossbranchphasegate_fullcontextdelta
ILI,48,Adaptive PhaseGate,2024,1.86641,0.828197,parallel_run_20260509_134027,kbs_adaptive16_ili_pl48_seed2024,frwkv_crossbranchperiodicpositiongate_adaptive
ILI,48,Adaptive PhaseGate,2025,1.901098,0.836734,parallel_run_20260509_134027,kbs_adaptive16_ili_pl48_seed2025,frwkv_crossbranchperiodicpositiongate_adaptive
ILI,48,Adaptive PhaseGate,2026,1.792672,0.805195,parallel_run_20260509_134027,kbs_adaptive16_ili_pl48_seed2026,frwkv_crossbranchperiodicpositiongate_adaptive
ILI,48,Adaptive PhaseGate,2027,1.930306,0.829975,parallel_run_20260509_134027,kbs_adaptive16_ili_pl48_seed2027,frwkv_crossbranchperiodicpositiongate_adaptive
ILI,48,Adaptive PhaseGate,2028,1.824368,0.810304,parallel_run_20260509_134027,kbs_adaptive16_ili_pl48_seed2028,frwkv_crossbranchperiodicpositiongate_adaptive
ILI,48,Adaptive PhaseGate,2029,1.920468,0.843597,parallel_run_20260509_134027,kbs_adaptive16_ili_pl48_seed2029,frwkv_crossbranchperiodicpositiongate_adaptive
ILI,48,Adaptive PhaseGate,2030,1.843657,0.825125,parallel_run_20260509_134027,kbs_adaptive16_ili_pl48_seed2030,frwkv_crossbranchperiodicpositiongate_adaptive
ILI,48,Adaptive PhaseGate,2031,1.895096,0.838348,parallel_run_20260509_134027,kbs_adaptive16_ili_pl48_seed2031,frwkv_crossbranchperiodicpositiongate_adaptive
ILI,48,Adaptive PhaseGate,2032,1.85874,0.819251,parallel_run_20260509_134027,kbs_adaptive16_ili_pl48_seed2032,frwkv_crossbranchperiodicpositiongate_adaptive
ILI,48,Adaptive PhaseGate,2033,1.935783,0.828522,parallel_run_20260509_134027,kbs_adaptive16_ili_pl48_seed2033,frwkv_crossbranchperiodicpositiongate_adaptive
ILI,48,Adaptive PhaseGate,2034,1.868081,0.817469,parallel_run_20260509_134027,kbs_adaptive16_ili_pl48_seed2034,frwkv_crossbranchperiodicpositiongate_adaptive
ILI,48,Adaptive PhaseGate,2035,1.835641,0.821027,parallel_run_20260509_134027,kbs_adaptive16_ili_pl48_seed2035,frwkv_crossbranchperiodicpositiongate_adaptive
ILI,48,Adaptive PhaseGate,2036,1.811928,0.810797,parallel_run_20260509_134027,kbs_adaptive16_ili_pl48_seed2036,frwkv_crossbranchperiodicpositiongate_adaptive
ILI,48,Adaptive PhaseGate,2037,1.746409,0.793697,parallel_run_20260509_134027,kbs_adaptive16_ili_pl48_seed2037,frwkv_crossbranchperiodicpositiongate_adaptive
ILI,48,Adaptive PhaseGate,2038,1.839852,0.825557,parallel_run_20260509_134027,kbs_adaptive16_ili_pl48_seed2038,frwkv_crossbranchperiodicpositiongate_adaptive
ILI,48,Adaptive PhaseGate,2039,1.897726,0.831857,parallel_run_20260509_134027,kbs_adaptive16_ili_pl48_seed2039,frwkv_crossbranchperiodicpositiongate_adaptive
ILI,48,CrossBranchGate,2024,1.831615,0.820993,parallel_run_20260503_131828,kbs_fullabl16_crossbranchgate_ili_pl48_seed2024,frwkv_crossbranchgate
ILI,48,CrossBranchGate,2025,1.7949,0.797192,parallel_run_20260503_131828,kbs_fullabl16_crossbranchgate_ili_pl48_seed2025,frwkv_crossbranchgate
ILI,48,CrossBranchGate,2026,1.765049,0.804464,parallel_run_20260503_131828,kbs_fullabl16_crossbranchgate_ili_pl48_seed2026,frwkv_crossbranchgate
ILI,48,CrossBranchGate,2027,1.810558,0.820606,parallel_run_20260503_131828,kbs_fullabl16_crossbranchgate_ili_pl48_seed2027,frwkv_crossbranchgate
ILI,48,CrossBranchGate,2028,1.825102,0.81745,parallel_run_20260503_131828,kbs_fullabl16_crossbranchgate_ili_pl48_seed2028,frwkv_crossbranchgate
ILI,48,CrossBranchGate,2029,1.883187,0.819719,parallel_run_20260503_131828,kbs_fullabl16_crossbranchgate_ili_pl48_seed2029,frwkv_crossbranchgate
ILI,48,CrossBranchGate,2030,1.858885,0.823995,parallel_run_20260503_131828,kbs_fullabl16_crossbranchgate_ili_pl48_seed2030,frwkv_crossbranchgate
ILI,48,CrossBranchGate,2031,1.876021,0.825582,parallel_run_20260503_131828,kbs_fullabl16_crossbranchgate_ili_pl48_seed2031,frwkv_crossbranchgate
ILI,48,CrossBranchGate,2032,1.820698,0.803841,parallel_run_20260503_131828,kbs_fullabl16_crossbranchgate_ili_pl48_seed2032,frwkv_crossbranchgate
ILI,48,CrossBranchGate,2033,1.814805,0.809798,parallel_run_20260503_131828,kbs_fullabl16_crossbranchgate_ili_pl48_seed2033,frwkv_crossbranchgate
ILI,48,CrossBranchGate,2034,1.770153,0.808283,parallel_run_20260503_131828,kbs_fullabl16_crossbranchgate_ili_pl48_seed2034,frwkv_crossbranchgate
ILI,48,CrossBranchGate,2035,1.83195,0.81829,parallel_run_20260503_131828,kbs_fullabl16_crossbranchgate_ili_pl48_seed2035,frwkv_crossbranchgate
ILI,48,CrossBranchGate,2036,1.782968,0.799319,parallel_run_20260503_131828,kbs_fullabl16_crossbranchgate_ili_pl48_seed2036,frwkv_crossbranchgate
ILI,48,CrossBranchGate,2037,1.824929,0.804059,parallel_run_20260503_131828,kbs_fullabl16_crossbranchgate_ili_pl48_seed2037,frwkv_crossbranchgate
ILI,48,CrossBranchGate,2038,1.853932,0.818583,parallel_run_20260503_131828,kbs_fullabl16_crossbranchgate_ili_pl48_seed2038,frwkv_crossbranchgate
ILI,48,CrossBranchGate,2039,1.7709,0.788327,parallel_run_20260503_131828,kbs_fullabl16_crossbranchgate_ili_pl48_seed2039,frwkv_crossbranchgate
ILI,48,CrossBranchPhaseGate,2024,1.85403,0.822181,parallel_run_20260503_131828,kbs_fullabl16_crossbranchphasegate_ili_pl48_seed2024,frwkv_crossbranchphasegate
ILI,48,CrossBranchPhaseGate,2025,1.877716,0.813928,parallel_run_20260503_131828,kbs_fullabl16_crossbranchphasegate_ili_pl48_seed2025,frwkv_crossbranchphasegate
ILI,48,CrossBranchPhaseGate,2026,1.826806,0.821568,parallel_run_20260503_131828,kbs_fullabl16_crossbranchphasegate_ili_pl48_seed2026,frwkv_crossbranchphasegate
ILI,48,CrossBranchPhaseGate,2027,1.817843,0.820562,parallel_run_20260503_131828,kbs_fullabl16_crossbranchphasegate_ili_pl48_seed2027,frwkv_crossbranchphasegate
ILI,48,CrossBranchPhaseGate,2028,1.783269,0.802575,parallel_run_20260503_131828,kbs_fullabl16_crossbranchphasegate_ili_pl48_seed2028,frwkv_crossbranchphasegate
ILI,48,CrossBranchPhaseGate,2029,1.916996,0.833113,parallel_run_20260503_131828,kbs_fullabl16_crossbranchphasegate_ili_pl48_seed2029,frwkv_crossbranchphasegate
ILI,48,CrossBranchPhaseGate,2030,1.752231,0.794604,parallel_run_20260503_131828,kbs_fullabl16_crossbranchphasegate_ili_pl48_seed2030,frwkv_crossbranchphasegate
ILI,48,CrossBranchPhaseGate,2031,1.790181,0.811192,parallel_run_20260503_131828,kbs_fullabl16_crossbranchphasegate_ili_pl48_seed2031,frwkv_crossbranchphasegate
ILI,48,CrossBranchPhaseGate,2032,1.867955,0.83142,parallel_run_20260503_131828,kbs_fullabl16_crossbranchphasegate_ili_pl48_seed2032,frwkv_crossbranchphasegate
ILI,48,CrossBranchPhaseGate,2033,1.788419,0.806996,parallel_run_20260503_131828,kbs_fullabl16_crossbranchphasegate_ili_pl48_seed2033,frwkv_crossbranchphasegate
ILI,48,CrossBranchPhaseGate,2034,1.894801,0.836893,parallel_run_20260503_131828,kbs_fullabl16_crossbranchphasegate_ili_pl48_seed2034,frwkv_crossbranchphasegate
ILI,48,CrossBranchPhaseGate,2035,1.814476,0.811,parallel_run_20260503_131828,kbs_fullabl16_crossbranchphasegate_ili_pl48_seed2035,frwkv_crossbranchphasegate
ILI,48,CrossBranchPhaseGate,2036,1.830293,0.817738,parallel_run_20260503_131828,kbs_fullabl16_crossbranchphasegate_ili_pl48_seed2036,frwkv_crossbranchphasegate
ILI,48,CrossBranchPhaseGate,2037,1.734144,0.792931,parallel_run_20260503_131828,kbs_fullabl16_crossbranchphasegate_ili_pl48_seed2037,frwkv_crossbranchphasegate
ILI,48,CrossBranchPhaseGate,2038,1.857237,0.817031,parallel_run_20260503_131828,kbs_fullabl16_crossbranchphasegate_ili_pl48_seed2038,frwkv_crossbranchphasegate
ILI,48,CrossBranchPhaseGate,2039,1.815363,0.818333,parallel_run_20260503_131828,kbs_fullabl16_crossbranchphasegate_ili_pl48_seed2039,frwkv_crossbranchphasegate
ILI,48,FRWKV,2024,1.808977,0.81087,parallel_run_20260503_131828,kbs_fullabl16_frwkv_ili_pl48_seed2024,frwkv
ILI,48,FRWKV,2025,1.843124,0.813457,parallel_run_20260503_131828,kbs_fullabl16_frwkv_ili_pl48_seed2025,frwkv
ILI,48,FRWKV,2026,1.863147,0.825133,parallel_run_20260503_131828,kbs_fullabl16_frwkv_ili_pl48_seed2026,frwkv
ILI,48,FRWKV,2027,1.823626,0.818911,parallel_run_20260503_131828,kbs_fullabl16_frwkv_ili_pl48_seed2027,frwkv
ILI,48,FRWKV,2028,1.825322,0.810678,parallel_run_20260503_131828,kbs_fullabl16_frwkv_ili_pl48_seed2028,frwkv
ILI,48,FRWKV,2029,1.834102,0.818763,parallel_run_20260503_131828,kbs_fullabl16_frwkv_ili_pl48_seed2029,frwkv
ILI,48,FRWKV,2030,1.914806,0.830302,parallel_run_20260503_131828,kbs_fullabl16_frwkv_ili_pl48_seed2030,frwkv
ILI,48,FRWKV,2031,1.85397,0.818126,parallel_run_20260503_131828,kbs_fullabl16_frwkv_ili_pl48_seed2031,frwkv
ILI,48,FRWKV,2032,1.871639,0.827446,parallel_run_20260503_131828,kbs_fullabl16_frwkv_ili_pl48_seed2032,frwkv
ILI,48,FRWKV,2033,1.865226,0.825029,parallel_run_20260503_131828,kbs_fullabl16_frwkv_ili_pl48_seed2033,frwkv
ILI,48,FRWKV,2034,1.887553,0.829099,parallel_run_20260503_131828,kbs_fullabl16_frwkv_ili_pl48_seed2034,frwkv
ILI,48,FRWKV,2035,1.774357,0.806482,parallel_run_20260503_131828,kbs_fullabl16_frwkv_ili_pl48_seed2035,frwkv
ILI,48,FRWKV,2036,1.854974,0.817352,parallel_run_20260503_131828,kbs_fullabl16_frwkv_ili_pl48_seed2036,frwkv
ILI,48,FRWKV,2037,1.827585,0.801393,parallel_run_20260503_131828,kbs_fullabl16_frwkv_ili_pl48_seed2037,frwkv
ILI,48,FRWKV,2038,1.87744,0.826934,parallel_run_20260503_131828,kbs_fullabl16_frwkv_ili_pl48_seed2038,frwkv
ILI,48,FRWKV,2039,1.871276,0.832817,parallel_run_20260503_131828,kbs_fullabl16_frwkv_ili_pl48_seed2039,frwkv
ILI,48,FullContextDelta,2024,1.867416,0.829057,parallel_run_20260508_212616,kbs_fullctxdelta16_fullctxdelta_ili_pl48_seed2024,frwkv_crossbranchphasegate_fullcontextdelta
ILI,48,FullContextDelta,2025,1.846505,0.817727,parallel_run_20260508_212616,kbs_fullctxdelta16_fullctxdelta_ili_pl48_seed2025,frwkv_crossbranchphasegate_fullcontextdelta
ILI,48,FullContextDelta,2026,1.815185,0.809469,parallel_run_20260508_212616,kbs_fullctxdelta16_fullctxdelta_ili_pl48_seed2026,frwkv_crossbranchphasegate_fullcontextdelta
ILI,48,FullContextDelta,2027,1.798055,0.811163,parallel_run_20260508_212616,kbs_fullctxdelta16_fullctxdelta_ili_pl48_seed2027,frwkv_crossbranchphasegate_fullcontextdelta
ILI,48,FullContextDelta,2028,1.826804,0.813288,parallel_run_20260508_212616,kbs_fullctxdelta16_fullctxdelta_ili_pl48_seed2028,frwkv_crossbranchphasegate_fullcontextdelta
ILI,48,FullContextDelta,2029,1.780247,0.801989,parallel_run_20260508_212616,kbs_fullctxdelta16_fullctxdelta_ili_pl48_seed2029,frwkv_crossbranchphasegate_fullcontextdelta
ILI,48,FullContextDelta,2030,1.797765,0.797004,parallel_run_20260508_212616,kbs_fullctxdelta16_fullctxdelta_ili_pl48_seed2030,frwkv_crossbranchphasegate_fullcontextdelta
ILI,48,FullContextDelta,2031,1.894545,0.828955,parallel_run_20260508_212616,kbs_fullctxdelta16_fullctxdelta_ili_pl48_seed2031,frwkv_crossbranchphasegate_fullcontextdelta
ILI,48,FullContextDelta,2032,1.839717,0.824386,parallel_run_20260508_212616,kbs_fullctxdelta16_fullctxdelta_ili_pl48_seed2032,frwkv_crossbranchphasegate_fullcontextdelta
ILI,48,FullContextDelta,2033,1.882804,0.822546,parallel_run_20260508_212616,kbs_fullctxdelta16_fullctxdelta_ili_pl48_seed2033,frwkv_crossbranchphasegate_fullcontextdelta
ILI,48,FullContextDelta,2034,1.80179,0.81738,parallel_run_20260508_212616,kbs_fullctxdelta16_fullctxdelta_ili_pl48_seed2034,frwkv_crossbranchphasegate_fullcontextdelta
ILI,48,FullContextDelta,2035,1.832985,0.807552,parallel_run_20260508_212616,kbs_fullctxdelta16_fullctxdelta_ili_pl48_seed2035,frwkv_crossbranchphasegate_fullcontextdelta
ILI,48,FullContextDelta,2036,1.889564,0.823192,parallel_run_20260508_212616,kbs_fullctxdelta16_fullctxdelta_ili_pl48_seed2036,frwkv_crossbranchphasegate_fullcontextdelta
ILI,48,FullContextDelta,2037,1.811766,0.803291,parallel_run_20260508_212616,kbs_fullctxdelta16_fullctxdelta_ili_pl48_seed2037,frwkv_crossbranchphasegate_fullcontextdelta
ILI,48,FullContextDelta,2038,1.862493,0.816063,parallel_run_20260508_212616,kbs_fullctxdelta16_fullctxdelta_ili_pl48_seed2038,frwkv_crossbranchphasegate_fullcontextdelta
ILI,48,FullContextDelta,2039,1.885455,0.828436,parallel_run_20260508_212616,kbs_fullctxdelta16_fullctxdelta_ili_pl48_seed2039,frwkv_crossbranchphasegate_fullcontextdelta
ILI,60,Adaptive PhaseGate,2024,1.621008,0.786949,parallel_run_20260509_134027,kbs_adaptive16_ili_pl60_seed2024,frwkv_crossbranchperiodicpositiongate_adaptive
ILI,60,Adaptive PhaseGate,2025,1.702817,0.802537,parallel_run_20260509_134027,kbs_adaptive16_ili_pl60_seed2025,frwkv_crossbranchperiodicpositiongate_adaptive
ILI,60,Adaptive PhaseGate,2026,1.625586,0.780014,parallel_run_20260509_134027,kbs_adaptive16_ili_pl60_seed2026,frwkv_crossbranchperiodicpositiongate_adaptive
ILI,60,Adaptive PhaseGate,2027,1.704399,0.808913,parallel_run_20260509_134027,kbs_adaptive16_ili_pl60_seed2027,frwkv_crossbranchperiodicpositiongate_adaptive
ILI,60,Adaptive PhaseGate,2028,1.693855,0.805662,parallel_run_20260509_134027,kbs_adaptive16_ili_pl60_seed2028,frwkv_crossbranchperiodicpositiongate_adaptive
ILI,60,Adaptive PhaseGate,2029,1.651487,0.792349,parallel_run_20260509_134027,kbs_adaptive16_ili_pl60_seed2029,frwkv_crossbranchperiodicpositiongate_adaptive
ILI,60,Adaptive PhaseGate,2030,1.621823,0.781399,parallel_run_20260509_134027,kbs_adaptive16_ili_pl60_seed2030,frwkv_crossbranchperiodicpositiongate_adaptive
ILI,60,Adaptive PhaseGate,2031,1.672992,0.796836,parallel_run_20260509_134027,kbs_adaptive16_ili_pl60_seed2031,frwkv_crossbranchperiodicpositiongate_adaptive
ILI,60,Adaptive PhaseGate,2032,1.668652,0.794528,parallel_run_20260509_134027,kbs_adaptive16_ili_pl60_seed2032,frwkv_crossbranchperiodicpositiongate_adaptive
ILI,60,Adaptive PhaseGate,2033,1.617925,0.777307,parallel_run_20260509_134027,kbs_adaptive16_ili_pl60_seed2033,frwkv_crossbranchperiodicpositiongate_adaptive
ILI,60,Adaptive PhaseGate,2034,1.659843,0.795247,parallel_run_20260509_134027,kbs_adaptive16_ili_pl60_seed2034,frwkv_crossbranchperiodicpositiongate_adaptive
ILI,60,Adaptive PhaseGate,2035,1.702188,0.80392,parallel_run_20260509_134027,kbs_adaptive16_ili_pl60_seed2035,frwkv_crossbranchperiodicpositiongate_adaptive
ILI,60,Adaptive PhaseGate,2036,1.693767,0.800358,parallel_run_20260509_134027,kbs_adaptive16_ili_pl60_seed2036,frwkv_crossbranchperiodicpositiongate_adaptive
ILI,60,Adaptive PhaseGate,2037,1.66092,0.790531,parallel_run_20260509_134027,kbs_adaptive16_ili_pl60_seed2037,frwkv_crossbranchperiodicpositiongate_adaptive
ILI,60,Adaptive PhaseGate,2038,1.766247,0.823093,parallel_run_20260509_134027,kbs_adaptive16_ili_pl60_seed2038,frwkv_crossbranchperiodicpositiongate_adaptive
ILI,60,Adaptive PhaseGate,2039,1.717495,0.808163,parallel_run_20260509_134027,kbs_adaptive16_ili_pl60_seed2039,frwkv_crossbranchperiodicpositiongate_adaptive
ILI,60,CrossBranchGate,2024,1.656925,0.792879,parallel_run_20260503_131828,kbs_fullabl16_crossbranchgate_ili_pl60_seed2024,frwkv_crossbranchgate
ILI,60,CrossBranchGate,2025,1.675557,0.793687,parallel_run_20260503_131828,kbs_fullabl16_crossbranchgate_ili_pl60_seed2025,frwkv_crossbranchgate
ILI,60,CrossBranchGate,2026,1.677062,0.797072,parallel_run_20260503_131828,kbs_fullabl16_crossbranchgate_ili_pl60_seed2026,frwkv_crossbranchgate
ILI,60,CrossBranchGate,2027,1.717488,0.807483,parallel_run_20260503_131828,kbs_fullabl16_crossbranchgate_ili_pl60_seed2027,frwkv_crossbranchgate
ILI,60,CrossBranchGate,2028,1.624449,0.780179,parallel_run_20260503_131828,kbs_fullabl16_crossbranchgate_ili_pl60_seed2028,frwkv_crossbranchgate
ILI,60,CrossBranchGate,2029,1.655312,0.793309,parallel_run_20260503_131828,kbs_fullabl16_crossbranchgate_ili_pl60_seed2029,frwkv_crossbranchgate
ILI,60,CrossBranchGate,2030,1.647498,0.793331,parallel_run_20260503_131828,kbs_fullabl16_crossbranchgate_ili_pl60_seed2030,frwkv_crossbranchgate
ILI,60,CrossBranchGate,2031,1.678735,0.799692,parallel_run_20260503_131828,kbs_fullabl16_crossbranchgate_ili_pl60_seed2031,frwkv_crossbranchgate
ILI,60,CrossBranchGate,2032,1.636128,0.787201,parallel_run_20260503_131828,kbs_fullabl16_crossbranchgate_ili_pl60_seed2032,frwkv_crossbranchgate
ILI,60,CrossBranchGate,2033,1.724702,0.808503,parallel_run_20260503_131828,kbs_fullabl16_crossbranchgate_ili_pl60_seed2033,frwkv_crossbranchgate
ILI,60,CrossBranchGate,2034,1.693577,0.801604,parallel_run_20260503_131828,kbs_fullabl16_crossbranchgate_ili_pl60_seed2034,frwkv_crossbranchgate
ILI,60,CrossBranchGate,2035,1.698368,0.793224,parallel_run_20260503_131828,kbs_fullabl16_crossbranchgate_ili_pl60_seed2035,frwkv_crossbranchgate
ILI,60,CrossBranchGate,2036,1.652811,0.78716,parallel_run_20260503_131828,kbs_fullabl16_crossbranchgate_ili_pl60_seed2036,frwkv_crossbranchgate
ILI,60,CrossBranchGate,2037,1.663972,0.795566,parallel_run_20260503_131828,kbs_fullabl16_crossbranchgate_ili_pl60_seed2037,frwkv_crossbranchgate
ILI,60,CrossBranchGate,2038,1.693566,0.800433,parallel_run_20260503_131828,kbs_fullabl16_crossbranchgate_ili_pl60_seed2038,frwkv_crossbranchgate
ILI,60,CrossBranchGate,2039,1.669831,0.79523,parallel_run_20260503_131828,kbs_fullabl16_crossbranchgate_ili_pl60_seed2039,frwkv_crossbranchgate
ILI,60,CrossBranchPhaseGate,2024,1.651035,0.794023,parallel_run_20260503_131828,kbs_fullabl16_crossbranchphasegate_ili_pl60_seed2024,frwkv_crossbranchphasegate
ILI,60,CrossBranchPhaseGate,2025,1.703622,0.805407,parallel_run_20260503_131828,kbs_fullabl16_crossbranchphasegate_ili_pl60_seed2025,frwkv_crossbranchphasegate
ILI,60,CrossBranchPhaseGate,2026,1.654261,0.782147,parallel_run_20260503_131828,kbs_fullabl16_crossbranchphasegate_ili_pl60_seed2026,frwkv_crossbranchphasegate
ILI,60,CrossBranchPhaseGate,2027,1.72416,0.80976,parallel_run_20260503_131828,kbs_fullabl16_crossbranchphasegate_ili_pl60_seed2027,frwkv_crossbranchphasegate
ILI,60,CrossBranchPhaseGate,2028,1.652805,0.788374,parallel_run_20260503_131828,kbs_fullabl16_crossbranchphasegate_ili_pl60_seed2028,frwkv_crossbranchphasegate
ILI,60,CrossBranchPhaseGate,2029,1.651693,0.790716,parallel_run_20260503_131828,kbs_fullabl16_crossbranchphasegate_ili_pl60_seed2029,frwkv_crossbranchphasegate
ILI,60,CrossBranchPhaseGate,2030,1.677108,0.79437,parallel_run_20260503_131828,kbs_fullabl16_crossbranchphasegate_ili_pl60_seed2030,frwkv_crossbranchphasegate
ILI,60,CrossBranchPhaseGate,2031,1.666882,0.795904,parallel_run_20260503_131828,kbs_fullabl16_crossbranchphasegate_ili_pl60_seed2031,frwkv_crossbranchphasegate
ILI,60,CrossBranchPhaseGate,2032,1.655357,0.795248,parallel_run_20260503_131828,kbs_fullabl16_crossbranchphasegate_ili_pl60_seed2032,frwkv_crossbranchphasegate
ILI,60,CrossBranchPhaseGate,2033,1.632324,0.787109,parallel_run_20260503_131828,kbs_fullabl16_crossbranchphasegate_ili_pl60_seed2033,frwkv_crossbranchphasegate
ILI,60,CrossBranchPhaseGate,2034,1.746811,0.81699,parallel_run_20260503_131828,kbs_fullabl16_crossbranchphasegate_ili_pl60_seed2034,frwkv_crossbranchphasegate
ILI,60,CrossBranchPhaseGate,2035,1.690069,0.80411,parallel_run_20260503_131828,kbs_fullabl16_crossbranchphasegate_ili_pl60_seed2035,frwkv_crossbranchphasegate
ILI,60,CrossBranchPhaseGate,2036,1.684248,0.793412,parallel_run_20260503_131828,kbs_fullabl16_crossbranchphasegate_ili_pl60_seed2036,frwkv_crossbranchphasegate
ILI,60,CrossBranchPhaseGate,2037,1.636331,0.783875,parallel_run_20260503_131828,kbs_fullabl16_crossbranchphasegate_ili_pl60_seed2037,frwkv_crossbranchphasegate
ILI,60,CrossBranchPhaseGate,2038,1.720685,0.80721,parallel_run_20260503_131828,kbs_fullabl16_crossbranchphasegate_ili_pl60_seed2038,frwkv_crossbranchphasegate
ILI,60,CrossBranchPhaseGate,2039,1.647371,0.783733,parallel_run_20260503_131828,kbs_fullabl16_crossbranchphasegate_ili_pl60_seed2039,frwkv_crossbranchphasegate
ILI,60,FRWKV,2024,1.690766,0.804107,parallel_run_20260503_131828,kbs_fullabl16_frwkv_ili_pl60_seed2024,frwkv
ILI,60,FRWKV,2025,1.698063,0.801318,parallel_run_20260503_131828,kbs_fullabl16_frwkv_ili_pl60_seed2025,frwkv
ILI,60,FRWKV,2026,1.692071,0.799301,parallel_run_20260503_131828,kbs_fullabl16_frwkv_ili_pl60_seed2026,frwkv
ILI,60,FRWKV,2027,1.649966,0.785071,parallel_run_20260503_131828,kbs_fullabl16_frwkv_ili_pl60_seed2027,frwkv
ILI,60,FRWKV,2028,1.682481,0.796649,parallel_run_20260503_131828,kbs_fullabl16_frwkv_ili_pl60_seed2028,frwkv
ILI,60,FRWKV,2029,1.718923,0.805659,parallel_run_20260503_131828,kbs_fullabl16_frwkv_ili_pl60_seed2029,frwkv
ILI,60,FRWKV,2030,1.736466,0.816468,parallel_run_20260503_131828,kbs_fullabl16_frwkv_ili_pl60_seed2030,frwkv
ILI,60,FRWKV,2031,1.678073,0.800689,parallel_run_20260503_131828,kbs_fullabl16_frwkv_ili_pl60_seed2031,frwkv
ILI,60,FRWKV,2032,1.692271,0.8016,parallel_run_20260503_131828,kbs_fullabl16_frwkv_ili_pl60_seed2032,frwkv
ILI,60,FRWKV,2033,1.680321,0.800029,parallel_run_20260503_131828,kbs_fullabl16_frwkv_ili_pl60_seed2033,frwkv
ILI,60,FRWKV,2034,1.687569,0.793447,parallel_run_20260503_131828,kbs_fullabl16_frwkv_ili_pl60_seed2034,frwkv
ILI,60,FRWKV,2035,1.692085,0.798558,parallel_run_20260503_131828,kbs_fullabl16_frwkv_ili_pl60_seed2035,frwkv
ILI,60,FRWKV,2036,1.692789,0.798514,parallel_run_20260503_131828,kbs_fullabl16_frwkv_ili_pl60_seed2036,frwkv
ILI,60,FRWKV,2037,1.653163,0.791589,parallel_run_20260503_131828,kbs_fullabl16_frwkv_ili_pl60_seed2037,frwkv
ILI,60,FRWKV,2038,1.706827,0.806858,parallel_run_20260503_131828,kbs_fullabl16_frwkv_ili_pl60_seed2038,frwkv
ILI,60,FRWKV,2039,1.665122,0.795925,parallel_run_20260503_131828,kbs_fullabl16_frwkv_ili_pl60_seed2039,frwkv
ILI,60,FullContextDelta,2024,1.688863,0.800485,parallel_run_20260508_212616,kbs_fullctxdelta16_fullctxdelta_ili_pl60_seed2024,frwkv_crossbranchphasegate_fullcontextdelta
ILI,60,FullContextDelta,2025,1.652417,0.792106,parallel_run_20260508_212616,kbs_fullctxdelta16_fullctxdelta_ili_pl60_seed2025,frwkv_crossbranchphasegate_fullcontextdelta
ILI,60,FullContextDelta,2026,1.695034,0.805348,parallel_run_20260508_212616,kbs_fullctxdelta16_fullctxdelta_ili_pl60_seed2026,frwkv_crossbranchphasegate_fullcontextdelta
ILI,60,FullContextDelta,2027,1.701385,0.797057,parallel_run_20260508_212616,kbs_fullctxdelta16_fullctxdelta_ili_pl60_seed2027,frwkv_crossbranchphasegate_fullcontextdelta
ILI,60,FullContextDelta,2028,1.653658,0.789998,parallel_run_20260508_212616,kbs_fullctxdelta16_fullctxdelta_ili_pl60_seed2028,frwkv_crossbranchphasegate_fullcontextdelta
ILI,60,FullContextDelta,2029,1.677803,0.801526,parallel_run_20260508_212616,kbs_fullctxdelta16_fullctxdelta_ili_pl60_seed2029,frwkv_crossbranchphasegate_fullcontextdelta
ILI,60,FullContextDelta,2030,1.653249,0.784765,parallel_run_20260508_212616,kbs_fullctxdelta16_fullctxdelta_ili_pl60_seed2030,frwkv_crossbranchphasegate_fullcontextdelta
ILI,60,FullContextDelta,2031,1.696064,0.806296,parallel_run_20260508_212616,kbs_fullctxdelta16_fullctxdelta_ili_pl60_seed2031,frwkv_crossbranchphasegate_fullcontextdelta
ILI,60,FullContextDelta,2032,1.655332,0.789972,parallel_run_20260508_212616,kbs_fullctxdelta16_fullctxdelta_ili_pl60_seed2032,frwkv_crossbranchphasegate_fullcontextdelta
ILI,60,FullContextDelta,2033,1.644525,0.789335,parallel_run_20260508_212616,kbs_fullctxdelta16_fullctxdelta_ili_pl60_seed2033,frwkv_crossbranchphasegate_fullcontextdelta
ILI,60,FullContextDelta,2034,1.700579,0.807043,parallel_run_20260508_212616,kbs_fullctxdelta16_fullctxdelta_ili_pl60_seed2034,frwkv_crossbranchphasegate_fullcontextdelta
ILI,60,FullContextDelta,2035,1.662781,0.793007,parallel_run_20260508_212616,kbs_fullctxdelta16_fullctxdelta_ili_pl60_seed2035,frwkv_crossbranchphasegate_fullcontextdelta
ILI,60,FullContextDelta,2036,1.641012,0.7821,parallel_run_20260508_212616,kbs_fullctxdelta16_fullctxdelta_ili_pl60_seed2036,frwkv_crossbranchphasegate_fullcontextdelta
ILI,60,FullContextDelta,2037,1.671556,0.795145,parallel_run_20260508_212616,kbs_fullctxdelta16_fullctxdelta_ili_pl60_seed2037,frwkv_crossbranchphasegate_fullcontextdelta
ILI,60,FullContextDelta,2038,1.664713,0.791586,parallel_run_20260508_212616,kbs_fullctxdelta16_fullctxdelta_ili_pl60_seed2038,frwkv_crossbranchphasegate_fullcontextdelta
ILI,60,FullContextDelta,2039,1.695879,0.808601,parallel_run_20260508_212616,kbs_fullctxdelta16_fullctxdelta_ili_pl60_seed2039,frwkv_crossbranchphasegate_fullcontextdelta
Weather,96,Adaptive PhaseGate,2024,0.16044,0.196996,parallel_run_20260509_134027,kbs_adaptive16_weather_pl96_seed2024,frwkv_crossbranchperiodicpositiongate_adaptive
Weather,96,Adaptive PhaseGate,2025,0.159167,0.195553,parallel_run_20260509_134027,kbs_adaptive16_weather_pl96_seed2025,frwkv_crossbranchperiodicpositiongate_adaptive
Weather,96,Adaptive PhaseGate,2026,0.157001,0.192449,parallel_run_20260509_134027,kbs_adaptive16_weather_pl96_seed2026,frwkv_crossbranchperiodicpositiongate_adaptive
Weather,96,Adaptive PhaseGate,2027,0.15928,0.195967,parallel_run_20260509_134027,kbs_adaptive16_weather_pl96_seed2027,frwkv_crossbranchperiodicpositiongate_adaptive
Weather,96,Adaptive PhaseGate,2028,0.15933,0.194065,parallel_run_20260509_134027,kbs_adaptive16_weather_pl96_seed2028,frwkv_crossbranchperiodicpositiongate_adaptive
Weather,96,Adaptive PhaseGate,2029,0.161528,0.198336,parallel_run_20260509_134027,kbs_adaptive16_weather_pl96_seed2029,frwkv_crossbranchperiodicpositiongate_adaptive
Weather,96,Adaptive PhaseGate,2030,0.158438,0.194937,parallel_run_20260509_134027,kbs_adaptive16_weather_pl96_seed2030,frwkv_crossbranchperiodicpositiongate_adaptive
Weather,96,Adaptive PhaseGate,2031,0.15797,0.194634,parallel_run_20260509_134027,kbs_adaptive16_weather_pl96_seed2031,frwkv_crossbranchperiodicpositiongate_adaptive
Weather,96,Adaptive PhaseGate,2032,0.159249,0.195798,parallel_run_20260509_134027,kbs_adaptive16_weather_pl96_seed2032,frwkv_crossbranchperiodicpositiongate_adaptive
Weather,96,Adaptive PhaseGate,2033,0.157653,0.194173,parallel_run_20260509_134027,kbs_adaptive16_weather_pl96_seed2033,frwkv_crossbranchperiodicpositiongate_adaptive
Weather,96,Adaptive PhaseGate,2034,0.159755,0.196292,parallel_run_20260509_134027,kbs_adaptive16_weather_pl96_seed2034,frwkv_crossbranchperiodicpositiongate_adaptive
Weather,96,Adaptive PhaseGate,2035,0.159168,0.195571,parallel_run_20260509_134027,kbs_adaptive16_weather_pl96_seed2035,frwkv_crossbranchperiodicpositiongate_adaptive
Weather,96,Adaptive PhaseGate,2036,0.158314,0.1946,parallel_run_20260509_134027,kbs_adaptive16_weather_pl96_seed2036,frwkv_crossbranchperiodicpositiongate_adaptive
Weather,96,Adaptive PhaseGate,2037,0.159659,0.196082,parallel_run_20260509_134027,kbs_adaptive16_weather_pl96_seed2037,frwkv_crossbranchperiodicpositiongate_adaptive
Weather,96,Adaptive PhaseGate,2038,0.162677,0.198908,parallel_run_20260509_134027,kbs_adaptive16_weather_pl96_seed2038,frwkv_crossbranchperiodicpositiongate_adaptive
Weather,96,Adaptive PhaseGate,2039,0.160395,0.196083,parallel_run_20260509_134027,kbs_adaptive16_weather_pl96_seed2039,frwkv_crossbranchperiodicpositiongate_adaptive
Weather,96,CrossBranchGate,2024,0.157713,0.19416,parallel_run_20260503_131828,kbs_fullabl16_crossbranchgate_weather_pl96_seed2024,frwkv_crossbranchgate
Weather,96,CrossBranchGate,2025,0.159958,0.19626,parallel_run_20260503_131828,kbs_fullabl16_crossbranchgate_weather_pl96_seed2025,frwkv_crossbranchgate
Weather,96,CrossBranchGate,2026,0.159273,0.195619,parallel_run_20260503_131828,kbs_fullabl16_crossbranchgate_weather_pl96_seed2026,frwkv_crossbranchgate
Weather,96,CrossBranchGate,2027,0.15851,0.194476,parallel_run_20260503_131828,kbs_fullabl16_crossbranchgate_weather_pl96_seed2027,frwkv_crossbranchgate
Weather,96,CrossBranchGate,2028,0.159275,0.196516,parallel_run_20260503_131828,kbs_fullabl16_crossbranchgate_weather_pl96_seed2028,frwkv_crossbranchgate
Weather,96,CrossBranchGate,2029,0.156752,0.19336,parallel_run_20260503_131828,kbs_fullabl16_crossbranchgate_weather_pl96_seed2029,frwkv_crossbranchgate
Weather,96,CrossBranchGate,2030,0.159859,0.196478,parallel_run_20260503_131828,kbs_fullabl16_crossbranchgate_weather_pl96_seed2030,frwkv_crossbranchgate
Weather,96,CrossBranchGate,2031,0.159443,0.195882,parallel_run_20260503_131828,kbs_fullabl16_crossbranchgate_weather_pl96_seed2031,frwkv_crossbranchgate
Weather,96,CrossBranchGate,2032,0.16066,0.198164,parallel_run_20260503_131828,kbs_fullabl16_crossbranchgate_weather_pl96_seed2032,frwkv_crossbranchgate
Weather,96,CrossBranchGate,2033,0.159213,0.196242,parallel_run_20260503_131828,kbs_fullabl16_crossbranchgate_weather_pl96_seed2033,frwkv_crossbranchgate
Weather,96,CrossBranchGate,2034,0.156893,0.193754,parallel_run_20260503_131828,kbs_fullabl16_crossbranchgate_weather_pl96_seed2034,frwkv_crossbranchgate
Weather,96,CrossBranchGate,2035,0.158202,0.194923,parallel_run_20260503_131828,kbs_fullabl16_crossbranchgate_weather_pl96_seed2035,frwkv_crossbranchgate
Weather,96,CrossBranchGate,2036,0.161267,0.196288,parallel_run_20260503_131828,kbs_fullabl16_crossbranchgate_weather_pl96_seed2036,frwkv_crossbranchgate
Weather,96,CrossBranchGate,2037,0.158848,0.195715,parallel_run_20260503_131828,kbs_fullabl16_crossbranchgate_weather_pl96_seed2037,frwkv_crossbranchgate
Weather,96,CrossBranchGate,2038,0.160839,0.197495,parallel_run_20260503_131828,kbs_fullabl16_crossbranchgate_weather_pl96_seed2038,frwkv_crossbranchgate
Weather,96,CrossBranchGate,2039,0.16015,0.197128,parallel_run_20260503_131828,kbs_fullabl16_crossbranchgate_weather_pl96_seed2039,frwkv_crossbranchgate
Weather,96,CrossBranchPhaseGate,2024,0.159758,0.195301,parallel_run_20260503_131828,kbs_fullabl16_crossbranchphasegate_weather_pl96_seed2024,frwkv_crossbranchphasegate
Weather,96,CrossBranchPhaseGate,2025,0.158352,0.196005,parallel_run_20260503_131828,kbs_fullabl16_crossbranchphasegate_weather_pl96_seed2025,frwkv_crossbranchphasegate
Weather,96,CrossBranchPhaseGate,2026,0.159449,0.196384,parallel_run_20260503_131828,kbs_fullabl16_crossbranchphasegate_weather_pl96_seed2026,frwkv_crossbranchphasegate
Weather,96,CrossBranchPhaseGate,2027,0.156948,0.194849,parallel_run_20260503_131828,kbs_fullabl16_crossbranchphasegate_weather_pl96_seed2027,frwkv_crossbranchphasegate
Weather,96,CrossBranchPhaseGate,2028,0.159886,0.195392,parallel_run_20260503_131828,kbs_fullabl16_crossbranchphasegate_weather_pl96_seed2028,frwkv_crossbranchphasegate
Weather,96,CrossBranchPhaseGate,2029,0.158316,0.194168,parallel_run_20260503_131828,kbs_fullabl16_crossbranchphasegate_weather_pl96_seed2029,frwkv_crossbranchphasegate
Weather,96,CrossBranchPhaseGate,2030,0.160068,0.19698,parallel_run_20260503_131828,kbs_fullabl16_crossbranchphasegate_weather_pl96_seed2030,frwkv_crossbranchphasegate
Weather,96,CrossBranchPhaseGate,2031,0.158152,0.194784,parallel_run_20260503_131828,kbs_fullabl16_crossbranchphasegate_weather_pl96_seed2031,frwkv_crossbranchphasegate
Weather,96,CrossBranchPhaseGate,2032,0.156966,0.19264,parallel_run_20260503_131828,kbs_fullabl16_crossbranchphasegate_weather_pl96_seed2032,frwkv_crossbranchphasegate
Weather,96,CrossBranchPhaseGate,2033,0.158743,0.196411,parallel_run_20260503_131828,kbs_fullabl16_crossbranchphasegate_weather_pl96_seed2033,frwkv_crossbranchphasegate
Weather,96,CrossBranchPhaseGate,2034,0.160494,0.196137,parallel_run_20260503_131828,kbs_fullabl16_crossbranchphasegate_weather_pl96_seed2034,frwkv_crossbranchphasegate
Weather,96,CrossBranchPhaseGate,2035,0.159914,0.196502,parallel_run_20260503_131828,kbs_fullabl16_crossbranchphasegate_weather_pl96_seed2035,frwkv_crossbranchphasegate
Weather,96,CrossBranchPhaseGate,2036,0.158837,0.19593,parallel_run_20260503_131828,kbs_fullabl16_crossbranchphasegate_weather_pl96_seed2036,frwkv_crossbranchphasegate
Weather,96,CrossBranchPhaseGate,2037,0.158652,0.194854,parallel_run_20260503_131828,kbs_fullabl16_crossbranchphasegate_weather_pl96_seed2037,frwkv_crossbranchphasegate
Weather,96,CrossBranchPhaseGate,2038,0.158017,0.195521,parallel_run_20260503_131828,kbs_fullabl16_crossbranchphasegate_weather_pl96_seed2038,frwkv_crossbranchphasegate
Weather,96,CrossBranchPhaseGate,2039,0.158652,0.194823,parallel_run_20260503_131828,kbs_fullabl16_crossbranchphasegate_weather_pl96_seed2039,frwkv_crossbranchphasegate
Weather,96,FRWKV,2024,0.158251,0.194234,parallel_run_20260503_131828,kbs_fullabl16_frwkv_weather_pl96_seed2024,frwkv
Weather,96,FRWKV,2025,0.159145,0.195391,parallel_run_20260503_131828,kbs_fullabl16_frwkv_weather_pl96_seed2025,frwkv
Weather,96,FRWKV,2026,0.15713,0.193708,parallel_run_20260503_131828,kbs_fullabl16_frwkv_weather_pl96_seed2026,frwkv
Weather,96,FRWKV,2027,0.155954,0.191429,parallel_run_20260503_131828,kbs_fullabl16_frwkv_weather_pl96_seed2027,frwkv
Weather,96,FRWKV,2028,0.160049,0.197195,parallel_run_20260503_131828,kbs_fullabl16_frwkv_weather_pl96_seed2028,frwkv
Weather,96,FRWKV,2029,0.157478,0.194886,parallel_run_20260503_131828,kbs_fullabl16_frwkv_weather_pl96_seed2029,frwkv
Weather,96,FRWKV,2030,0.161302,0.197628,parallel_run_20260503_131828,kbs_fullabl16_frwkv_weather_pl96_seed2030,frwkv
Weather,96,FRWKV,2031,0.158225,0.194861,parallel_run_20260503_131828,kbs_fullabl16_frwkv_weather_pl96_seed2031,frwkv
Weather,96,FRWKV,2032,0.161493,0.196559,parallel_run_20260503_131828,kbs_fullabl16_frwkv_weather_pl96_seed2032,frwkv
Weather,96,FRWKV,2033,0.158178,0.193888,parallel_run_20260503_131828,kbs_fullabl16_frwkv_weather_pl96_seed2033,frwkv
Weather,96,FRWKV,2034,0.159852,0.196712,parallel_run_20260503_131828,kbs_fullabl16_frwkv_weather_pl96_seed2034,frwkv
Weather,96,FRWKV,2035,0.159801,0.196154,parallel_run_20260503_131828,kbs_fullabl16_frwkv_weather_pl96_seed2035,frwkv
Weather,96,FRWKV,2036,0.159933,0.195625,parallel_run_20260503_131828,kbs_fullabl16_frwkv_weather_pl96_seed2036,frwkv
Weather,96,FRWKV,2037,0.158261,0.19446,parallel_run_20260503_131828,kbs_fullabl16_frwkv_weather_pl96_seed2037,frwkv
Weather,96,FRWKV,2038,0.158176,0.195164,parallel_run_20260503_131828,kbs_fullabl16_frwkv_weather_pl96_seed2038,frwkv
Weather,96,FRWKV,2039,0.157264,0.193497,parallel_run_20260503_131828,kbs_fullabl16_frwkv_weather_pl96_seed2039,frwkv
Weather,96,FullContextDelta,2024,0.157899,0.194314,parallel_run_20260508_212616,kbs_fullctxdelta16_fullctxdelta_weather_pl96_seed2024,frwkv_crossbranchphasegate_fullcontextdelta
Weather,96,FullContextDelta,2025,0.161322,0.198133,parallel_run_20260508_212616,kbs_fullctxdelta16_fullctxdelta_weather_pl96_seed2025,frwkv_crossbranchphasegate_fullcontextdelta
Weather,96,FullContextDelta,2026,0.159478,0.196456,parallel_run_20260508_212616,kbs_fullctxdelta16_fullctxdelta_weather_pl96_seed2026,frwkv_crossbranchphasegate_fullcontextdelta
Weather,96,FullContextDelta,2027,0.158955,0.197429,parallel_run_20260508_212616,kbs_fullctxdelta16_fullctxdelta_weather_pl96_seed2027,frwkv_crossbranchphasegate_fullcontextdelta
Weather,96,FullContextDelta,2028,0.159315,0.195574,parallel_run_20260508_212616,kbs_fullctxdelta16_fullctxdelta_weather_pl96_seed2028,frwkv_crossbranchphasegate_fullcontextdelta
Weather,96,FullContextDelta,2029,0.157788,0.194097,parallel_run_20260508_212616,kbs_fullctxdelta16_fullctxdelta_weather_pl96_seed2029,frwkv_crossbranchphasegate_fullcontextdelta
Weather,96,FullContextDelta,2030,0.157518,0.194864,parallel_run_20260508_212616,kbs_fullctxdelta16_fullctxdelta_weather_pl96_seed2030,frwkv_crossbranchphasegate_fullcontextdelta
Weather,96,FullContextDelta,2031,0.156186,0.192228,parallel_run_20260508_212616,kbs_fullctxdelta16_fullctxdelta_weather_pl96_seed2031,frwkv_crossbranchphasegate_fullcontextdelta
Weather,96,FullContextDelta,2032,0.157432,0.193239,parallel_run_20260508_212616,kbs_fullctxdelta16_fullctxdelta_weather_pl96_seed2032,frwkv_crossbranchphasegate_fullcontextdelta
Weather,96,FullContextDelta,2033,0.159675,0.196567,parallel_run_20260508_212616,kbs_fullctxdelta16_fullctxdelta_weather_pl96_seed2033,frwkv_crossbranchphasegate_fullcontextdelta
Weather,96,FullContextDelta,2034,0.158821,0.19542,parallel_run_20260508_212616,kbs_fullctxdelta16_fullctxdelta_weather_pl96_seed2034,frwkv_crossbranchphasegate_fullcontextdelta
Weather,96,FullContextDelta,2035,0.159602,0.19494,parallel_run_20260508_212616,kbs_fullctxdelta16_fullctxdelta_weather_pl96_seed2035,frwkv_crossbranchphasegate_fullcontextdelta
Weather,96,FullContextDelta,2036,0.157804,0.194234,parallel_run_20260508_212616,kbs_fullctxdelta16_fullctxdelta_weather_pl96_seed2036,frwkv_crossbranchphasegate_fullcontextdelta
Weather,96,FullContextDelta,2037,0.162961,0.198402,parallel_run_20260508_212616,kbs_fullctxdelta16_fullctxdelta_weather_pl96_seed2037,frwkv_crossbranchphasegate_fullcontextdelta
Weather,96,FullContextDelta,2038,0.158131,0.195258,parallel_run_20260508_212616,kbs_fullctxdelta16_fullctxdelta_weather_pl96_seed2038,frwkv_crossbranchphasegate_fullcontextdelta
Weather,96,FullContextDelta,2039,0.159552,0.196062,parallel_run_20260508_212616,kbs_fullctxdelta16_fullctxdelta_weather_pl96_seed2039,frwkv_crossbranchphasegate_fullcontextdelta
Weather,192,Adaptive PhaseGate,2024,0.208234,0.242323,parallel_run_20260509_134027,kbs_adaptive16_weather_pl192_seed2024,frwkv_crossbranchperiodicpositiongate_adaptive
Weather,192,Adaptive PhaseGate,2025,0.207276,0.242196,parallel_run_20260509_134027,kbs_adaptive16_weather_pl192_seed2025,frwkv_crossbranchperiodicpositiongate_adaptive
Weather,192,Adaptive PhaseGate,2026,0.205615,0.24082,parallel_run_20260509_134027,kbs_adaptive16_weather_pl192_seed2026,frwkv_crossbranchperiodicpositiongate_adaptive
Weather,192,Adaptive PhaseGate,2027,0.210293,0.245834,parallel_run_20260509_134027,kbs_adaptive16_weather_pl192_seed2027,frwkv_crossbranchperiodicpositiongate_adaptive
Weather,192,Adaptive PhaseGate,2028,0.206456,0.240352,parallel_run_20260509_134027,kbs_adaptive16_weather_pl192_seed2028,frwkv_crossbranchperiodicpositiongate_adaptive
Weather,192,Adaptive PhaseGate,2029,0.205729,0.240084,parallel_run_20260509_134027,kbs_adaptive16_weather_pl192_seed2029,frwkv_crossbranchperiodicpositiongate_adaptive
Weather,192,Adaptive PhaseGate,2030,0.206025,0.241477,parallel_run_20260509_134027,kbs_adaptive16_weather_pl192_seed2030,frwkv_crossbranchperiodicpositiongate_adaptive
Weather,192,Adaptive PhaseGate,2031,0.209269,0.243452,parallel_run_20260509_134027,kbs_adaptive16_weather_pl192_seed2031,frwkv_crossbranchperiodicpositiongate_adaptive
Weather,192,Adaptive PhaseGate,2032,0.206584,0.240387,parallel_run_20260509_134027,kbs_adaptive16_weather_pl192_seed2032,frwkv_crossbranchperiodicpositiongate_adaptive
Weather,192,Adaptive PhaseGate,2033,0.207022,0.240936,parallel_run_20260509_134027,kbs_adaptive16_weather_pl192_seed2033,frwkv_crossbranchperiodicpositiongate_adaptive
Weather,192,Adaptive PhaseGate,2034,0.207818,0.242263,parallel_run_20260509_134027,kbs_adaptive16_weather_pl192_seed2034,frwkv_crossbranchperiodicpositiongate_adaptive
Weather,192,Adaptive PhaseGate,2035,0.206451,0.240934,parallel_run_20260509_134027,kbs_adaptive16_weather_pl192_seed2035,frwkv_crossbranchperiodicpositiongate_adaptive
Weather,192,Adaptive PhaseGate,2036,0.207211,0.242639,parallel_run_20260509_134027,kbs_adaptive16_weather_pl192_seed2036,frwkv_crossbranchperiodicpositiongate_adaptive
Weather,192,Adaptive PhaseGate,2037,0.207345,0.241168,parallel_run_20260509_134027,kbs_adaptive16_weather_pl192_seed2037,frwkv_crossbranchperiodicpositiongate_adaptive
Weather,192,Adaptive PhaseGate,2038,0.20662,0.24077,parallel_run_20260509_134027,kbs_adaptive16_weather_pl192_seed2038,frwkv_crossbranchperiodicpositiongate_adaptive
Weather,192,Adaptive PhaseGate,2039,0.207956,0.241609,parallel_run_20260509_134027,kbs_adaptive16_weather_pl192_seed2039,frwkv_crossbranchperiodicpositiongate_adaptive
Weather,192,CrossBranchGate,2024,0.208447,0.242015,parallel_run_20260503_131828,kbs_fullabl16_crossbranchgate_weather_pl192_seed2024,frwkv_crossbranchgate
Weather,192,CrossBranchGate,2025,0.208301,0.242609,parallel_run_20260503_131828,kbs_fullabl16_crossbranchgate_weather_pl192_seed2025,frwkv_crossbranchgate
Weather,192,CrossBranchGate,2026,0.207279,0.241104,parallel_run_20260503_131828,kbs_fullabl16_crossbranchgate_weather_pl192_seed2026,frwkv_crossbranchgate
Weather,192,CrossBranchGate,2027,0.206525,0.240645,parallel_run_20260503_131828,kbs_fullabl16_crossbranchgate_weather_pl192_seed2027,frwkv_crossbranchgate
Weather,192,CrossBranchGate,2028,0.208938,0.24315,parallel_run_20260503_131828,kbs_fullabl16_crossbranchgate_weather_pl192_seed2028,frwkv_crossbranchgate
Weather,192,CrossBranchGate,2029,0.209049,0.243017,parallel_run_20260503_131828,kbs_fullabl16_crossbranchgate_weather_pl192_seed2029,frwkv_crossbranchgate
Weather,192,CrossBranchGate,2030,0.209752,0.243082,parallel_run_20260503_131828,kbs_fullabl16_crossbranchgate_weather_pl192_seed2030,frwkv_crossbranchgate
Weather,192,CrossBranchGate,2031,0.206434,0.24065,parallel_run_20260503_131828,kbs_fullabl16_crossbranchgate_weather_pl192_seed2031,frwkv_crossbranchgate
Weather,192,CrossBranchGate,2032,0.205866,0.240275,parallel_run_20260503_131828,kbs_fullabl16_crossbranchgate_weather_pl192_seed2032,frwkv_crossbranchgate
Weather,192,CrossBranchGate,2033,0.205787,0.240155,parallel_run_20260503_131828,kbs_fullabl16_crossbranchgate_weather_pl192_seed2033,frwkv_crossbranchgate
Weather,192,CrossBranchGate,2034,0.205015,0.238888,parallel_run_20260503_131828,kbs_fullabl16_crossbranchgate_weather_pl192_seed2034,frwkv_crossbranchgate
Weather,192,CrossBranchGate,2035,0.208255,0.242534,parallel_run_20260503_131828,kbs_fullabl16_crossbranchgate_weather_pl192_seed2035,frwkv_crossbranchgate
Weather,192,CrossBranchGate,2036,0.20801,0.242353,parallel_run_20260503_131828,kbs_fullabl16_crossbranchgate_weather_pl192_seed2036,frwkv_crossbranchgate
Weather,192,CrossBranchGate,2037,0.205723,0.240088,parallel_run_20260503_131828,kbs_fullabl16_crossbranchgate_weather_pl192_seed2037,frwkv_crossbranchgate
Weather,192,CrossBranchGate,2038,0.206902,0.241838,parallel_run_20260503_131828,kbs_fullabl16_crossbranchgate_weather_pl192_seed2038,frwkv_crossbranchgate
Weather,192,CrossBranchGate,2039,0.208201,0.241586,parallel_run_20260503_131828,kbs_fullabl16_crossbranchgate_weather_pl192_seed2039,frwkv_crossbranchgate
Weather,192,CrossBranchPhaseGate,2024,0.208451,0.24291,parallel_run_20260503_131828,kbs_fullabl16_crossbranchphasegate_weather_pl192_seed2024,frwkv_crossbranchphasegate
Weather,192,CrossBranchPhaseGate,2025,0.205354,0.239944,parallel_run_20260503_131828,kbs_fullabl16_crossbranchphasegate_weather_pl192_seed2025,frwkv_crossbranchphasegate
Weather,192,CrossBranchPhaseGate,2026,0.205512,0.240702,parallel_run_20260503_131828,kbs_fullabl16_crossbranchphasegate_weather_pl192_seed2026,frwkv_crossbranchphasegate
Weather,192,CrossBranchPhaseGate,2027,0.205078,0.23995,parallel_run_20260503_131828,kbs_fullabl16_crossbranchphasegate_weather_pl192_seed2027,frwkv_crossbranchphasegate
Weather,192,CrossBranchPhaseGate,2028,0.207529,0.241716,parallel_run_20260503_131828,kbs_fullabl16_crossbranchphasegate_weather_pl192_seed2028,frwkv_crossbranchphasegate
Weather,192,CrossBranchPhaseGate,2029,0.205915,0.241496,parallel_run_20260503_131828,kbs_fullabl16_crossbranchphasegate_weather_pl192_seed2029,frwkv_crossbranchphasegate
Weather,192,CrossBranchPhaseGate,2030,0.209126,0.242793,parallel_run_20260503_131828,kbs_fullabl16_crossbranchphasegate_weather_pl192_seed2030,frwkv_crossbranchphasegate
Weather,192,CrossBranchPhaseGate,2031,0.20713,0.241841,parallel_run_20260503_131828,kbs_fullabl16_crossbranchphasegate_weather_pl192_seed2031,frwkv_crossbranchphasegate
Weather,192,CrossBranchPhaseGate,2032,0.206676,0.240554,parallel_run_20260503_131828,kbs_fullabl16_crossbranchphasegate_weather_pl192_seed2032,frwkv_crossbranchphasegate
Weather,192,CrossBranchPhaseGate,2033,0.207648,0.241639,parallel_run_20260503_131828,kbs_fullabl16_crossbranchphasegate_weather_pl192_seed2033,frwkv_crossbranchphasegate
Weather,192,CrossBranchPhaseGate,2034,0.208888,0.242574,parallel_run_20260503_131828,kbs_fullabl16_crossbranchphasegate_weather_pl192_seed2034,frwkv_crossbranchphasegate
Weather,192,CrossBranchPhaseGate,2035,0.206232,0.240217,parallel_run_20260503_131828,kbs_fullabl16_crossbranchphasegate_weather_pl192_seed2035,frwkv_crossbranchphasegate
Weather,192,CrossBranchPhaseGate,2036,0.206723,0.240721,parallel_run_20260503_131828,kbs_fullabl16_crossbranchphasegate_weather_pl192_seed2036,frwkv_crossbranchphasegate
Weather,192,CrossBranchPhaseGate,2037,0.206321,0.241112,parallel_run_20260503_131828,kbs_fullabl16_crossbranchphasegate_weather_pl192_seed2037,frwkv_crossbranchphasegate
Weather,192,CrossBranchPhaseGate,2038,0.205736,0.240338,parallel_run_20260503_131828,kbs_fullabl16_crossbranchphasegate_weather_pl192_seed2038,frwkv_crossbranchphasegate
Weather,192,CrossBranchPhaseGate,2039,0.207237,0.240929,parallel_run_20260503_131828,kbs_fullabl16_crossbranchphasegate_weather_pl192_seed2039,frwkv_crossbranchphasegate
Weather,192,FRWKV,2024,0.208299,0.242261,parallel_run_20260503_131828,kbs_fullabl16_frwkv_weather_pl192_seed2024,frwkv
Weather,192,FRWKV,2025,0.205908,0.239887,parallel_run_20260503_131828,kbs_fullabl16_frwkv_weather_pl192_seed2025,frwkv
Weather,192,FRWKV,2026,0.207717,0.243031,parallel_run_20260503_131828,kbs_fullabl16_frwkv_weather_pl192_seed2026,frwkv
Weather,192,FRWKV,2027,0.209938,0.243725,parallel_run_20260503_131828,kbs_fullabl16_frwkv_weather_pl192_seed2027,frwkv
Weather,192,FRWKV,2028,0.208677,0.24213,parallel_run_20260503_131828,kbs_fullabl16_frwkv_weather_pl192_seed2028,frwkv
Weather,192,FRWKV,2029,0.205622,0.238616,parallel_run_20260503_131828,kbs_fullabl16_frwkv_weather_pl192_seed2029,frwkv
Weather,192,FRWKV,2030,0.207091,0.242036,parallel_run_20260503_131828,kbs_fullabl16_frwkv_weather_pl192_seed2030,frwkv
Weather,192,FRWKV,2031,0.206603,0.241486,parallel_run_20260503_131828,kbs_fullabl16_frwkv_weather_pl192_seed2031,frwkv
Weather,192,FRWKV,2032,0.206809,0.240002,parallel_run_20260503_131828,kbs_fullabl16_frwkv_weather_pl192_seed2032,frwkv
Weather,192,FRWKV,2033,0.206467,0.241198,parallel_run_20260503_131828,kbs_fullabl16_frwkv_weather_pl192_seed2033,frwkv
Weather,192,FRWKV,2034,0.208123,0.242994,parallel_run_20260503_131828,kbs_fullabl16_frwkv_weather_pl192_seed2034,frwkv
Weather,192,FRWKV,2035,0.206416,0.240746,parallel_run_20260503_131828,kbs_fullabl16_frwkv_weather_pl192_seed2035,frwkv
Weather,192,FRWKV,2036,0.207916,0.241219,parallel_run_20260503_131828,kbs_fullabl16_frwkv_weather_pl192_seed2036,frwkv
Weather,192,FRWKV,2037,0.208873,0.243432,parallel_run_20260503_131828,kbs_fullabl16_frwkv_weather_pl192_seed2037,frwkv
Weather,192,FRWKV,2038,0.204743,0.241088,parallel_run_20260503_131828,kbs_fullabl16_frwkv_weather_pl192_seed2038,frwkv
Weather,192,FRWKV,2039,0.206116,0.240247,parallel_run_20260503_131828,kbs_fullabl16_frwkv_weather_pl192_seed2039,frwkv
Weather,192,FullContextDelta,2024,0.204554,0.239249,parallel_run_20260508_212616,kbs_fullctxdelta16_fullctxdelta_weather_pl192_seed2024,frwkv_crossbranchphasegate_fullcontextdelta
Weather,192,FullContextDelta,2025,0.205247,0.240043,parallel_run_20260508_212616,kbs_fullctxdelta16_fullctxdelta_weather_pl192_seed2025,frwkv_crossbranchphasegate_fullcontextdelta
Weather,192,FullContextDelta,2026,0.20578,0.240558,parallel_run_20260508_212616,kbs_fullctxdelta16_fullctxdelta_weather_pl192_seed2026,frwkv_crossbranchphasegate_fullcontextdelta
Weather,192,FullContextDelta,2027,0.20686,0.242028,parallel_run_20260508_212616,kbs_fullctxdelta16_fullctxdelta_weather_pl192_seed2027,frwkv_crossbranchphasegate_fullcontextdelta
Weather,192,FullContextDelta,2028,0.20951,0.242687,parallel_run_20260508_212616,kbs_fullctxdelta16_fullctxdelta_weather_pl192_seed2028,frwkv_crossbranchphasegate_fullcontextdelta
Weather,192,FullContextDelta,2029,0.207372,0.241754,parallel_run_20260508_212616,kbs_fullctxdelta16_fullctxdelta_weather_pl192_seed2029,frwkv_crossbranchphasegate_fullcontextdelta
Weather,192,FullContextDelta,2030,0.210063,0.243615,parallel_run_20260508_212616,kbs_fullctxdelta16_fullctxdelta_weather_pl192_seed2030,frwkv_crossbranchphasegate_fullcontextdelta
Weather,192,FullContextDelta,2031,0.207012,0.241124,parallel_run_20260508_212616,kbs_fullctxdelta16_fullctxdelta_weather_pl192_seed2031,frwkv_crossbranchphasegate_fullcontextdelta
Weather,192,FullContextDelta,2032,0.204585,0.239618,parallel_run_20260508_212616,kbs_fullctxdelta16_fullctxdelta_weather_pl192_seed2032,frwkv_crossbranchphasegate_fullcontextdelta
Weather,192,FullContextDelta,2033,0.207151,0.240476,parallel_run_20260508_212616,kbs_fullctxdelta16_fullctxdelta_weather_pl192_seed2033,frwkv_crossbranchphasegate_fullcontextdelta
Weather,192,FullContextDelta,2034,0.207118,0.241379,parallel_run_20260508_212616,kbs_fullctxdelta16_fullctxdelta_weather_pl192_seed2034,frwkv_crossbranchphasegate_fullcontextdelta
Weather,192,FullContextDelta,2035,0.205441,0.240238,parallel_run_20260508_212616,kbs_fullctxdelta16_fullctxdelta_weather_pl192_seed2035,frwkv_crossbranchphasegate_fullcontextdelta
Weather,192,FullContextDelta,2036,0.206156,0.240747,parallel_run_20260508_212616,kbs_fullctxdelta16_fullctxdelta_weather_pl192_seed2036,frwkv_crossbranchphasegate_fullcontextdelta
Weather,192,FullContextDelta,2037,0.207779,0.240903,parallel_run_20260508_212616,kbs_fullctxdelta16_fullctxdelta_weather_pl192_seed2037,frwkv_crossbranchphasegate_fullcontextdelta
Weather,192,FullContextDelta,2038,0.211017,0.245391,parallel_run_20260508_212616,kbs_fullctxdelta16_fullctxdelta_weather_pl192_seed2038,frwkv_crossbranchphasegate_fullcontextdelta
Weather,192,FullContextDelta,2039,0.208553,0.242197,parallel_run_20260508_212616,kbs_fullctxdelta16_fullctxdelta_weather_pl192_seed2039,frwkv_crossbranchphasegate_fullcontextdelta
Weather,336,Adaptive PhaseGate,2024,0.263174,0.282767,parallel_run_20260509_134027,kbs_adaptive16_weather_pl336_seed2024,frwkv_crossbranchperiodicpositiongate_adaptive
Weather,336,Adaptive PhaseGate,2025,0.264244,0.284088,parallel_run_20260509_134027,kbs_adaptive16_weather_pl336_seed2025,frwkv_crossbranchperiodicpositiongate_adaptive
Weather,336,Adaptive PhaseGate,2026,0.26454,0.284249,parallel_run_20260509_134027,kbs_adaptive16_weather_pl336_seed2026,frwkv_crossbranchperiodicpositiongate_adaptive
Weather,336,Adaptive PhaseGate,2027,0.265427,0.285643,parallel_run_20260509_134027,kbs_adaptive16_weather_pl336_seed2027,frwkv_crossbranchperiodicpositiongate_adaptive
Weather,336,Adaptive PhaseGate,2028,0.266955,0.284268,parallel_run_20260509_134027,kbs_adaptive16_weather_pl336_seed2028,frwkv_crossbranchperiodicpositiongate_adaptive
Weather,336,Adaptive PhaseGate,2029,0.265784,0.284791,parallel_run_20260509_134027,kbs_adaptive16_weather_pl336_seed2029,frwkv_crossbranchperiodicpositiongate_adaptive
Weather,336,Adaptive PhaseGate,2030,0.264255,0.284416,parallel_run_20260509_134027,kbs_adaptive16_weather_pl336_seed2030,frwkv_crossbranchperiodicpositiongate_adaptive
Weather,336,Adaptive PhaseGate,2031,0.264073,0.284241,parallel_run_20260509_134027,kbs_adaptive16_weather_pl336_seed2031,frwkv_crossbranchperiodicpositiongate_adaptive
Weather,336,Adaptive PhaseGate,2032,0.262825,0.282436,parallel_run_20260509_134027,kbs_adaptive16_weather_pl336_seed2032,frwkv_crossbranchperiodicpositiongate_adaptive
Weather,336,Adaptive PhaseGate,2033,0.263436,0.28311,parallel_run_20260509_134027,kbs_adaptive16_weather_pl336_seed2033,frwkv_crossbranchperiodicpositiongate_adaptive
Weather,336,Adaptive PhaseGate,2034,0.266349,0.286205,parallel_run_20260509_134027,kbs_adaptive16_weather_pl336_seed2034,frwkv_crossbranchperiodicpositiongate_adaptive
Weather,336,Adaptive PhaseGate,2035,0.266266,0.284621,parallel_run_20260509_134027,kbs_adaptive16_weather_pl336_seed2035,frwkv_crossbranchperiodicpositiongate_adaptive
Weather,336,Adaptive PhaseGate,2036,0.264221,0.283718,parallel_run_20260509_134027,kbs_adaptive16_weather_pl336_seed2036,frwkv_crossbranchperiodicpositiongate_adaptive
Weather,336,Adaptive PhaseGate,2037,0.26542,0.285225,parallel_run_20260509_134027,kbs_adaptive16_weather_pl336_seed2037,frwkv_crossbranchperiodicpositiongate_adaptive
Weather,336,Adaptive PhaseGate,2038,0.263818,0.283641,parallel_run_20260509_134027,kbs_adaptive16_weather_pl336_seed2038,frwkv_crossbranchperiodicpositiongate_adaptive
Weather,336,Adaptive PhaseGate,2039,0.261478,0.281621,parallel_run_20260509_134027,kbs_adaptive16_weather_pl336_seed2039,frwkv_crossbranchperiodicpositiongate_adaptive
Weather,336,CrossBranchGate,2024,0.265282,0.284668,parallel_run_20260503_131828,kbs_fullabl16_crossbranchgate_weather_pl336_seed2024,frwkv_crossbranchgate
Weather,336,CrossBranchGate,2025,0.265596,0.284233,parallel_run_20260503_131828,kbs_fullabl16_crossbranchgate_weather_pl336_seed2025,frwkv_crossbranchgate
Weather,336,CrossBranchGate,2026,0.265898,0.28519,parallel_run_20260503_131828,kbs_fullabl16_crossbranchgate_weather_pl336_seed2026,frwkv_crossbranchgate
Weather,336,CrossBranchGate,2027,0.26386,0.283429,parallel_run_20260503_131828,kbs_fullabl16_crossbranchgate_weather_pl336_seed2027,frwkv_crossbranchgate
Weather,336,CrossBranchGate,2028,0.267948,0.286833,parallel_run_20260503_131828,kbs_fullabl16_crossbranchgate_weather_pl336_seed2028,frwkv_crossbranchgate
Weather,336,CrossBranchGate,2029,0.265766,0.285965,parallel_run_20260503_131828,kbs_fullabl16_crossbranchgate_weather_pl336_seed2029,frwkv_crossbranchgate
Weather,336,CrossBranchGate,2030,0.265789,0.285982,parallel_run_20260503_131828,kbs_fullabl16_crossbranchgate_weather_pl336_seed2030,frwkv_crossbranchgate
Weather,336,CrossBranchGate,2031,0.268426,0.286974,parallel_run_20260503_131828,kbs_fullabl16_crossbranchgate_weather_pl336_seed2031,frwkv_crossbranchgate
Weather,336,CrossBranchGate,2032,0.266663,0.286483,parallel_run_20260503_131828,kbs_fullabl16_crossbranchgate_weather_pl336_seed2032,frwkv_crossbranchgate
Weather,336,CrossBranchGate,2033,0.265225,0.284952,parallel_run_20260503_131828,kbs_fullabl16_crossbranchgate_weather_pl336_seed2033,frwkv_crossbranchgate
Weather,336,CrossBranchGate,2034,0.265027,0.284643,parallel_run_20260503_131828,kbs_fullabl16_crossbranchgate_weather_pl336_seed2034,frwkv_crossbranchgate
Weather,336,CrossBranchGate,2035,0.264696,0.283974,parallel_run_20260503_131828,kbs_fullabl16_crossbranchgate_weather_pl336_seed2035,frwkv_crossbranchgate
Weather,336,CrossBranchGate,2036,0.262327,0.283137,parallel_run_20260503_131828,kbs_fullabl16_crossbranchgate_weather_pl336_seed2036,frwkv_crossbranchgate
Weather,336,CrossBranchGate,2037,0.265839,0.284923,parallel_run_20260503_131828,kbs_fullabl16_crossbranchgate_weather_pl336_seed2037,frwkv_crossbranchgate
Weather,336,CrossBranchGate,2038,0.266466,0.28561,parallel_run_20260503_131828,kbs_fullabl16_crossbranchgate_weather_pl336_seed2038,frwkv_crossbranchgate
Weather,336,CrossBranchGate,2039,0.265128,0.285033,parallel_run_20260503_131828,kbs_fullabl16_crossbranchgate_weather_pl336_seed2039,frwkv_crossbranchgate
Weather,336,CrossBranchPhaseGate,2024,0.266647,0.286411,parallel_run_20260503_131828,kbs_fullabl16_crossbranchphasegate_weather_pl336_seed2024,frwkv_crossbranchphasegate
Weather,336,CrossBranchPhaseGate,2025,0.264142,0.28309,parallel_run_20260503_131828,kbs_fullabl16_crossbranchphasegate_weather_pl336_seed2025,frwkv_crossbranchphasegate
Weather,336,CrossBranchPhaseGate,2026,0.266711,0.286264,parallel_run_20260503_131828,kbs_fullabl16_crossbranchphasegate_weather_pl336_seed2026,frwkv_crossbranchphasegate
Weather,336,CrossBranchPhaseGate,2027,0.264258,0.283241,parallel_run_20260503_131828,kbs_fullabl16_crossbranchphasegate_weather_pl336_seed2027,frwkv_crossbranchphasegate
Weather,336,CrossBranchPhaseGate,2028,0.265973,0.286353,parallel_run_20260503_131828,kbs_fullabl16_crossbranchphasegate_weather_pl336_seed2028,frwkv_crossbranchphasegate
Weather,336,CrossBranchPhaseGate,2029,0.262369,0.283104,parallel_run_20260503_131828,kbs_fullabl16_crossbranchphasegate_weather_pl336_seed2029,frwkv_crossbranchphasegate
Weather,336,CrossBranchPhaseGate,2030,0.266393,0.286323,parallel_run_20260503_131828,kbs_fullabl16_crossbranchphasegate_weather_pl336_seed2030,frwkv_crossbranchphasegate
Weather,336,CrossBranchPhaseGate,2031,0.264674,0.284403,parallel_run_20260503_131828,kbs_fullabl16_crossbranchphasegate_weather_pl336_seed2031,frwkv_crossbranchphasegate
Weather,336,CrossBranchPhaseGate,2032,0.270495,0.28788,parallel_run_20260503_131828,kbs_fullabl16_crossbranchphasegate_weather_pl336_seed2032,frwkv_crossbranchphasegate
Weather,336,CrossBranchPhaseGate,2033,0.264451,0.284886,parallel_run_20260503_131828,kbs_fullabl16_crossbranchphasegate_weather_pl336_seed2033,frwkv_crossbranchphasegate
Weather,336,CrossBranchPhaseGate,2034,0.265683,0.285215,parallel_run_20260503_131828,kbs_fullabl16_crossbranchphasegate_weather_pl336_seed2034,frwkv_crossbranchphasegate
Weather,336,CrossBranchPhaseGate,2035,0.263971,0.284057,parallel_run_20260503_131828,kbs_fullabl16_crossbranchphasegate_weather_pl336_seed2035,frwkv_crossbranchphasegate
Weather,336,CrossBranchPhaseGate,2036,0.266506,0.285585,parallel_run_20260503_131828,kbs_fullabl16_crossbranchphasegate_weather_pl336_seed2036,frwkv_crossbranchphasegate
Weather,336,CrossBranchPhaseGate,2037,0.26516,0.285103,parallel_run_20260503_131828,kbs_fullabl16_crossbranchphasegate_weather_pl336_seed2037,frwkv_crossbranchphasegate
Weather,336,CrossBranchPhaseGate,2038,0.268876,0.287341,parallel_run_20260503_131828,kbs_fullabl16_crossbranchphasegate_weather_pl336_seed2038,frwkv_crossbranchphasegate
Weather,336,CrossBranchPhaseGate,2039,0.263767,0.283806,parallel_run_20260503_131828,kbs_fullabl16_crossbranchphasegate_weather_pl336_seed2039,frwkv_crossbranchphasegate
Weather,336,FRWKV,2024,0.26577,0.286117,parallel_run_20260503_131828,kbs_fullabl16_frwkv_weather_pl336_seed2024,frwkv
Weather,336,FRWKV,2025,0.265295,0.284411,parallel_run_20260503_131828,kbs_fullabl16_frwkv_weather_pl336_seed2025,frwkv
Weather,336,FRWKV,2026,0.265487,0.285147,parallel_run_20260503_131828,kbs_fullabl16_frwkv_weather_pl336_seed2026,frwkv
Weather,336,FRWKV,2027,0.266177,0.2866,parallel_run_20260503_131828,kbs_fullabl16_frwkv_weather_pl336_seed2027,frwkv
Weather,336,FRWKV,2028,0.263237,0.282584,parallel_run_20260503_131828,kbs_fullabl16_frwkv_weather_pl336_seed2028,frwkv
Weather,336,FRWKV,2029,0.260949,0.281635,parallel_run_20260503_131828,kbs_fullabl16_frwkv_weather_pl336_seed2029,frwkv
Weather,336,FRWKV,2030,0.264043,0.284565,parallel_run_20260503_131828,kbs_fullabl16_frwkv_weather_pl336_seed2030,frwkv
Weather,336,FRWKV,2031,0.267863,0.285314,parallel_run_20260503_131828,kbs_fullabl16_frwkv_weather_pl336_seed2031,frwkv
Weather,336,FRWKV,2032,0.264965,0.284355,parallel_run_20260503_131828,kbs_fullabl16_frwkv_weather_pl336_seed2032,frwkv
Weather,336,FRWKV,2033,0.261965,0.282007,parallel_run_20260503_131828,kbs_fullabl16_frwkv_weather_pl336_seed2033,frwkv
Weather,336,FRWKV,2034,0.266597,0.285881,parallel_run_20260503_131828,kbs_fullabl16_frwkv_weather_pl336_seed2034,frwkv
Weather,336,FRWKV,2035,0.266431,0.285476,parallel_run_20260503_131828,kbs_fullabl16_frwkv_weather_pl336_seed2035,frwkv
Weather,336,FRWKV,2036,0.264992,0.284747,parallel_run_20260503_131828,kbs_fullabl16_frwkv_weather_pl336_seed2036,frwkv
Weather,336,FRWKV,2037,0.263779,0.28386,parallel_run_20260503_131828,kbs_fullabl16_frwkv_weather_pl336_seed2037,frwkv
Weather,336,FRWKV,2038,0.267,0.285491,parallel_run_20260503_131828,kbs_fullabl16_frwkv_weather_pl336_seed2038,frwkv
Weather,336,FRWKV,2039,0.264585,0.283669,parallel_run_20260503_131828,kbs_fullabl16_frwkv_weather_pl336_seed2039,frwkv
Weather,336,FullContextDelta,2024,0.263859,0.283163,parallel_run_20260508_212616,kbs_fullctxdelta16_fullctxdelta_weather_pl336_seed2024,frwkv_crossbranchphasegate_fullcontextdelta
Weather,336,FullContextDelta,2025,0.263884,0.283907,parallel_run_20260508_212616,kbs_fullctxdelta16_fullctxdelta_weather_pl336_seed2025,frwkv_crossbranchphasegate_fullcontextdelta
Weather,336,FullContextDelta,2026,0.267136,0.285882,parallel_run_20260508_212616,kbs_fullctxdelta16_fullctxdelta_weather_pl336_seed2026,frwkv_crossbranchphasegate_fullcontextdelta
Weather,336,FullContextDelta,2027,0.26556,0.285103,parallel_run_20260508_212616,kbs_fullctxdelta16_fullctxdelta_weather_pl336_seed2027,frwkv_crossbranchphasegate_fullcontextdelta
Weather,336,FullContextDelta,2028,0.265014,0.284063,parallel_run_20260508_212616,kbs_fullctxdelta16_fullctxdelta_weather_pl336_seed2028,frwkv_crossbranchphasegate_fullcontextdelta
Weather,336,FullContextDelta,2029,0.265401,0.284524,parallel_run_20260508_212616,kbs_fullctxdelta16_fullctxdelta_weather_pl336_seed2029,frwkv_crossbranchphasegate_fullcontextdelta
Weather,336,FullContextDelta,2030,0.265753,0.285375,parallel_run_20260508_212616,kbs_fullctxdelta16_fullctxdelta_weather_pl336_seed2030,frwkv_crossbranchphasegate_fullcontextdelta
Weather,336,FullContextDelta,2031,0.26476,0.285198,parallel_run_20260508_212616,kbs_fullctxdelta16_fullctxdelta_weather_pl336_seed2031,frwkv_crossbranchphasegate_fullcontextdelta
Weather,336,FullContextDelta,2032,0.26432,0.284226,parallel_run_20260508_212616,kbs_fullctxdelta16_fullctxdelta_weather_pl336_seed2032,frwkv_crossbranchphasegate_fullcontextdelta
Weather,336,FullContextDelta,2033,0.262165,0.28209,parallel_run_20260508_212616,kbs_fullctxdelta16_fullctxdelta_weather_pl336_seed2033,frwkv_crossbranchphasegate_fullcontextdelta
Weather,336,FullContextDelta,2034,0.26789,0.285772,parallel_run_20260508_212616,kbs_fullctxdelta16_fullctxdelta_weather_pl336_seed2034,frwkv_crossbranchphasegate_fullcontextdelta
Weather,336,FullContextDelta,2035,0.265283,0.284392,parallel_run_20260508_212616,kbs_fullctxdelta16_fullctxdelta_weather_pl336_seed2035,frwkv_crossbranchphasegate_fullcontextdelta
Weather,336,FullContextDelta,2036,0.265058,0.284018,parallel_run_20260508_212616,kbs_fullctxdelta16_fullctxdelta_weather_pl336_seed2036,frwkv_crossbranchphasegate_fullcontextdelta
Weather,336,FullContextDelta,2037,0.266154,0.285961,parallel_run_20260508_212616,kbs_fullctxdelta16_fullctxdelta_weather_pl336_seed2037,frwkv_crossbranchphasegate_fullcontextdelta
Weather,336,FullContextDelta,2038,0.264624,0.284312,parallel_run_20260508_212616,kbs_fullctxdelta16_fullctxdelta_weather_pl336_seed2038,frwkv_crossbranchphasegate_fullcontextdelta
Weather,336,FullContextDelta,2039,0.263772,0.283357,parallel_run_20260508_212616,kbs_fullctxdelta16_fullctxdelta_weather_pl336_seed2039,frwkv_crossbranchphasegate_fullcontextdelta
Weather,720,Adaptive PhaseGate,2024,0.342502,0.335269,parallel_run_20260509_134027,kbs_adaptive16_weather_pl720_seed2024,frwkv_crossbranchperiodicpositiongate_adaptive
Weather,720,Adaptive PhaseGate,2025,0.34381,0.336354,parallel_run_20260509_134027,kbs_adaptive16_weather_pl720_seed2025,frwkv_crossbranchperiodicpositiongate_adaptive
Weather,720,Adaptive PhaseGate,2026,0.34492,0.338451,parallel_run_20260509_134027,kbs_adaptive16_weather_pl720_seed2026,frwkv_crossbranchperiodicpositiongate_adaptive
Weather,720,Adaptive PhaseGate,2027,0.345296,0.336654,parallel_run_20260509_134027,kbs_adaptive16_weather_pl720_seed2027,frwkv_crossbranchperiodicpositiongate_adaptive
Weather,720,Adaptive PhaseGate,2028,0.345526,0.337773,parallel_run_20260509_134027,kbs_adaptive16_weather_pl720_seed2028,frwkv_crossbranchperiodicpositiongate_adaptive
Weather,720,Adaptive PhaseGate,2029,0.34452,0.33811,parallel_run_20260509_134027,kbs_adaptive16_weather_pl720_seed2029,frwkv_crossbranchperiodicpositiongate_adaptive
Weather,720,Adaptive PhaseGate,2030,0.344278,0.337854,parallel_run_20260509_134027,kbs_adaptive16_weather_pl720_seed2030,frwkv_crossbranchperiodicpositiongate_adaptive
Weather,720,Adaptive PhaseGate,2031,0.341558,0.335655,parallel_run_20260509_134027,kbs_adaptive16_weather_pl720_seed2031,frwkv_crossbranchperiodicpositiongate_adaptive
Weather,720,Adaptive PhaseGate,2032,0.345788,0.338904,parallel_run_20260509_134027,kbs_adaptive16_weather_pl720_seed2032,frwkv_crossbranchperiodicpositiongate_adaptive
Weather,720,Adaptive PhaseGate,2033,0.341614,0.335317,parallel_run_20260509_134027,kbs_adaptive16_weather_pl720_seed2033,frwkv_crossbranchperiodicpositiongate_adaptive
Weather,720,Adaptive PhaseGate,2034,0.34191,0.336518,parallel_run_20260509_134027,kbs_adaptive16_weather_pl720_seed2034,frwkv_crossbranchperiodicpositiongate_adaptive
Weather,720,Adaptive PhaseGate,2035,0.345701,0.338561,parallel_run_20260509_134027,kbs_adaptive16_weather_pl720_seed2035,frwkv_crossbranchperiodicpositiongate_adaptive
Weather,720,Adaptive PhaseGate,2036,0.347981,0.340474,parallel_run_20260509_134027,kbs_adaptive16_weather_pl720_seed2036,frwkv_crossbranchperiodicpositiongate_adaptive
Weather,720,Adaptive PhaseGate,2037,0.347485,0.339129,parallel_run_20260509_134027,kbs_adaptive16_weather_pl720_seed2037,frwkv_crossbranchperiodicpositiongate_adaptive
Weather,720,Adaptive PhaseGate,2038,0.343521,0.337202,parallel_run_20260509_134027,kbs_adaptive16_weather_pl720_seed2038,frwkv_crossbranchperiodicpositiongate_adaptive
Weather,720,Adaptive PhaseGate,2039,0.346462,0.338399,parallel_run_20260509_134027,kbs_adaptive16_weather_pl720_seed2039,frwkv_crossbranchperiodicpositiongate_adaptive
Weather,720,CrossBranchGate,2024,0.346443,0.337991,parallel_run_20260503_131828,kbs_fullabl16_crossbranchgate_weather_pl720_seed2024,frwkv_crossbranchgate
Weather,720,CrossBranchGate,2025,0.341588,0.335426,parallel_run_20260503_131828,kbs_fullabl16_crossbranchgate_weather_pl720_seed2025,frwkv_crossbranchgate
Weather,720,CrossBranchGate,2026,0.345001,0.336496,parallel_run_20260503_131828,kbs_fullabl16_crossbranchgate_weather_pl720_seed2026,frwkv_crossbranchgate
Weather,720,CrossBranchGate,2027,0.346051,0.338897,parallel_run_20260503_131828,kbs_fullabl16_crossbranchgate_weather_pl720_seed2027,frwkv_crossbranchgate
Weather,720,CrossBranchGate,2028,0.343012,0.336688,parallel_run_20260503_131828,kbs_fullabl16_crossbranchgate_weather_pl720_seed2028,frwkv_crossbranchgate
Weather,720,CrossBranchGate,2029,0.344776,0.337284,parallel_run_20260503_131828,kbs_fullabl16_crossbranchgate_weather_pl720_seed2029,frwkv_crossbranchgate
Weather,720,CrossBranchGate,2030,0.34364,0.337455,parallel_run_20260503_131828,kbs_fullabl16_crossbranchgate_weather_pl720_seed2030,frwkv_crossbranchgate
Weather,720,CrossBranchGate,2031,0.342796,0.336838,parallel_run_20260503_131828,kbs_fullabl16_crossbranchgate_weather_pl720_seed2031,frwkv_crossbranchgate
Weather,720,CrossBranchGate,2032,0.344094,0.336441,parallel_run_20260503_131828,kbs_fullabl16_crossbranchgate_weather_pl720_seed2032,frwkv_crossbranchgate
Weather,720,CrossBranchGate,2033,0.344173,0.336893,parallel_run_20260503_131828,kbs_fullabl16_crossbranchgate_weather_pl720_seed2033,frwkv_crossbranchgate
Weather,720,CrossBranchGate,2034,0.341078,0.334669,parallel_run_20260503_131828,kbs_fullabl16_crossbranchgate_weather_pl720_seed2034,frwkv_crossbranchgate
Weather,720,CrossBranchGate,2035,0.343544,0.336611,parallel_run_20260503_131828,kbs_fullabl16_crossbranchgate_weather_pl720_seed2035,frwkv_crossbranchgate
Weather,720,CrossBranchGate,2036,0.34447,0.336277,parallel_run_20260503_131828,kbs_fullabl16_crossbranchgate_weather_pl720_seed2036,frwkv_crossbranchgate
Weather,720,CrossBranchGate,2037,0.343539,0.335937,parallel_run_20260503_131828,kbs_fullabl16_crossbranchgate_weather_pl720_seed2037,frwkv_crossbranchgate
Weather,720,CrossBranchGate,2038,0.347648,0.338822,parallel_run_20260503_131828,kbs_fullabl16_crossbranchgate_weather_pl720_seed2038,frwkv_crossbranchgate
Weather,720,CrossBranchGate,2039,0.343426,0.336473,parallel_run_20260503_131828,kbs_fullabl16_crossbranchgate_weather_pl720_seed2039,frwkv_crossbranchgate
Weather,720,CrossBranchPhaseGate,2024,0.345599,0.338298,parallel_run_20260503_131828,kbs_fullabl16_crossbranchphasegate_weather_pl720_seed2024,frwkv_crossbranchphasegate
Weather,720,CrossBranchPhaseGate,2025,0.347118,0.337724,parallel_run_20260503_131828,kbs_fullabl16_crossbranchphasegate_weather_pl720_seed2025,frwkv_crossbranchphasegate
Weather,720,CrossBranchPhaseGate,2026,0.34714,0.338636,parallel_run_20260503_131828,kbs_fullabl16_crossbranchphasegate_weather_pl720_seed2026,frwkv_crossbranchphasegate
Weather,720,CrossBranchPhaseGate,2027,0.343125,0.336292,parallel_run_20260503_131828,kbs_fullabl16_crossbranchphasegate_weather_pl720_seed2027,frwkv_crossbranchphasegate
Weather,720,CrossBranchPhaseGate,2028,0.343539,0.335391,parallel_run_20260503_131828,kbs_fullabl16_crossbranchphasegate_weather_pl720_seed2028,frwkv_crossbranchphasegate
Weather,720,CrossBranchPhaseGate,2029,0.344805,0.33825,parallel_run_20260503_131828,kbs_fullabl16_crossbranchphasegate_weather_pl720_seed2029,frwkv_crossbranchphasegate
Weather,720,CrossBranchPhaseGate,2030,0.345087,0.338952,parallel_run_20260503_131828,kbs_fullabl16_crossbranchphasegate_weather_pl720_seed2030,frwkv_crossbranchphasegate
Weather,720,CrossBranchPhaseGate,2031,0.342917,0.336476,parallel_run_20260503_131828,kbs_fullabl16_crossbranchphasegate_weather_pl720_seed2031,frwkv_crossbranchphasegate
Weather,720,CrossBranchPhaseGate,2032,0.349261,0.339942,parallel_run_20260503_131828,kbs_fullabl16_crossbranchphasegate_weather_pl720_seed2032,frwkv_crossbranchphasegate
Weather,720,CrossBranchPhaseGate,2033,0.343236,0.335342,parallel_run_20260503_131828,kbs_fullabl16_crossbranchphasegate_weather_pl720_seed2033,frwkv_crossbranchphasegate
Weather,720,CrossBranchPhaseGate,2034,0.349259,0.340269,parallel_run_20260503_131828,kbs_fullabl16_crossbranchphasegate_weather_pl720_seed2034,frwkv_crossbranchphasegate
Weather,720,CrossBranchPhaseGate,2035,0.343697,0.336063,parallel_run_20260503_131828,kbs_fullabl16_crossbranchphasegate_weather_pl720_seed2035,frwkv_crossbranchphasegate
Weather,720,CrossBranchPhaseGate,2036,0.34306,0.338426,parallel_run_20260503_131828,kbs_fullabl16_crossbranchphasegate_weather_pl720_seed2036,frwkv_crossbranchphasegate
Weather,720,CrossBranchPhaseGate,2037,0.343464,0.336291,parallel_run_20260503_131828,kbs_fullabl16_crossbranchphasegate_weather_pl720_seed2037,frwkv_crossbranchphasegate
Weather,720,CrossBranchPhaseGate,2038,0.343438,0.336676,parallel_run_20260503_131828,kbs_fullabl16_crossbranchphasegate_weather_pl720_seed2038,frwkv_crossbranchphasegate
Weather,720,CrossBranchPhaseGate,2039,0.342125,0.335552,parallel_run_20260503_131828,kbs_fullabl16_crossbranchphasegate_weather_pl720_seed2039,frwkv_crossbranchphasegate
Weather,720,FRWKV,2024,0.345436,0.338944,parallel_run_20260503_131828,kbs_fullabl16_frwkv_weather_pl720_seed2024,frwkv
Weather,720,FRWKV,2025,0.344506,0.337339,parallel_run_20260503_131828,kbs_fullabl16_frwkv_weather_pl720_seed2025,frwkv
Weather,720,FRWKV,2026,0.344031,0.337199,parallel_run_20260503_131828,kbs_fullabl16_frwkv_weather_pl720_seed2026,frwkv
Weather,720,FRWKV,2027,0.344147,0.33739,parallel_run_20260503_131828,kbs_fullabl16_frwkv_weather_pl720_seed2027,frwkv
Weather,720,FRWKV,2028,0.341823,0.335278,parallel_run_20260503_131828,kbs_fullabl16_frwkv_weather_pl720_seed2028,frwkv
Weather,720,FRWKV,2029,0.343783,0.3378,parallel_run_20260503_131828,kbs_fullabl16_frwkv_weather_pl720_seed2029,frwkv
Weather,720,FRWKV,2030,0.344974,0.337673,parallel_run_20260503_131828,kbs_fullabl16_frwkv_weather_pl720_seed2030,frwkv
Weather,720,FRWKV,2031,0.344863,0.336601,parallel_run_20260503_131828,kbs_fullabl16_frwkv_weather_pl720_seed2031,frwkv
Weather,720,FRWKV,2032,0.342312,0.335866,parallel_run_20260503_131828,kbs_fullabl16_frwkv_weather_pl720_seed2032,frwkv
Weather,720,FRWKV,2033,0.349935,0.340864,parallel_run_20260503_131828,kbs_fullabl16_frwkv_weather_pl720_seed2033,frwkv
Weather,720,FRWKV,2034,0.343296,0.335873,parallel_run_20260503_131828,kbs_fullabl16_frwkv_weather_pl720_seed2034,frwkv
Weather,720,FRWKV,2035,0.343227,0.336564,parallel_run_20260503_131828,kbs_fullabl16_frwkv_weather_pl720_seed2035,frwkv
Weather,720,FRWKV,2036,0.342685,0.336529,parallel_run_20260503_131828,kbs_fullabl16_frwkv_weather_pl720_seed2036,frwkv
Weather,720,FRWKV,2037,0.348551,0.339657,parallel_run_20260503_131828,kbs_fullabl16_frwkv_weather_pl720_seed2037,frwkv
Weather,720,FRWKV,2038,0.343732,0.338039,parallel_run_20260503_131828,kbs_fullabl16_frwkv_weather_pl720_seed2038,frwkv
Weather,720,FRWKV,2039,0.34646,0.338398,parallel_run_20260503_131828,kbs_fullabl16_frwkv_weather_pl720_seed2039,frwkv
Weather,720,FullContextDelta,2024,0.343436,0.337081,parallel_run_20260508_212616,kbs_fullctxdelta16_fullctxdelta_weather_pl720_seed2024,frwkv_crossbranchphasegate_fullcontextdelta
Weather,720,FullContextDelta,2025,0.351584,0.340017,parallel_run_20260508_212616,kbs_fullctxdelta16_fullctxdelta_weather_pl720_seed2025,frwkv_crossbranchphasegate_fullcontextdelta
Weather,720,FullContextDelta,2026,0.345565,0.337548,parallel_run_20260508_212616,kbs_fullctxdelta16_fullctxdelta_weather_pl720_seed2026,frwkv_crossbranchphasegate_fullcontextdelta
Weather,720,FullContextDelta,2027,0.343316,0.336682,parallel_run_20260508_212616,kbs_fullctxdelta16_fullctxdelta_weather_pl720_seed2027,frwkv_crossbranchphasegate_fullcontextdelta
Weather,720,FullContextDelta,2028,0.344149,0.337303,parallel_run_20260508_212616,kbs_fullctxdelta16_fullctxdelta_weather_pl720_seed2028,frwkv_crossbranchphasegate_fullcontextdelta
Weather,720,FullContextDelta,2029,0.344024,0.337097,parallel_run_20260508_212616,kbs_fullctxdelta16_fullctxdelta_weather_pl720_seed2029,frwkv_crossbranchphasegate_fullcontextdelta
Weather,720,FullContextDelta,2030,0.346746,0.338867,parallel_run_20260508_212616,kbs_fullctxdelta16_fullctxdelta_weather_pl720_seed2030,frwkv_crossbranchphasegate_fullcontextdelta
Weather,720,FullContextDelta,2031,0.347429,0.339143,parallel_run_20260508_212616,kbs_fullctxdelta16_fullctxdelta_weather_pl720_seed2031,frwkv_crossbranchphasegate_fullcontextdelta
Weather,720,FullContextDelta,2032,0.347039,0.339898,parallel_run_20260508_212616,kbs_fullctxdelta16_fullctxdelta_weather_pl720_seed2032,frwkv_crossbranchphasegate_fullcontextdelta
Weather,720,FullContextDelta,2033,0.345194,0.338865,parallel_run_20260508_212616,kbs_fullctxdelta16_fullctxdelta_weather_pl720_seed2033,frwkv_crossbranchphasegate_fullcontextdelta
Weather,720,FullContextDelta,2034,0.344506,0.337877,parallel_run_20260508_212616,kbs_fullctxdelta16_fullctxdelta_weather_pl720_seed2034,frwkv_crossbranchphasegate_fullcontextdelta
Weather,720,FullContextDelta,2035,0.34637,0.338133,parallel_run_20260508_212616,kbs_fullctxdelta16_fullctxdelta_weather_pl720_seed2035,frwkv_crossbranchphasegate_fullcontextdelta
Weather,720,FullContextDelta,2036,0.342769,0.335825,parallel_run_20260508_212616,kbs_fullctxdelta16_fullctxdelta_weather_pl720_seed2036,frwkv_crossbranchphasegate_fullcontextdelta
Weather,720,FullContextDelta,2037,0.348635,0.340389,parallel_run_20260508_212616,kbs_fullctxdelta16_fullctxdelta_weather_pl720_seed2037,frwkv_crossbranchphasegate_fullcontextdelta
Weather,720,FullContextDelta,2038,0.345834,0.337494,parallel_run_20260508_212616,kbs_fullctxdelta16_fullctxdelta_weather_pl720_seed2038,frwkv_crossbranchphasegate_fullcontextdelta
Weather,720,FullContextDelta,2039,0.343052,0.336504,parallel_run_20260508_212616,kbs_fullctxdelta16_fullctxdelta_weather_pl720_seed2039,frwkv_crossbranchphasegate_fullcontextdelta
